date_kst,time_kst,home_team,away_team,home_score,away_score,venue,weather,temp,status
2024-03-29,04:05,Baltimore Orioles,Los Angeles Angels,11,3,Oriole Park at Camden Yards,Cloudy,54,Final
2024-03-29,05:10,Cincinnati Reds,Washington Nationals,8,2,Great American Ball Park,Clear,56,Final
2024-03-29,05:10,San Diego Padres,San Francisco Giants,6,4,Petco Park,Partly Cloudy,63,Final
2024-03-29,05:10,Los Angeles Dodgers,St. Louis Cardinals,7,1,Dodger Stadium,Partly Cloudy,66,Final
2024-03-29,05:10,Tampa Bay Rays,Toronto Blue Jays,2,8,Tropicana Field,Dome,72,Final
2024-03-29,05:10,Kansas City Royals,Minnesota Twins,1,4,Kauffman Stadium,Sunny,65,Final
2024-03-29,05:10,Chicago White Sox,Detroit Tigers,0,1,Guaranteed Rate Field,Partly Cloudy,50,Final
2024-03-29,05:10,Miami Marlins,Pittsburgh Pirates,5,6,loanDepot park,Roof Closed,72,Final
2024-03-29,05:10,Houston Astros,New York Yankees,4,5,Minute Maid Park,Roof Closed,73,Final
2024-03-29,08:35,Texas Rangers,Chicago Cubs,4,3,Globe Life Field,Roof Closed,74,Final
2024-03-29,11:07,Oakland Athletics,Cleveland Guardians,0,8,Oakland Coliseum,Cloudy,55,Final
2024-03-29,11:10,Arizona Diamondbacks,Colorado Rockies,16,1,Chase Field,Overcast,73,Final
2024-03-29,11:10,Seattle Mariners,Boston Red Sox,4,6,T-Mobile Park,Roof Closed,53,Final
2024-03-29,02:10,New York Mets,Milwaukee Brewers,0,0,Citi Field,Sunny,53,Final
2024-03-29,04:05,Philadelphia Phillies,Atlanta Braves,0,0,Citizens Bank Park,Sunny,56,Final
2024-03-30,02:40,New York Mets,Milwaukee Brewers,1,3,Citi Field,Sunny,53,Final
2024-03-30,04:05,Philadelphia Phillies,Atlanta Braves,3,9,Citizens Bank Park,Sunny,56,Final
2024-03-30,07:50,Tampa Bay Rays,Toronto Blue Jays,8,2,Tropicana Field,Dome,72,Final
2024-03-30,08:10,Miami Marlins,Pittsburgh Pirates,2,7,loanDepot park,Partly Cloudy,73,Final
2024-03-30,09:10,Houston Astros,New York Yankees,1,7,Minute Maid Park,Roof Closed,73,Final
2024-03-30,10:40,Arizona Diamondbacks,Colorado Rockies,7,3,Chase Field,Clear,81,Final
2024-03-30,10:40,Oakland Athletics,Cleveland Guardians,4,6,Oakland Coliseum,Partly Cloudy,54,Final
2024-03-30,10:40,Seattle Mariners,Boston Red Sox,1,0,T-Mobile Park,Clear,53,Final
2024-03-30,10:40,San Diego Padres,San Francisco Giants,3,8,Petco Park,Partly Cloudy,61,Final
2024-03-30,11:10,Los Angeles Dodgers,St. Louis Cardinals,6,3,Dodger Stadium,Cloudy,57,Final
2024-03-31,02:40,New York Mets,Milwaukee Brewers,6,7,Citi Field,Sunny,54,Final
2024-03-31,03:10,Chicago White Sox,Detroit Tigers,6,7,Guaranteed Rate Field,Partly Cloudy,61,Final
2024-03-31,05:05,Baltimore Orioles,Los Angeles Angels,13,4,Oriole Park at Camden Yards,Cloudy,68,Final
2024-03-31,05:05,Philadelphia Phillies,Atlanta Braves,4,12,Citizens Bank Park,Partly Cloudy,61,Final
2024-03-31,05:07,Oakland Athletics,Cleveland Guardians,3,12,Oakland Coliseum,Cloudy,60,Final
2024-03-31,05:10,Cincinnati Reds,Washington Nationals,6,7,Great American Ball Park,Partly Cloudy,75,Final
2024-03-31,05:10,Tampa Bay Rays,Toronto Blue Jays,5,1,Tropicana Field,Dome,72,Final
2024-03-31,05:10,Kansas City Royals,Minnesota Twins,1,5,Kauffman Stadium,Sunny,66,Final
2024-03-31,05:10,Miami Marlins,Pittsburgh Pirates,3,9,loanDepot park,Cloudy,75,Final
2024-03-31,08:05,Texas Rangers,Chicago Cubs,11,2,Globe Life Field,Roof Closed,74,Final
2024-03-31,08:15,San Diego Padres,San Francisco Giants,6,9,Petco Park,Cloudy,54,Final
2024-03-31,08:15,Houston Astros,New York Yankees,3,5,Minute Maid Park,Roof Closed,73,Final
2024-03-31,09:10,Arizona Diamondbacks,Colorado Rockies,4,9,Chase Field,Roof Closed,76,Final
2024-03-31,10:10,Los Angeles Dodgers,St. Louis Cardinals,5,6,Dodger Stadium,Cloudy,52,Final
2024-03-31,10:40,Seattle Mariners,Boston Red Sox,4,3,T-Mobile Park,Roof Closed,54,Final
2024-04-01,02:35,Baltimore Orioles,Los Angeles Angels,1,4,Oriole Park at Camden Yards,Cloudy,65,Final
2024-04-01,02:35,Philadelphia Phillies,Atlanta Braves,5,4,Citizens Bank Park,Cloudy,59,Final
2024-04-01,02:40,Cincinnati Reds,Washington Nationals,6,5,Great American Ball Park,Cloudy,58,Final
2024-04-01,02:40,Tampa Bay Rays,Toronto Blue Jays,2,9,Tropicana Field,Dome,72,Final
2024-04-01,02:40,Miami Marlins,Pittsburgh Pirates,7,9,loanDepot park,Sunny,77,Final
2024-04-01,02:40,New York Mets,Milwaukee Brewers,1,4,Citi Field,Sunny,57,Final
2024-04-01,03:10,Kansas City Royals,Minnesota Twins,11,0,Kauffman Stadium,Overcast,69,Final
2024-04-01,03:10,Chicago White Sox,Detroit Tigers,2,3,Guaranteed Rate Field,Partly Cloudy,47,Final
2024-04-01,03:10,Houston Astros,New York Yankees,3,4,Minute Maid Park,Roof Closed,73,Final
2024-04-01,03:35,Texas Rangers,Chicago Cubs,5,9,Globe Life Field,Roof Closed,74,Final
2024-04-01,05:07,Oakland Athletics,Cleveland Guardians,4,3,Oakland Coliseum,Partly Cloudy,58,Final
2024-04-01,05:10,Arizona Diamondbacks,Colorado Rockies,5,1,Chase Field,Roof Closed,74,Final
2024-04-01,05:10,Seattle Mariners,Boston Red Sox,1,5,T-Mobile Park,Sunny,52,Final
2024-04-01,05:10,San Diego Padres,San Francisco Giants,13,4,Petco Park,Partly Cloudy,60,Final
2024-04-01,08:10,Los Angeles Dodgers,St. Louis Cardinals,5,4,Dodger Stadium,Cloudy,59,Final
2024-04-02,03:10,Chicago White Sox,Atlanta Braves,0,9,Guaranteed Rate Field,Cloudy,46,Final
2024-04-02,03:20,Chicago Cubs,Colorado Rockies,5,0,Wrigley Field,Overcast,43,Final
2024-04-02,05:05,Washington Nationals,Pittsburgh Pirates,4,8,Nationals Park,Cloudy,53,Final
2024-04-02,07:35,Baltimore Orioles,Kansas City Royals,6,4,Oriole Park at Camden Yards,Overcast,57,Final
2024-04-02,07:40,Philadelphia Phillies,Cincinnati Reds,3,6,Citizens Bank Park,Cloudy,52,Final
2024-04-02,07:40,Miami Marlins,Los Angeles Angels,4,7,loanDepot park,Partly Cloudy,77,Final
2024-04-02,07:50,Tampa Bay Rays,Texas Rangers,3,9,Tropicana Field,Dome,72,Final
2024-04-02,08:10,New York Mets,Detroit Tigers,0,5,Citi Field,Cloudy,52,Final
2024-04-02,09:10,Houston Astros,Toronto Blue Jays,10,0,Minute Maid Park,Roof Closed,73,Final
2024-04-02,10:40,Oakland Athletics,Boston Red Sox,0,9,Oakland Coliseum,Clear,64,Final
2024-04-02,10:40,Seattle Mariners,Cleveland Guardians,5,4,T-Mobile Park,Clear,61,Final
2024-04-02,10:40,San Diego Padres,St. Louis Cardinals,2,6,Petco Park,Clear,61,Final
2024-04-02,10:40,Arizona Diamondbacks,New York Yankees,2,5,Chase Field,Roof Closed,72,Final
2024-04-02,11:10,Los Angeles Dodgers,San Francisco Giants,8,3,Dodger Stadium,Clear,64,Final
2024-04-03,05:10,Milwaukee Brewers,Minnesota Twins,3,2,American Family Field,Roof Closed,64,Final
2024-04-03,07:35,Baltimore Orioles,Kansas City Royals,1,4,Oriole Park at Camden Yards,Cloudy,52,Final
2024-04-03,07:40,Philadelphia Phillies,Cincinnati Reds,9,4,Citizens Bank Park,Drizzle,46,Final
2024-04-03,07:40,Miami Marlins,Los Angeles Angels,1,3,loanDepot park,Partly Cloudy,79,Final
2024-04-03,07:50,Tampa Bay Rays,Texas Rangers,5,2,Tropicana Field,Dome,72,Final
2024-04-03,08:40,Chicago Cubs,Colorado Rockies,12,2,Wrigley Field,Overcast,42,Final
2024-04-03,08:40,Chicago White Sox,Atlanta Braves,3,2,Guaranteed Rate Field,Overcast,44,Final
2024-04-03,09:10,Houston Astros,Toronto Blue Jays,1,2,Minute Maid Park,Roof Closed,73,Final
2024-04-03,10:40,Oakland Athletics,Boston Red Sox,4,5,Oakland Coliseum,Clear,64,Final
2024-04-03,10:40,Seattle Mariners,Cleveland Guardians,2,5,T-Mobile Park,Partly Cloudy,63,Final
2024-04-03,10:40,San Diego Padres,St. Louis Cardinals,2,5,Petco Park,Clear,66,Final
2024-04-03,10:40,Arizona Diamondbacks,New York Yankees,7,0,Chase Field,Clear,72,Final
2024-04-03,11:10,Los Angeles Dodgers,San Francisco Giants,5,4,Dodger Stadium,Clear,66,Final
2024-04-03,08:10,New York Mets,Detroit Tigers,0,0,Citi Field,Cloudy,43,Final
2024-04-04,02:05,Baltimore Orioles,Kansas City Royals,4,3,Oriole Park at Camden Yards,Drizzle,46,Final
2024-04-04,02:10,Tampa Bay Rays,Texas Rangers,1,4,Tropicana Field,Dome,72,Final
2024-04-04,02:10,Miami Marlins,Los Angeles Angels,2,10,loanDepot park,Roof Closed,72,Final
2024-04-04,02:10,Milwaukee Brewers,Minnesota Twins,3,7,American Family Field,Roof Closed,64,Final
2024-04-04,04:37,Oakland Athletics,Boston Red Sox,0,1,Oakland Coliseum,Cloudy,56,Final
2024-04-04,04:40,Arizona Diamondbacks,New York Yankees,5,6,Chase Field,Sunny,77,Final
2024-04-04,05:05,Philadelphia Phillies,Cincinnati Reds,1,4,Citizens Bank Park,Cloudy,48,Final
2024-04-04,05:10,Seattle Mariners,Cleveland Guardians,0,8,T-Mobile Park,Partly Cloudy,52,Final
2024-04-04,05:10,San Diego Padres,St. Louis Cardinals,3,2,Petco Park,Sunny,69,Final
2024-04-04,07:45,Washington Nationals,Pittsburgh Pirates,5,3,Nationals Park,Overcast,52,Final
2024-04-04,08:40,Chicago Cubs,Colorado Rockies,9,8,Wrigley Field,Cloudy,36,Final
2024-04-04,09:10,Houston Astros,Toronto Blue Jays,8,0,Minute Maid Park,Roof Closed,73,Final
2024-04-04,11:10,Los Angeles Dodgers,San Francisco Giants,5,4,Dodger Stadium,Clear,63,Final
2024-04-04,03:10,Chicago White Sox,Atlanta Braves,0,0,Guaranteed Rate Field,Sunny,70,Final
2024-04-04,08:10,New York Mets,Detroit Tigers,0,0,Citi Field,Partly Cloudy,47,Final
2024-04-05,01:10,New York Mets,Detroit Tigers,3,6,Citi Field,Cloudy,43,Final
2024-04-05,01:15,New York Mets,Detroit Tigers,2,1,Citi Field,Partly Cloudy,47,Final
2024-04-05,05:05,Washington Nationals,Pittsburgh Pirates,4,7,Nationals Park,Partly Cloudy,46,Final
2024-04-05,05:10,Minnesota Twins,Cleveland Guardians,2,4,Target Field,Partly Cloudy,48,Final
2024-04-05,05:15,St. Louis Cardinals,Miami Marlins,8,5,Busch Stadium,Overcast,49,Final
2024-04-05,08:40,Kansas City Royals,Chicago White Sox,10,1,Kauffman Stadium,Clear,60,Final
2024-04-06,02:05,New York Yankees,Toronto Blue Jays,0,3,Yankee Stadium,Partly Cloudy,46,Final
2024-04-06,02:10,Detroit Tigers,Oakland Athletics,5,4,Comerica Park,Partly Cloudy,43,Final
2024-04-06,03:20,Chicago Cubs,Los Angeles Dodgers,9,7,Wrigley Field,Partly Cloudy,43,Final
2024-04-06,05:10,Colorado Rockies,Tampa Bay Rays,10,7,Coors Field,Partly Cloudy,75,Final
2024-04-06,05:12,Pittsburgh Pirates,Baltimore Orioles,2,5,PNC Park,Cloudy,40,Final
2024-04-06,05:35,San Francisco Giants,San Diego Padres,3,2,Oracle Park,Partly Cloudy,54,Final
2024-04-06,07:40,Cincinnati Reds,New York Mets,2,3,Great American Ball Park,Cloudy,46,Final
2024-04-06,07:45,Washington Nationals,Philadelphia Phillies,0,4,Nationals Park,Partly Cloudy,48,Final
2024-04-06,08:20,Atlanta Braves,Arizona Diamondbacks,6,5,Truist Park,Clear,59,Final
2024-04-06,08:40,Kansas City Royals,Chicago White Sox,2,1,Kauffman Stadium,Clear,63,Final
2024-04-06,09:05,Texas Rangers,Houston Astros,10,2,Globe Life Field,Cloudy,83,Final
2024-04-06,09:10,Milwaukee Brewers,Seattle Mariners,6,5,American Family Field,Roof Closed,46,Final
2024-04-06,10:38,Los Angeles Angels,Boston Red Sox,6,8,Angel Stadium,Partly Cloudy,54,Final
2024-04-07,02:10,Detroit Tigers,Oakland Athletics,0,4,Comerica Park,Sunny,55,Final
2024-04-07,03:10,Minnesota Twins,Cleveland Guardians,1,3,Target Field,Sunny,55,Final
2024-04-07,03:15,St. Louis Cardinals,Miami Marlins,3,1,Busch Stadium,Partly Cloudy,57,Final
2024-04-07,05:05,Chicago Cubs,Los Angeles Dodgers,1,4,Wrigley Field,Sunny,46,Final
2024-04-07,05:05,Pittsburgh Pirates,Baltimore Orioles,5,4,PNC Park,Cloudy,51,Final
2024-04-07,05:05,Washington Nationals,Philadelphia Phillies,2,5,Nationals Park,Overcast,53,Final
2024-04-07,05:10,Cincinnati Reds,New York Mets,9,6,Great American Ball Park,Partly Cloudy,57,Final
2024-04-07,08:05,Texas Rangers,Houston Astros,7,2,Globe Life Field,Roof Closed,74,Final
2024-04-07,08:05,New York Yankees,Toronto Blue Jays,9,8,Yankee Stadium,Cloudy,50,Final
2024-04-07,08:10,Kansas City Royals,Chicago White Sox,3,0,Kauffman Stadium,Clear,71,Final
2024-04-07,08:10,Milwaukee Brewers,Seattle Mariners,3,5,American Family Field,Roof Closed,65,Final
2024-04-07,08:20,Atlanta Braves,Arizona Diamondbacks,9,8,Truist Park,Partly Cloudy,63,Final
2024-04-07,09:10,Colorado Rockies,Tampa Bay Rays,6,8,Coors Field,Cloudy,46,Final
2024-04-07,10:05,San Francisco Giants,San Diego Padres,0,4,Oracle Park,Partly Cloudy,55,Final
2024-04-07,10:38,Los Angeles Angels,Boston Red Sox,2,1,Angel Stadium,Clear,61,Final
2024-04-08,02:35,Pittsburgh Pirates,Baltimore Orioles,3,2,PNC Park,Sunny,54,Final
2024-04-08,02:35,Washington Nationals,Philadelphia Phillies,3,2,Nationals Park,Partly Cloudy,59,Final
2024-04-08,02:35,Atlanta Braves,Arizona Diamondbacks,5,2,Truist Park,Sunny,65,Final
2024-04-08,02:35,New York Yankees,Toronto Blue Jays,8,3,Yankee Stadium,Partly Cloudy,52,Final
2024-04-08,02:40,Cincinnati Reds,New York Mets,1,3,Great American Ball Park,Sunny,60,Final
2024-04-08,02:40,Detroit Tigers,Oakland Athletics,1,7,Comerica Park,Sunny,55,Final
2024-04-08,03:10,Kansas City Royals,Chicago White Sox,5,3,Kauffman Stadium,Sunny,63,Final
2024-04-08,03:10,Milwaukee Brewers,Seattle Mariners,12,4,American Family Field,Roof Closed,64,Final
2024-04-08,03:15,St. Louis Cardinals,Miami Marlins,3,10,Busch Stadium,Cloudy,63,Final
2024-04-08,03:20,Chicago Cubs,Los Angeles Dodgers,8,1,Wrigley Field,Overcast,47,Final
2024-04-08,04:10,Colorado Rockies,Tampa Bay Rays,2,3,Coors Field,Sunny,52,Final
2024-04-08,05:05,San Francisco Giants,San Diego Padres,3,2,Oracle Park,Partly Cloudy,59,Final
2024-04-08,05:07,Los Angeles Angels,Boston Red Sox,2,12,Angel Stadium,Partly Cloudy,66,Final
2024-04-08,08:10,Texas Rangers,Houston Astros,1,3,Globe Life Field,Clear,79,Final
2024-04-08,03:10,Minnesota Twins,Cleveland Guardians,0,0,Target Field,Partly Cloudy,67,Final
2024-04-09,06:10,Cleveland Guardians,Chicago White Sox,4,0,Progressive Field,Partly Cloudy,63,Final
2024-04-09,07:05,New York Yankees,Miami Marlins,7,0,Yankee Stadium,Overcast,60,Final
2024-04-09,07:40,Pittsburgh Pirates,Detroit Tigers,7,4,PNC Park,Cloudy,74,Final
2024-04-09,07:40,Cincinnati Reds,Milwaukee Brewers,10,8,Great American Ball Park,Cloudy,74,Final
2024-04-09,08:07,Toronto Blue Jays,Seattle Mariners,5,2,Rogers Centre,Roof Closed,68,Final
2024-04-09,08:20,Atlanta Braves,New York Mets,7,8,Truist Park,Cloudy,73,Final
2024-04-09,08:40,Minnesota Twins,Los Angeles Dodgers,2,4,Target Field,Partly Cloudy,49,Final
2024-04-09,08:45,St. Louis Cardinals,Philadelphia Phillies,3,5,Busch Stadium,Clear,76,Final
2024-04-09,09:05,Texas Rangers,Houston Astros,5,10,Globe Life Field,Roof Closed,74,Final
2024-04-09,09:40,Colorado Rockies,Arizona Diamondbacks,7,5,Coors Field,Clear,57,Final
2024-04-09,10:38,Los Angeles Angels,Tampa Bay Rays,7,1,Angel Stadium,Clear,70,Final
2024-04-09,10:40,San Diego Padres,Chicago Cubs,9,8,Petco Park,Clear,61,Final
2024-04-09,10:45,San Francisco Giants,Washington Nationals,1,8,Oracle Park,Clear,62,Final
2024-04-10,01:35,Pittsburgh Pirates,Detroit Tigers,3,5,PNC Park,Partly Cloudy,72,Final
2024-04-10,03:10,Boston Red Sox,Baltimore Orioles,1,7,Fenway Park,Sunny,57,Final
2024-04-10,07:10,Cleveland Guardians,Chicago White Sox,5,7,Progressive Field,Cloudy,75,Final
2024-04-10,07:40,Cincinnati Reds,Milwaukee Brewers,5,9,Great American Ball Park,Overcast,63,Final
2024-04-10,08:05,New York Yankees,Miami Marlins,3,2,Yankee Stadium,Partly Cloudy,65,Final
2024-04-10,08:07,Toronto Blue Jays,Seattle Mariners,5,3,Rogers Centre,Roof Closed,68,Final
2024-04-10,08:20,Atlanta Braves,New York Mets,6,5,Truist Park,Drizzle,58,Final
2024-04-10,08:40,Kansas City Royals,Houston Astros,4,3,Kauffman Stadium,Clear,66,Final
2024-04-10,08:40,Minnesota Twins,Los Angeles Dodgers,3,6,Target Field,Partly Cloudy,60,Final
2024-04-10,08:45,St. Louis Cardinals,Philadelphia Phillies,3,0,Busch Stadium,Cloudy,68,Final
2024-04-10,09:05,Texas Rangers,Oakland Athletics,3,4,Globe Life Field,Roof Closed,74,Final
2024-04-10,09:40,Colorado Rockies,Arizona Diamondbacks,2,3,Coors Field,Partly Cloudy,61,Final
2024-04-10,10:38,Los Angeles Angels,Tampa Bay Rays,4,6,Angel Stadium,Clear,77,Final
2024-04-10,10:45,San Francisco Giants,Washington Nationals,3,5,Oracle Park,Clear,63,Final
2024-04-10,11:05,San Diego Padres,Chicago Cubs,1,5,Petco Park,Clear,68,Final
2024-04-11,02:10,Minnesota Twins,Los Angeles Dodgers,3,2,Target Field,Sunny,60,Final
2024-04-11,02:15,St. Louis Cardinals,Philadelphia Phillies,3,4,Busch Stadium,Drizzle,57,Final
2024-04-11,04:07,Toronto Blue Jays,Seattle Mariners,1,6,Rogers Centre,Roof Closed,68,Final
2024-04-11,04:10,Colorado Rockies,Arizona Diamondbacks,3,5,Coors Field,Cloudy,56,Final
2024-04-11,04:45,San Francisco Giants,Washington Nationals,7,1,Oracle Park,Partly Cloudy,65,Final
2024-04-11,05:07,Los Angeles Angels,Tampa Bay Rays,2,4,Angel Stadium,Sunny,80,Final
2024-04-11,07:10,Cleveland Guardians,Chicago White Sox,7,6,Progressive Field,Cloudy,55,Final
2024-04-11,07:40,San Diego Padres,Chicago Cubs,10,2,Petco Park,Sunny,71,Final
2024-04-11,07:40,Cincinnati Reds,Milwaukee Brewers,2,7,Great American Ball Park,Rain,61,Final
2024-04-11,08:05,New York Yankees,Miami Marlins,2,5,Yankee Stadium,Overcast,57,Final
2024-04-11,08:10,Boston Red Sox,Baltimore Orioles,5,7,Fenway Park,Partly Cloudy,59,Final
2024-04-11,08:40,Kansas City Royals,Houston Astros,11,2,Kauffman Stadium,Cloudy,63,Final
2024-04-11,09:05,Texas Rangers,Oakland Athletics,6,2,Globe Life Field,Roof Closed,74,Final
2024-04-11,08:20,Atlanta Braves,New York Mets,0,0,Truist Park,Overcast,73,Final
2024-04-12,01:20,Atlanta Braves,New York Mets,4,16,Truist Park,Partly Cloudy,72,Final
2024-04-12,03:10,Kansas City Royals,Houston Astros,13,3,Kauffman Stadium,Sunny,61,Final
2024-04-12,03:35,Texas Rangers,Oakland Athletics,0,1,Globe Life Field,Roof Closed,74,Final
2024-04-12,07:40,Philadelphia Phillies,Pittsburgh Pirates,5,1,Citizens Bank Park,Cloudy,64,Final
2024-04-12,08:10,Boston Red Sox,Baltimore Orioles,4,9,Fenway Park,Cloudy,50,Final
2024-04-12,02:10,Detroit Tigers,Minnesota Twins,0,0,Comerica Park,Clear,64,Final
2024-04-12,02:10,Cincinnati Reds,Milwaukee Brewers,0,0,Great American Ball Park,Sunny,92,Final
2024-04-13,07:40,Detroit Tigers,Minnesota Twins,8,2,Comerica Park,Cloudy,50,Final
2024-04-13,07:40,Philadelphia Phillies,Pittsburgh Pirates,2,5,Citizens Bank Park,Cloudy,64,Final
2024-04-13,07:50,Tampa Bay Rays,San Francisco Giants,2,1,Tropicana Field,Dome,72,Final
2024-04-13,08:05,Baltimore Orioles,Milwaukee Brewers,1,11,Oriole Park at Camden Yards,Cloudy,62,Final
2024-04-13,08:07,Toronto Blue Jays,Colorado Rockies,4,12,Rogers Centre,Roof Closed,68,Final
2024-04-13,08:10,Boston Red Sox,Los Angeles Angels,0,7,Fenway Park,Partly Cloudy,54,Final
2024-04-13,08:10,New York Mets,Kansas City Royals,6,1,Citi Field,Partly Cloudy,60,Final
2024-04-13,08:10,Miami Marlins,Atlanta Braves,1,8,loanDepot park,Clear,77,Final
2024-04-13,08:40,Chicago White Sox,Cincinnati Reds,1,11,Guaranteed Rate Field,Cloudy,54,Final
2024-04-13,09:10,Houston Astros,Texas Rangers,8,12,Minute Maid Park,Roof Closed,73,Final
2024-04-13,10:40,Oakland Athletics,Washington Nationals,2,1,Oakland Coliseum,Cloudy,60,Final
2024-04-13,10:40,Seattle Mariners,Chicago Cubs,4,2,T-Mobile Park,Clear,53,Final
2024-04-13,10:40,Arizona Diamondbacks,St. Louis Cardinals,6,9,Chase Field,Clear,86,Final
2024-04-13,11:10,Los Angeles Dodgers,San Diego Padres,7,8,Dodger Stadium,Overcast,59,Final
2024-04-13,08:10,Cleveland Guardians,New York Yankees,0,0,Progressive Field,Sunny,49,Final
2024-04-14,01:10,Cleveland Guardians,New York Yankees,2,3,Progressive Field,Sunny,49,Final
2024-04-14,07:10,Cleveland Guardians,New York Yankees,2,8,Progressive Field,Clear,56,Final
2024-04-14,02:10,Detroit Tigers,Minnesota Twins,5,11,Comerica Park,Sunny,57,Final
2024-04-14,02:15,Detroit Tigers,Minnesota Twins,1,4,Comerica Park,Clear,64,Final
2024-04-14,02:40,New York Mets,Kansas City Royals,7,11,Citi Field,Cloudy,51,Final
2024-04-14,03:10,Chicago White Sox,Cincinnati Reds,0,5,Guaranteed Rate Field,Sunny,62,Final
2024-04-14,04:07,Toronto Blue Jays,Colorado Rockies,5,3,Rogers Centre,Roof Closed,68,Final
2024-04-14,05:05,Houston Astros,Texas Rangers,9,2,Minute Maid Park,Roof Closed,73,Final
2024-04-14,05:05,Philadelphia Phillies,Pittsburgh Pirates,4,3,Citizens Bank Park,Partly Cloudy,60,Final
2024-04-14,05:05,Baltimore Orioles,Milwaukee Brewers,5,11,Oriole Park at Camden Yards,Partly Cloudy,66,Final
2024-04-14,05:07,Oakland Athletics,Washington Nationals,1,3,Oakland Coliseum,Overcast,53,Final
2024-04-14,05:10,Boston Red Sox,Los Angeles Angels,7,2,Fenway Park,Cloudy,54,Final
2024-04-14,05:10,Tampa Bay Rays,San Francisco Giants,2,11,Tropicana Field,Dome,72,Final
2024-04-14,05:10,Miami Marlins,Atlanta Braves,5,1,loanDepot park,Sunny,81,Final
2024-04-14,09:10,Arizona Diamondbacks,St. Louis Cardinals,4,2,Chase Field,Clear,87,Final
2024-04-14,10:10,Los Angeles Dodgers,San Diego Padres,5,2,Dodger Stadium,Rain,48,Final
2024-04-14,10:40,Seattle Mariners,Chicago Cubs,1,4,T-Mobile Park,Clear,57,Final
2024-04-15,02:35,Boston Red Sox,Los Angeles Angels,5,4,Fenway Park,Sunny,59,Final
2024-04-15,02:35,Philadelphia Phillies,Pittsburgh Pirates,2,9,Citizens Bank Park,Sunny,71,Final
2024-04-15,02:35,Baltimore Orioles,Milwaukee Brewers,6,4,Oriole Park at Camden Yards,Sunny,81,Final
2024-04-15,02:37,Toronto Blue Jays,Colorado Rockies,5,0,Rogers Centre,Roof Closed,68,Final
2024-04-15,02:40,New York Mets,Kansas City Royals,2,1,Citi Field,Sunny,67,Final
2024-04-15,02:40,Tampa Bay Rays,San Francisco Giants,9,4,Tropicana Field,Dome,72,Final
2024-04-15,02:40,Detroit Tigers,Minnesota Twins,4,3,Comerica Park,Sunny,78,Final
2024-04-15,02:40,Miami Marlins,Atlanta Braves,7,9,loanDepot park,Partly Cloudy,80,Final
2024-04-15,02:40,Cleveland Guardians,New York Yankees,8,7,Progressive Field,Sunny,71,Final
2024-04-15,03:10,Houston Astros,Texas Rangers,8,5,Minute Maid Park,Roof Closed,73,Final
2024-04-15,03:10,Chicago White Sox,Cincinnati Reds,4,11,Guaranteed Rate Field,Partly Cloudy,78,Final
2024-04-15,05:07,Oakland Athletics,Washington Nationals,7,6,Oakland Coliseum,Cloudy,57,Final
2024-04-15,05:10,Seattle Mariners,Chicago Cubs,2,3,T-Mobile Park,Sunny,54,Final
2024-04-15,05:10,Arizona Diamondbacks,St. Louis Cardinals,5,0,Chase Field,Roof Closed,78,Final
2024-04-15,08:10,Los Angeles Dodgers,San Diego Padres,3,6,Dodger Stadium,Overcast,55,Final
2024-04-16,00:10,Boston Red Sox,Cleveland Guardians,0,6,Fenway Park,Partly Cloudy,60,Final
2024-04-16,07:35,Baltimore Orioles,Minnesota Twins,7,4,Oriole Park at Camden Yards,Partly Cloudy,80,Final
2024-04-16,07:40,Detroit Tigers,Texas Rangers,0,1,Comerica Park,Clear,64,Final
2024-04-16,07:40,Philadelphia Phillies,Colorado Rockies,2,1,Citizens Bank Park,Partly Cloudy,77,Final
2024-04-16,07:40,Miami Marlins,San Francisco Giants,3,4,loanDepot park,Partly Cloudy,76,Final
2024-04-16,07:50,Tampa Bay Rays,Los Angeles Angels,3,7,Tropicana Field,Dome,72,Final
2024-04-16,08:07,Toronto Blue Jays,New York Yankees,3,1,Rogers Centre,Roof Closed,68,Final
2024-04-16,08:10,New York Mets,Pittsburgh Pirates,6,3,Citi Field,Partly Cloudy,72,Final
2024-04-16,08:40,Chicago White Sox,Kansas City Royals,0,2,Guaranteed Rate Field,Clear,65,Final
2024-04-16,08:40,Milwaukee Brewers,San Diego Padres,3,7,American Family Field,Roof Closed,71,Final
2024-04-16,09:10,Houston Astros,Atlanta Braves,1,6,Minute Maid Park,Roof Closed,73,Final
2024-04-16,10:40,Arizona Diamondbacks,Chicago Cubs,2,3,Chase Field,Clear,75,Final
2024-04-16,10:40,Oakland Athletics,St. Louis Cardinals,1,3,Oakland Coliseum,Partly Cloudy,61,Final
2024-04-16,10:42,Seattle Mariners,Cincinnati Reds,9,3,T-Mobile Park,Roof Closed,50,Final
2024-04-16,11:10,Los Angeles Dodgers,Washington Nationals,4,6,Dodger Stadium,Clear,62,Final
2024-04-17,02:10,Detroit Tigers,Texas Rangers,4,2,Comerica Park,Sunny,64,Final
2024-04-17,07:35,Baltimore Orioles,Minnesota Twins,11,3,Oriole Park at Camden Yards,Clear,71,Final
2024-04-17,07:40,Philadelphia Phillies,Colorado Rockies,5,0,Citizens Bank Park,Clear,72,Final
2024-04-17,07:40,Miami Marlins,San Francisco Giants,6,3,loanDepot park,Partly Cloudy,78,Final
2024-04-17,07:50,Tampa Bay Rays,Los Angeles Angels,7,6,Tropicana Field,Dome,72,Final
2024-04-17,08:07,Toronto Blue Jays,New York Yankees,5,4,Rogers Centre,Roof Closed,68,Final
2024-04-17,08:10,Boston Red Sox,Cleveland Guardians,7,10,Fenway Park,Partly Cloudy,64,Final
2024-04-17,08:10,New York Mets,Pittsburgh Pirates,3,1,Citi Field,Clear,67,Final
2024-04-17,08:40,Milwaukee Brewers,San Diego Padres,3,6,American Family Field,Roof Closed,56,Final
2024-04-17,09:10,Houston Astros,Atlanta Braves,2,6,Minute Maid Park,Roof Closed,73,Final
2024-04-17,10:40,Arizona Diamondbacks,Chicago Cubs,12,11,Chase Field,Clear,83,Final
2024-04-17,10:40,Seattle Mariners,Cincinnati Reds,3,1,T-Mobile Park,Clear,51,Final
2024-04-17,10:40,Oakland Athletics,St. Louis Cardinals,2,3,Oakland Coliseum,Partly Cloudy,68,Final
2024-04-17,11:10,Los Angeles Dodgers,Washington Nationals,6,2,Dodger Stadium,Clear,68,Final
2024-04-17,08:40,Chicago White Sox,Kansas City Royals,0,0,Guaranteed Rate Field,Cloudy,61,Final
2024-04-18,01:10,Miami Marlins,San Francisco Giants,1,3,loanDepot park,Roof Closed,72,Final
2024-04-18,02:05,Baltimore Orioles,Minnesota Twins,4,2,Oriole Park at Camden Yards,Cloudy,68,Final
2024-04-18,02:10,New York Mets,Pittsburgh Pirates,9,1,Citi Field,Cloudy,60,Final
2024-04-18,02:10,Detroit Tigers,Texas Rangers,4,5,Comerica Park,Cloudy,69,Final
2024-04-18,02:10,Milwaukee Brewers,San Diego Padres,1,0,American Family Field,Roof Closed,66,Final
2024-04-18,03:10,Houston Astros,Atlanta Braves,4,5,Minute Maid Park,Roof Closed,73,Final
2024-04-18,03:10,Chicago White Sox,Kansas City Royals,2,4,Guaranteed Rate Field,Cloudy,62,Final
2024-04-18,03:15,Chicago White Sox,Kansas City Royals,2,1,Guaranteed Rate Field,Cloudy,61,Final
2024-04-18,04:07,Toronto Blue Jays,New York Yankees,4,6,Rogers Centre,Roof Closed,68,Final
2024-04-18,04:10,Los Angeles Dodgers,Washington Nationals,0,2,Dodger Stadium,Partly Cloudy,75,Final
2024-04-18,04:37,Oakland Athletics,St. Louis Cardinals,6,3,Oakland Coliseum,Partly Cloudy,68,Final
2024-04-18,04:40,Arizona Diamondbacks,Chicago Cubs,3,5,Chase Field,Roof Closed,75,Final
2024-04-18,05:10,Seattle Mariners,Cincinnati Reds,5,1,T-Mobile Park,Partly Cloudy,51,Final
2024-04-18,07:05,Philadelphia Phillies,Colorado Rockies,7,6,Citizens Bank Park,Cloudy,60,Final
2024-04-18,07:50,Tampa Bay Rays,Los Angeles Angels,4,5,Tropicana Field,Dome,72,Final
2024-04-18,08:10,Boston Red Sox,Cleveland Guardians,2,0,Fenway Park,Cloudy,51,Final
2024-04-19,02:10,Tampa Bay Rays,Los Angeles Angels,2,1,Tropicana Field,Dome,72,Final
2024-04-19,02:10,Detroit Tigers,Texas Rangers,7,9,Comerica Park,Sunny,62,Final
2024-04-19,02:35,Boston Red Sox,Cleveland Guardians,4,5,Fenway Park,Cloudy,48,Final
2024-04-19,10:45,San Francisco Giants,Arizona Diamondbacks,5,0,Oracle Park,Partly Cloudy,57,Final
2024-04-19,08:40,Chicago Cubs,Miami Marlins,0,0,Wrigley Field,Overcast,42,Final
2024-04-20,03:20,Chicago Cubs,Miami Marlins,8,3,Wrigley Field,Sunny,55,Final
2024-04-20,07:40,Cincinnati Reds,Los Angeles Angels,7,1,Great American Ball Park,Clear,61,Final
2024-04-20,07:40,Pittsburgh Pirates,Boston Red Sox,1,8,PNC Park,Cloudy,63,Final
2024-04-20,07:40,Philadelphia Phillies,Chicago White Sox,7,0,Citizens Bank Park,Cloudy,56,Final
2024-04-20,07:45,Washington Nationals,Houston Astros,3,5,Nationals Park,Overcast,56,Final
2024-04-20,08:05,New York Yankees,Tampa Bay Rays,5,3,Yankee Stadium,Overcast,51,Final
2024-04-20,08:10,Cleveland Guardians,Oakland Athletics,10,2,Progressive Field,Partly Cloudy,55,Final
2024-04-20,08:20,Atlanta Braves,Texas Rangers,8,3,Truist Park,Cloudy,80,Final
2024-04-20,08:40,Kansas City Royals,Baltimore Orioles,9,4,Kauffman Stadium,Partly Cloudy,59,Final
2024-04-20,09:10,Minnesota Twins,Detroit Tigers,4,5,Target Field,Overcast,38,Final
2024-04-20,09:15,St. Louis Cardinals,Milwaukee Brewers,1,2,Busch Stadium,Cloudy,58,Final
2024-04-20,10:40,San Diego Padres,Toronto Blue Jays,1,5,Petco Park,Partly Cloudy,62,Final
2024-04-20,11:10,Los Angeles Dodgers,New York Mets,4,9,Dodger Stadium,Clear,61,Final
2024-04-20,11:15,San Francisco Giants,Arizona Diamondbacks,1,17,Oracle Park,Clear,56,Final
2024-04-20,09:40,Colorado Rockies,Seattle Mariners,0,0,Coors Field,Partly Cloudy,63,Final
2024-04-21,02:05,New York Yankees,Tampa Bay Rays,0,2,Yankee Stadium,Partly Cloudy,60,Final
2024-04-21,03:10,Minnesota Twins,Detroit Tigers,4,3,Target Field,Partly Cloudy,42,Final
2024-04-21,03:15,St. Louis Cardinals,Milwaukee Brewers,5,12,Busch Stadium,Partly Cloudy,58,Final
2024-04-21,03:20,Chicago Cubs,Miami Marlins,2,3,Wrigley Field,Cloudy,46,Final
2024-04-21,08:40,Chicago Cubs,Miami Marlins,5,3,Wrigley Field,Overcast,42,Final
2024-04-21,05:05,Washington Nationals,Houston Astros,5,4,Nationals Park,Sunny,71,Final
2024-04-21,05:05,Los Angeles Dodgers,New York Mets,4,6,Dodger Stadium,Partly Cloudy,66,Final
2024-04-21,05:05,Pittsburgh Pirates,Boston Red Sox,2,4,PNC Park,Partly Cloudy,57,Final
2024-04-21,05:05,San Francisco Giants,Arizona Diamondbacks,7,3,Oracle Park,Sunny,63,Final
2024-04-21,07:05,Philadelphia Phillies,Chicago White Sox,9,5,Citizens Bank Park,Clear,68,Final
2024-04-21,07:10,Cleveland Guardians,Oakland Athletics,6,3,Progressive Field,Partly Cloudy,47,Final
2024-04-21,07:40,Cincinnati Reds,Los Angeles Angels,7,5,Great American Ball Park,Partly Cloudy,54,Final
2024-04-21,08:10,Kansas City Royals,Baltimore Orioles,7,9,Kauffman Stadium,Partly Cloudy,53,Final
2024-04-21,08:20,Atlanta Braves,Texas Rangers,5,2,Truist Park,Partly Cloudy,69,Final
2024-04-21,09:10,Colorado Rockies,Seattle Mariners,0,7,Coors Field,Overcast,33,Final
2024-04-21,09:40,San Diego Padres,Toronto Blue Jays,2,5,Petco Park,Clear,64,Final
2024-04-22,02:35,Washington Nationals,Houston Astros,6,0,Nationals Park,Cloudy,53,Final
2024-04-22,02:35,Pittsburgh Pirates,Boston Red Sox,1,6,PNC Park,Cloudy,48,Final
2024-04-22,02:35,Philadelphia Phillies,Chicago White Sox,8,2,Citizens Bank Park,Cloudy,51,Final
2024-04-22,02:35,New York Yankees,Tampa Bay Rays,5,4,Yankee Stadium,Overcast,49,Final
2024-04-22,02:40,Cincinnati Reds,Los Angeles Angels,3,0,Great American Ball Park,Cloudy,49,Final
2024-04-22,02:40,Cleveland Guardians,Oakland Athletics,6,2,Progressive Field,Cloudy,44,Final
2024-04-22,03:10,Kansas City Royals,Baltimore Orioles,0,5,Kauffman Stadium,Sunny,55,Final
2024-04-22,03:10,Minnesota Twins,Detroit Tigers,1,6,Target Field,Sunny,56,Final
2024-04-22,03:15,St. Louis Cardinals,Milwaukee Brewers,0,2,Busch Stadium,Sunny,56,Final
2024-04-22,03:20,Chicago Cubs,Miami Marlins,3,6,Wrigley Field,Sunny,55,Final
2024-04-22,04:10,Colorado Rockies,Seattle Mariners,2,1,Coors Field,Sunny,54,Final
2024-04-22,09:10,Colorado Rockies,Seattle Mariners,2,10,Coors Field,Partly Cloudy,63,Final
2024-04-22,05:05,San Francisco Giants,Arizona Diamondbacks,3,5,Oracle Park,Sunny,71,Final
2024-04-22,05:10,Los Angeles Dodgers,New York Mets,10,0,Dodger Stadium,Sunny,75,Final
2024-04-22,05:10,San Diego Padres,Toronto Blue Jays,6,3,Petco Park,Sunny,66,Final
2024-04-22,08:10,Atlanta Braves,Texas Rangers,4,6,Truist Park,Clear,58,Final
2024-04-23,02:05,New York Yankees,Oakland Athletics,0,2,Yankee Stadium,Sunny,54,Final
2024-04-23,07:40,Cincinnati Reds,Philadelphia Phillies,0,7,Great American Ball Park,Clear,63,Final
2024-04-23,07:40,Pittsburgh Pirates,Milwaukee Brewers,4,2,PNC Park,Clear,59,Final
2024-04-23,07:50,Tampa Bay Rays,Detroit Tigers,1,7,Tropicana Field,Dome,72,Final
2024-04-23,08:20,Atlanta Braves,Miami Marlins,3,0,Truist Park,Clear,62,Final
2024-04-23,08:40,Kansas City Royals,Toronto Blue Jays,3,5,Kauffman Stadium,Partly Cloudy,69,Final
2024-04-23,08:40,Minnesota Twins,Chicago White Sox,7,0,Target Field,Partly Cloudy,65,Final
2024-04-23,08:45,St. Louis Cardinals,Arizona Diamondbacks,5,3,Busch Stadium,Clear,66,Final
2024-04-23,09:40,Colorado Rockies,San Diego Padres,1,3,Coors Field,Partly Cloudy,73,Final
2024-04-23,10:38,Los Angeles Angels,Baltimore Orioles,2,4,Angel Stadium,Cloudy,59,Final
2024-04-23,10:45,San Francisco Giants,New York Mets,5,2,Oracle Park,Partly Cloudy,58,Final
2024-04-24,07:10,Cleveland Guardians,Boston Red Sox,4,1,Progressive Field,Overcast,53,Final
2024-04-24,07:40,Cincinnati Reds,Philadelphia Phillies,8,1,Great American Ball Park,Partly Cloudy,66,Final
2024-04-24,07:40,Pittsburgh Pirates,Milwaukee Brewers,2,1,PNC Park,Cloudy,65,Final
2024-04-24,07:45,Washington Nationals,Los Angeles Dodgers,1,4,Nationals Park,Clear,71,Final
2024-04-24,07:50,Tampa Bay Rays,Detroit Tigers,2,4,Tropicana Field,Dome,72,Final
2024-04-24,08:05,New York Yankees,Oakland Athletics,4,3,Yankee Stadium,Partly Cloudy,53,Final
2024-04-24,08:20,Atlanta Braves,Miami Marlins,5,0,Truist Park,Clear,71,Final
2024-04-24,08:40,Chicago Cubs,Houston Astros,7,2,Wrigley Field,Overcast,61,Final
2024-04-24,08:40,Kansas City Royals,Toronto Blue Jays,3,2,Kauffman Stadium,Unknown,73,Final
2024-04-24,08:40,Minnesota Twins,Chicago White Sox,6,5,Target Field,Partly Cloudy,52,Final
2024-04-24,08:45,St. Louis Cardinals,Arizona Diamondbacks,1,14,Busch Stadium,Overcast,56,Final
2024-04-24,09:05,Texas Rangers,Seattle Mariners,0,4,Globe Life Field,Cloudy,75,Final
2024-04-24,09:40,Colorado Rockies,San Diego Padres,7,4,Coors Field,Rain,57,Final
2024-04-24,10:38,Los Angeles Angels,Baltimore Orioles,7,4,Angel Stadium,Partly Cloudy,66,Final
2024-04-24,10:45,San Francisco Giants,New York Mets,5,1,Oracle Park,Cloudy,59,Final
2024-04-25,02:15,St. Louis Cardinals,Arizona Diamondbacks,5,1,Busch Stadium,Sunny,65,Final
2024-04-25,04:45,San Francisco Giants,New York Mets,2,8,Oracle Park,Overcast,60,Final
2024-04-25,05:07,Los Angeles Angels,Baltimore Orioles,5,6,Angel Stadium,Cloudy,67,Final
2024-04-25,07:10,Cleveland Guardians,Boston Red Sox,0,8,Progressive Field,Cloudy,43,Final
2024-04-25,07:40,Cincinnati Reds,Philadelphia Phillies,7,4,Great American Ball Park,Partly Cloudy,57,Final
2024-04-25,07:40,Pittsburgh Pirates,Milwaukee Brewers,2,3,PNC Park,Cloudy,51,Final
2024-04-25,07:45,Washington Nationals,Los Angeles Dodgers,2,11,Nationals Park,Partly Cloudy,71,Final
2024-04-25,07:50,Tampa Bay Rays,Detroit Tigers,7,5,Tropicana Field,Dome,72,Final
2024-04-25,08:05,New York Yankees,Oakland Athletics,7,3,Yankee Stadium,Clear,63,Final
2024-04-25,08:20,Atlanta Braves,Miami Marlins,4,3,Truist Park,Partly Cloudy,71,Final
2024-04-25,08:40,Chicago Cubs,Houston Astros,4,3,Wrigley Field,Clear,40,Final
2024-04-25,08:40,Kansas City Royals,Toronto Blue Jays,3,2,Kauffman Stadium,Clear,74,Final
2024-04-25,08:40,Minnesota Twins,Chicago White Sox,6,3,Target Field,Clear,59,Final
2024-04-25,09:05,Texas Rangers,Seattle Mariners,5,1,Globe Life Field,Roof Closed,74,Final
2024-04-25,09:40,Colorado Rockies,San Diego Padres,2,5,Coors Field,Partly Cloudy,73,Final
2024-04-26,01:35,Pittsburgh Pirates,Milwaukee Brewers,5,7,PNC Park,Cloudy,42,Final
2024-04-26,02:10,Cleveland Guardians,Boston Red Sox,6,4,Progressive Field,Partly Cloudy,47,Final
2024-04-26,02:10,Cincinnati Reds,Philadelphia Phillies,0,5,Great American Ball Park,Sunny,56,Final
2024-04-26,02:10,Minnesota Twins,Chicago White Sox,6,3,Target Field,Partly Cloudy,61,Final
2024-04-26,03:10,Kansas City Royals,Toronto Blue Jays,2,1,Kauffman Stadium,Cloudy,59,Final
2024-04-26,03:20,Chicago Cubs,Houston Astros,3,1,Wrigley Field,Sunny,53,Final
2024-04-26,03:35,Texas Rangers,Seattle Mariners,3,4,Globe Life Field,Roof Closed,74,Final
2024-04-26,04:10,Colorado Rockies,San Diego Padres,10,9,Coors Field,Partly Cloudy,68,Final
2024-04-26,05:05,Washington Nationals,Los Angeles Dodgers,1,2,Nationals Park,Cloudy,61,Final
2024-04-26,08:05,New York Yankees,Oakland Athletics,1,3,Yankee Stadium,Clear,51,Final
2024-04-27,02:10,Detroit Tigers,Kansas City Royals,0,8,Comerica Park,Sunny,58,Final
2024-04-27,08:05,Baltimore Orioles,Oakland Athletics,2,3,Oriole Park at Camden Yards,Clear,60,Final
2024-04-27,08:07,Toronto Blue Jays,Los Angeles Dodgers,2,12,Rogers Centre,Roof Closed,68,Final
2024-04-27,08:10,Boston Red Sox,Chicago Cubs,1,7,Fenway Park,Clear,54,Final
2024-04-27,08:10,New York Mets,St. Louis Cardinals,2,4,Citi Field,Clear,52,Final
2024-04-27,08:10,Miami Marlins,Washington Nationals,1,3,loanDepot park,Partly Cloudy,79,Final
2024-04-27,08:20,Atlanta Braves,Cleveland Guardians,6,2,Truist Park,Cloudy,78,Final
2024-04-27,08:40,Chicago White Sox,Tampa Bay Rays,9,4,Guaranteed Rate Field,Cloudy,53,Final
2024-04-27,09:05,Texas Rangers,Cincinnati Reds,2,1,Globe Life Field,Roof Closed,74,Final
2024-04-27,09:10,Milwaukee Brewers,New York Yankees,7,6,American Family Field,Roof Closed,63,Final
2024-04-27,10:38,Los Angeles Angels,Minnesota Twins,3,5,Angel Stadium,Partly Cloudy,64,Final
2024-04-27,10:40,Seattle Mariners,Arizona Diamondbacks,6,1,T-Mobile Park,Cloudy,61,Final
2024-04-27,10:40,San Diego Padres,Philadelphia Phillies,3,9,Petco Park,Cloudy,61,Final
2024-04-27,11:15,San Francisco Giants,Pittsburgh Pirates,3,0,Oracle Park,Partly Cloudy,56,Final
2024-04-28,04:07,Toronto Blue Jays,Los Angeles Dodgers,2,4,Rogers Centre,Roof Closed,68,Final
2024-04-28,05:05,Baltimore Orioles,Oakland Athletics,7,0,Oriole Park at Camden Yards,Cloudy,61,Final
2024-04-28,05:05,New York Mets,St. Louis Cardinals,4,7,Citi Field,Cloudy,57,Final
2024-04-28,05:05,Texas Rangers,Cincinnati Reds,4,8,Globe Life Field,Roof Closed,74,Final
2024-04-28,05:10,Boston Red Sox,Chicago Cubs,17,0,Fenway Park,Partly Cloudy,61,Final
2024-04-28,05:10,Miami Marlins,Washington Nationals,4,11,loanDepot park,Roof Closed,72,Final
2024-04-28,07:05,Colorado Rockies,Houston Astros,4,12,Estadio Alfredo Harp Helu,Cloudy,79,Final
2024-04-28,07:10,Detroit Tigers,Kansas City Royals,6,5,Comerica Park,Partly Cloudy,82,Final
2024-04-28,08:10,Chicago White Sox,Tampa Bay Rays,8,7,Guaranteed Rate Field,Partly Cloudy,77,Final
2024-04-28,08:10,Milwaukee Brewers,New York Yankees,3,15,American Family Field,Roof Closed,73,Final
2024-04-28,08:20,Atlanta Braves,Cleveland Guardians,2,4,Truist Park,Partly Cloudy,73,Final
2024-04-28,09:40,San Diego Padres,Philadelphia Phillies,1,5,Petco Park,Clear,66,Final
2024-04-28,10:05,San Francisco Giants,Pittsburgh Pirates,3,4,Oracle Park,Partly Cloudy,58,Final
2024-04-28,10:38,Los Angeles Angels,Minnesota Twins,5,16,Angel Stadium,Clear,67,Final
2024-04-28,10:40,Seattle Mariners,Arizona Diamondbacks,3,1,T-Mobile Park,Roof Closed,49,Final
2024-04-29,02:35,Baltimore Orioles,Oakland Athletics,6,7,Oriole Park at Camden Yards,Sunny,78,Final
2024-04-29,02:35,Atlanta Braves,Cleveland Guardians,4,3,Truist Park,Partly Cloudy,76,Final
2024-04-29,02:37,Toronto Blue Jays,Los Angeles Dodgers,3,1,Rogers Centre,Roof Closed,68,Final
2024-04-29,02:40,Detroit Tigers,Kansas City Royals,4,1,Comerica Park,Overcast,70,Final
2024-04-29,02:40,New York Mets,St. Louis Cardinals,4,2,Citi Field,Sunny,67,Final
2024-04-29,02:40,Miami Marlins,Washington Nationals,9,12,loanDepot park,Roof Closed,72,Final
2024-04-29,03:10,Chicago White Sox,Tampa Bay Rays,4,2,Guaranteed Rate Field,Cloudy,69,Final
2024-04-29,03:10,Milwaukee Brewers,New York Yankees,5,15,American Family Field,Roof Closed,65,Final
2024-04-29,03:35,Texas Rangers,Cincinnati Reds,4,3,Globe Life Field,Roof Closed,74,Final
2024-04-29,05:05,Colorado Rockies,Houston Astros,2,8,Estadio Alfredo Harp Helu,Sunny,82,Final
2024-04-29,05:05,San Francisco Giants,Pittsburgh Pirates,3,2,Oracle Park,Sunny,63,Final
2024-04-29,05:07,Los Angeles Angels,Minnesota Twins,5,11,Angel Stadium,Sunny,73,Final
2024-04-29,05:10,Seattle Mariners,Arizona Diamondbacks,2,3,T-Mobile Park,Roof Closed,54,Final
2024-04-29,05:10,San Diego Padres,Philadelphia Phillies,6,8,Petco Park,Sunny,66,Final
2024-04-29,08:10,Boston Red Sox,Chicago Cubs,5,4,Fenway Park,Cloudy,66,Final
2024-04-30,07:35,Baltimore Orioles,New York Yankees,2,0,Oriole Park at Camden Yards,Clear,85,Final
2024-04-30,07:40,Miami Marlins,Washington Nationals,2,7,loanDepot park,Partly Cloudy,80,Final
2024-04-30,08:07,Toronto Blue Jays,Kansas City Royals,6,5,Rogers Centre,Roof Closed,68,Final
2024-04-30,08:10,New York Mets,Chicago Cubs,1,3,Citi Field,Cloudy,70,Final
2024-04-30,08:40,Chicago White Sox,Minnesota Twins,2,3,Guaranteed Rate Field,Cloudy,69,Final
2024-04-30,08:40,Milwaukee Brewers,Tampa Bay Rays,0,1,American Family Field,Roof Closed,67,Final
2024-04-30,10:38,Los Angeles Angels,Philadelphia Phillies,6,5,Angel Stadium,Clear,71,Final
2024-04-30,10:40,Arizona Diamondbacks,Los Angeles Dodgers,4,8,Chase Field,Clear,89,Final
2024-04-30,10:40,Oakland Athletics,Pittsburgh Pirates,5,1,Oakland Coliseum,Clear,63,Final
2024-04-30,10:40,San Diego Padres,Cincinnati Reds,2,5,Petco Park,Clear,64,Final
2024-04-30,10:40,Seattle Mariners,Atlanta Braves,2,1,T-Mobile Park,Roof Closed,47,Final
2024-04-30,07:40,Detroit Tigers,St. Louis Cardinals,0,0,Comerica Park,Clear,73,Final
2024-05-01,04:40,Detroit Tigers,St. Louis Cardinals,1,2,Comerica Park,Sunny,72,Final
2024-05-01,04:45,Detroit Tigers,St. Louis Cardinals,11,6,Comerica Park,Clear,73,Final
2024-05-01,07:35,Baltimore Orioles,New York Yankees,4,2,Oriole Park at Camden Yards,Cloudy,86,Final
2024-05-01,07:40,Miami Marlins,Colorado Rockies,7,6,loanDepot park,Roof Closed,72,Final
2024-05-01,08:07,Toronto Blue Jays,Kansas City Royals,1,4,Rogers Centre,Roof Closed,68,Final
2024-05-01,08:10,New York Mets,Chicago Cubs,4,2,Citi Field,Cloudy,56,Final
2024-05-01,08:10,Boston Red Sox,San Francisco Giants,4,0,Fenway Park,Partly Cloudy,52,Final
2024-05-01,08:40,Chicago White Sox,Minnesota Twins,5,6,Guaranteed Rate Field,Clear,70,Final
2024-05-01,08:40,Milwaukee Brewers,Tampa Bay Rays,8,2,American Family Field,Roof Closed,67,Final
2024-05-01,09:05,Texas Rangers,Washington Nationals,7,1,Globe Life Field,Roof Closed,74,Final
2024-05-01,09:10,Houston Astros,Cleveland Guardians,10,9,Minute Maid Park,Roof Closed,73,Final
2024-05-01,10:38,Los Angeles Angels,Philadelphia Phillies,5,7,Angel Stadium,Clear,68,Final
2024-05-01,10:40,Arizona Diamondbacks,Los Angeles Dodgers,4,3,Chase Field,Clear,86,Final
2024-05-01,10:40,Oakland Athletics,Pittsburgh Pirates,5,2,Oakland Coliseum,Clear,64,Final
2024-05-01,10:40,San Diego Padres,Cincinnati Reds,6,4,Petco Park,Cloudy,63,Final
2024-05-01,10:40,Seattle Mariners,Atlanta Braves,3,2,T-Mobile Park,Partly Cloudy,53,Final
2024-05-02,02:10,Detroit Tigers,St. Louis Cardinals,4,1,Comerica Park,Partly Cloudy,75,Final
2024-05-02,02:10,Milwaukee Brewers,Tampa Bay Rays,7,1,American Family Field,Sunny,68,Final
2024-05-02,03:10,Chicago White Sox,Minnesota Twins,5,10,Guaranteed Rate Field,Sunny,75,Final
2024-05-02,04:07,Toronto Blue Jays,Kansas City Royals,1,6,Rogers Centre,Roof Closed,68,Final
2024-05-02,04:37,Oakland Athletics,Pittsburgh Pirates,4,0,Oakland Coliseum,Sunny,71,Final
2024-05-02,04:40,Seattle Mariners,Atlanta Braves,2,5,T-Mobile Park,Partly Cloudy,53,Final
2024-05-02,05:07,Los Angeles Angels,Philadelphia Phillies,1,2,Angel Stadium,Sunny,71,Final
2024-05-02,05:10,San Diego Padres,Cincinnati Reds,6,2,Petco Park,Partly Cloudy,67,Final
2024-05-02,07:35,Baltimore Orioles,New York Yankees,0,2,Oriole Park at Camden Yards,Partly Cloudy,81,Final
2024-05-02,07:40,Miami Marlins,Colorado Rockies,4,1,loanDepot park,Roof Closed,72,Final
2024-05-02,08:10,New York Mets,Chicago Cubs,0,1,Citi Field,Clear,60,Final
2024-05-02,08:10,Boston Red Sox,San Francisco Giants,6,2,Fenway Park,Clear,51,Final
2024-05-02,09:05,Texas Rangers,Washington Nationals,0,1,Globe Life Field,Roof Closed,74,Final
2024-05-02,09:10,Houston Astros,Cleveland Guardians,2,3,Minute Maid Park,Roof Closed,73,Final
2024-05-02,10:40,Arizona Diamondbacks,Los Angeles Dodgers,0,8,Chase Field,Partly Cloudy,88,Final
2024-05-03,01:10,Miami Marlins,Colorado Rockies,5,4,loanDepot park,Roof Closed,72,Final
2024-05-03,02:05,Baltimore Orioles,New York Yankees,7,2,Oriole Park at Camden Yards,Sunny,89,Final
2024-05-03,02:10,New York Mets,Chicago Cubs,7,6,Citi Field,Sunny,71,Final
2024-05-03,02:35,Boston Red Sox,San Francisco Giants,1,3,Fenway Park,Partly Cloudy,66,Final
2024-05-03,03:35,Texas Rangers,Washington Nationals,6,0,Globe Life Field,Roof Closed,74,Final
2024-05-03,09:10,Houston Astros,Cleveland Guardians,8,2,Minute Maid Park,Roof Closed,73,Final
2024-05-04,03:20,Chicago Cubs,Milwaukee Brewers,1,3,Wrigley Field,Partly Cloudy,61,Final
2024-05-04,07:10,Cincinnati Reds,Baltimore Orioles,0,3,Great American Ball Park,Overcast,67,Final
2024-05-04,07:40,Pittsburgh Pirates,Colorado Rockies,2,3,PNC Park,Cloudy,74,Final
2024-05-04,07:40,Philadelphia Phillies,San Francisco Giants,4,3,Citizens Bank Park,Cloudy,58,Final
2024-05-04,07:45,Washington Nationals,Toronto Blue Jays,9,3,Nationals Park,Partly Cloudy,64,Final
2024-05-04,07:50,Tampa Bay Rays,New York Mets,10,8,Tropicana Field,Dome,72,Final
2024-05-04,08:05,New York Yankees,Detroit Tigers,2,1,Yankee Stadium,Clear,57,Final
2024-05-04,08:10,Cleveland Guardians,Los Angeles Angels,0,6,Progressive Field,Overcast,67,Final
2024-05-04,08:40,Kansas City Royals,Texas Rangers,7,1,Kauffman Stadium,Partly Cloudy,74,Final
2024-05-04,09:10,Houston Astros,Seattle Mariners,5,3,Minute Maid Park,Roof Closed,73,Final
2024-05-04,09:10,Minnesota Twins,Boston Red Sox,5,2,Target Field,Cloudy,69,Final
2024-05-04,09:15,St. Louis Cardinals,Chicago White Sox,3,0,Busch Stadium,Partly Cloudy,75,Final
2024-05-04,10:40,Arizona Diamondbacks,San Diego Padres,1,7,Chase Field,Clear,91,Final
2024-05-04,10:40,Oakland Athletics,Miami Marlins,3,1,Oakland Coliseum,Clear,61,Final
2024-05-04,11:10,Los Angeles Dodgers,Atlanta Braves,4,3,Dodger Stadium,Clear,64,Final
2024-05-05,02:05,New York Yankees,Detroit Tigers,5,3,Yankee Stadium,Partly Cloudy,61,Final
2024-05-05,03:10,Minnesota Twins,Boston Red Sox,3,1,Target Field,Overcast,52,Final
2024-05-05,03:15,St. Louis Cardinals,Chicago White Sox,5,6,Busch Stadium,Sunny,81,Final
2024-05-05,03:20,Chicago Cubs,Milwaukee Brewers,6,5,Wrigley Field,Cloudy,71,Final
2024-05-05,05:05,Pittsburgh Pirates,Colorado Rockies,1,0,PNC Park,Cloudy,60,Final
2024-05-05,05:05,Washington Nationals,Toronto Blue Jays,3,6,Nationals Park,Drizzle,53,Final
2024-05-05,05:07,Oakland Athletics,Miami Marlins,20,4,Oakland Coliseum,Cloudy,56,Final
2024-05-05,07:05,Philadelphia Phillies,San Francisco Giants,14,3,Citizens Bank Park,Rain,51,Final
2024-05-05,07:10,Cleveland Guardians,Los Angeles Angels,7,1,Progressive Field,Overcast,73,Final
2024-05-05,07:40,Cincinnati Reds,Baltimore Orioles,1,2,Great American Ball Park,Cloudy,74,Final
2024-05-05,08:10,Kansas City Royals,Texas Rangers,4,15,Kauffman Stadium,Cloudy,65,Final
2024-05-05,08:15,Houston Astros,Seattle Mariners,0,5,Minute Maid Park,Roof Closed,73,Final
2024-05-05,08:15,Tampa Bay Rays,New York Mets,3,1,Tropicana Field,Dome,72,Final
2024-05-05,09:10,Arizona Diamondbacks,San Diego Padres,1,13,Chase Field,Roof Closed,77,Final
2024-05-05,10:10,Los Angeles Dodgers,Atlanta Braves,11,2,Dodger Stadium,Cloudy,61,Final
2024-05-06,02:35,Pittsburgh Pirates,Colorado Rockies,5,3,PNC Park,Cloudy,73,Final
2024-05-06,02:35,Washington Nationals,Toronto Blue Jays,11,8,Nationals Park,Overcast,69,Final
2024-05-06,02:35,New York Yankees,Detroit Tigers,5,2,Yankee Stadium,Rain,51,Final
2024-05-06,02:40,Cleveland Guardians,Los Angeles Angels,4,1,Progressive Field,Cloudy,66,Final
2024-05-06,02:40,Tampa Bay Rays,New York Mets,7,6,Tropicana Field,Dome,72,Final
2024-05-06,03:10,Houston Astros,Seattle Mariners,4,5,Minute Maid Park,Roof Closed,73,Final
2024-05-06,03:10,Kansas City Royals,Texas Rangers,2,3,Kauffman Stadium,Cloudy,63,Final
2024-05-06,03:10,Minnesota Twins,Boston Red Sox,2,9,Target Field,Partly Cloudy,68,Final
2024-05-06,03:15,St. Louis Cardinals,Chicago White Sox,1,5,Busch Stadium,Partly Cloudy,71,Final
2024-05-06,03:20,Chicago Cubs,Milwaukee Brewers,5,0,Wrigley Field,Sunny,54,Final
2024-05-06,05:07,Oakland Athletics,Miami Marlins,3,12,Oakland Coliseum,Partly Cloudy,59,Final
2024-05-06,05:10,Cincinnati Reds,Baltimore Orioles,1,11,Great American Ball Park,Partly Cloudy,80,Final
2024-05-06,05:10,Arizona Diamondbacks,San Diego Padres,11,4,Chase Field,Roof Closed,76,Final
2024-05-06,05:10,Los Angeles Dodgers,Atlanta Braves,5,1,Dodger Stadium,Partly Cloudy,66,Final
2024-05-06,08:10,Philadelphia Phillies,San Francisco Giants,5,4,Citizens Bank Park,Cloudy,59,Final
2024-05-07,05:05,Philadelphia Phillies,San Francisco Giants,6,1,Citizens Bank Park,Cloudy,72,Final
2024-05-07,07:10,Cleveland Guardians,Detroit Tigers,2,1,Progressive Field,Cloudy,65,Final
2024-05-07,07:40,Pittsburgh Pirates,Los Angeles Angels,4,1,PNC Park,Partly Cloudy,71,Final
2024-05-07,07:50,Tampa Bay Rays,Chicago White Sox,8,2,Tropicana Field,Dome,72,Final
2024-05-07,08:10,Kansas City Royals,Milwaukee Brewers,3,2,Kauffman Stadium,Cloudy,74,Final
2024-05-07,08:40,Chicago Cubs,San Diego Padres,3,6,Wrigley Field,Clear,63,Final
2024-05-07,08:40,Minnesota Twins,Seattle Mariners,3,1,Target Field,Partly Cloudy,72,Final
2024-05-07,08:45,St. Louis Cardinals,New York Mets,3,4,Busch Stadium,Clear,76,Final
2024-05-07,10:40,Oakland Athletics,Texas Rangers,2,4,Oakland Coliseum,Partly Cloudy,59,Final
2024-05-07,11:10,Los Angeles Dodgers,Miami Marlins,6,3,Dodger Stadium,Clear,65,Final
2024-05-08,04:37,Oakland Athletics,Texas Rangers,8,15,Oakland Coliseum,Sunny,62,Final
2024-05-08,07:10,Cleveland Guardians,Detroit Tigers,7,11,Progressive Field,Drizzle,72,Final
2024-05-08,07:40,Cincinnati Reds,Arizona Diamondbacks,2,6,Great American Ball Park,Cloudy,75,Final
2024-05-08,07:40,Pittsburgh Pirates,Los Angeles Angels,0,9,PNC Park,Cloudy,75,Final
2024-05-08,07:40,Philadelphia Phillies,Toronto Blue Jays,10,1,Citizens Bank Park,Partly Cloudy,78,Final
2024-05-08,07:45,Washington Nationals,Baltimore Orioles,3,0,Nationals Park,Cloudy,77,Final
2024-05-08,07:50,Tampa Bay Rays,Chicago White Sox,5,1,Tropicana Field,Dome,72,Final
2024-05-08,08:05,New York Yankees,Houston Astros,10,3,Yankee Stadium,Partly Cloudy,73,Final
2024-05-08,08:20,Atlanta Braves,Boston Red Sox,4,2,Truist Park,Partly Cloudy,81,Final
2024-05-08,08:40,Chicago Cubs,San Diego Padres,3,2,Wrigley Field,Clear,71,Final
2024-05-08,08:40,Minnesota Twins,Seattle Mariners,6,10,Target Field,Partly Cloudy,68,Final
2024-05-08,08:40,Kansas City Royals,Milwaukee Brewers,5,6,Kauffman Stadium,Clear,77,Final
2024-05-08,08:45,St. Louis Cardinals,New York Mets,5,7,Busch Stadium,Clear,84,Final
2024-05-08,09:40,Colorado Rockies,San Francisco Giants,0,5,Coors Field,Partly Cloudy,50,Final
2024-05-08,11:10,Los Angeles Dodgers,Miami Marlins,8,2,Dodger Stadium,Clear,66,Final
2024-05-09,01:35,Pittsburgh Pirates,Los Angeles Angels,4,5,PNC Park,Sunny,75,Final
2024-05-09,02:05,Philadelphia Phillies,Toronto Blue Jays,3,5,Citizens Bank Park,Partly Cloudy,82,Final
2024-05-09,02:10,Cleveland Guardians,Detroit Tigers,5,4,Progressive Field,Sunny,72,Final
2024-05-09,03:10,Kansas City Royals,Milwaukee Brewers,6,4,Kauffman Stadium,Partly Cloudy,67,Final
2024-05-09,03:20,Chicago Cubs,San Diego Padres,0,3,Wrigley Field,Sunny,77,Final
2024-05-09,04:10,Los Angeles Dodgers,Miami Marlins,3,1,Dodger Stadium,Sunny,70,Final
2024-05-09,04:37,Oakland Athletics,Texas Rangers,9,4,Oakland Coliseum,Sunny,75,Final
2024-05-09,04:42,Oakland Athletics,Texas Rangers,11,12,Oakland Coliseum,Clear,79,Final
2024-05-09,07:40,Cincinnati Reds,Arizona Diamondbacks,3,4,Great American Ball Park,Cloudy,77,Final
2024-05-09,07:45,Washington Nationals,Baltimore Orioles,6,7,Nationals Park,Partly Cloudy,84,Final
2024-05-09,07:50,Tampa Bay Rays,Chicago White Sox,1,4,Tropicana Field,Dome,72,Final
2024-05-09,08:05,New York Yankees,Houston Astros,9,4,Yankee Stadium,Partly Cloudy,83,Final
2024-05-09,08:20,Atlanta Braves,Boston Red Sox,5,0,Truist Park,Partly Cloudy,84,Final
2024-05-09,08:40,Minnesota Twins,Seattle Mariners,6,3,Target Field,Partly Cloudy,75,Final
2024-05-09,09:40,Colorado Rockies,San Francisco Giants,6,8,Coors Field,Partly Cloudy,56,Final
2024-05-09,02:15,St. Louis Cardinals,New York Mets,0,0,Busch Stadium,Partly Cloudy,94,Final
2024-05-10,02:10,Cincinnati Reds,Arizona Diamondbacks,4,5,Great American Ball Park,Overcast,71,Final
2024-05-10,02:10,Minnesota Twins,Seattle Mariners,11,1,Target Field,Partly Cloudy,63,Final
2024-05-10,04:10,Colorado Rockies,San Francisco Giants,9,1,Coors Field,Cloudy,51,Final
2024-05-10,06:05,New York Yankees,Houston Astros,3,4,Yankee Stadium,Overcast,66,Final
2024-05-10,08:40,Chicago White Sox,Cleveland Guardians,3,2,Guaranteed Rate Field,Drizzle,53,Final
2024-05-10,08:40,Milwaukee Brewers,St. Louis Cardinals,7,1,American Family Field,Roof Closed,67,Final
2024-05-10,10:38,Los Angeles Angels,Kansas City Royals,4,10,Angel Stadium,Clear,67,Final
2024-05-11,07:40,Detroit Tigers,Houston Astros,2,5,Comerica Park,Partly Cloudy,66,Final
2024-05-11,07:40,Pittsburgh Pirates,Chicago Cubs,2,7,PNC Park,Cloudy,59,Final
2024-05-11,07:50,Tampa Bay Rays,New York Yankees,0,2,Tropicana Field,Dome,72,Final
2024-05-11,08:05,Baltimore Orioles,Arizona Diamondbacks,4,2,Oriole Park at Camden Yards,Overcast,55,Final
2024-05-11,08:07,Toronto Blue Jays,Minnesota Twins,2,3,Rogers Centre,Roof Closed,68,Final
2024-05-11,08:10,Boston Red Sox,Washington Nationals,1,5,Fenway Park,Clear,51,Final
2024-05-11,08:10,New York Mets,Atlanta Braves,2,4,Citi Field,Drizzle,51,Final
2024-05-11,08:10,Miami Marlins,Philadelphia Phillies,2,8,loanDepot park,Roof Closed,72,Final
2024-05-11,08:40,Chicago White Sox,Cleveland Guardians,6,3,Guaranteed Rate Field,Partly Cloudy,67,Final
2024-05-11,09:10,Milwaukee Brewers,St. Louis Cardinals,11,2,American Family Field,Roof Closed,68,Final
2024-05-11,09:40,Colorado Rockies,Texas Rangers,4,2,Coors Field,Partly Cloudy,56,Final
2024-05-11,10:38,Los Angeles Angels,Kansas City Royals,1,2,Angel Stadium,Partly Cloudy,66,Final
2024-05-11,10:40,San Diego Padres,Los Angeles Dodgers,2,1,Petco Park,Partly Cloudy,64,Final
2024-05-11,10:40,Seattle Mariners,Oakland Athletics,8,1,T-Mobile Park,Clear,77,Final
2024-05-11,11:15,San Francisco Giants,Cincinnati Reds,2,4,Oracle Park,Clear,64,Final
2024-05-12,04:07,Toronto Blue Jays,Minnesota Twins,10,8,Rogers Centre,Roof Closed,68,Final
2024-05-12,05:05,Baltimore Orioles,Arizona Diamondbacks,5,4,Oriole Park at Camden Yards,Partly Cloudy,70,Final
2024-05-12,05:05,Pittsburgh Pirates,Chicago Cubs,10,9,PNC Park,Cloudy,55,Final
2024-05-12,05:10,Boston Red Sox,Washington Nationals,4,2,Fenway Park,Sunny,54,Final
2024-05-12,05:10,New York Mets,Atlanta Braves,1,4,Citi Field,Sunny,59,Final
2024-05-12,05:10,Miami Marlins,Philadelphia Phillies,3,8,loanDepot park,Roof Closed,72,Final
2024-05-12,05:10,Tampa Bay Rays,New York Yankees,7,2,Tropicana Field,Dome,72,Final
2024-05-12,07:10,Detroit Tigers,Houston Astros,8,2,Comerica Park,Overcast,57,Final
2024-05-12,08:10,Chicago White Sox,Cleveland Guardians,3,1,Guaranteed Rate Field,Clear,58,Final
2024-05-12,08:15,San Francisco Giants,Cincinnati Reds,5,1,Oracle Park,Sunny,66,Final
2024-05-12,08:15,Milwaukee Brewers,St. Louis Cardinals,5,3,American Family Field,Roof Closed,68,Final
2024-05-12,09:10,Colorado Rockies,Texas Rangers,8,3,Coors Field,Cloudy,64,Final
2024-05-12,09:40,San Diego Padres,Los Angeles Dodgers,0,5,Petco Park,Cloudy,63,Final
2024-05-12,10:38,Los Angeles Angels,Kansas City Royals,9,3,Angel Stadium,Clear,67,Final
2024-05-12,10:40,Seattle Mariners,Oakland Athletics,1,8,T-Mobile Park,Clear,76,Final
2024-05-13,02:35,Baltimore Orioles,Arizona Diamondbacks,2,9,Oriole Park at Camden Yards,Cloudy,68,Final
2024-05-13,02:35,Boston Red Sox,Washington Nationals,3,2,Fenway Park,Partly Cloudy,61,Final
2024-05-13,02:35,Pittsburgh Pirates,Chicago Cubs,4,5,PNC Park,Overcast,59,Final
2024-05-13,02:37,Toronto Blue Jays,Minnesota Twins,1,5,Rogers Centre,Partly Cloudy,60,Final
2024-05-13,02:40,Detroit Tigers,Houston Astros,3,9,Comerica Park,Sunny,66,Final
2024-05-13,02:40,Miami Marlins,Philadelphia Phillies,7,6,loanDepot park,Roof Closed,72,Final
2024-05-13,02:40,Tampa Bay Rays,New York Yankees,6,10,Tropicana Field,Dome,72,Final
2024-05-13,03:10,Chicago White Sox,Cleveland Guardians,0,7,Guaranteed Rate Field,Sunny,78,Final
2024-05-13,03:10,Milwaukee Brewers,St. Louis Cardinals,3,4,American Family Field,Partly Cloudy,77,Final
2024-05-13,04:10,Colorado Rockies,Texas Rangers,3,1,Coors Field,Partly Cloudy,52,Final
2024-05-13,05:05,San Francisco Giants,Cincinnati Reds,6,5,Oracle Park,Partly Cloudy,57,Final
2024-05-13,05:07,Los Angeles Angels,Kansas City Royals,2,4,Angel Stadium,Sunny,73,Final
2024-05-13,05:10,San Diego Padres,Los Angeles Dodgers,4,0,Petco Park,Sunny,67,Final
2024-05-13,05:10,Seattle Mariners,Oakland Athletics,8,4,T-Mobile Park,Sunny,65,Final
2024-05-13,08:10,New York Mets,Atlanta Braves,4,3,Citi Field,Partly Cloudy,54,Final
2024-05-14,07:35,Baltimore Orioles,Toronto Blue Jays,2,3,Oriole Park at Camden Yards,Partly Cloudy,75,Final
2024-05-14,07:40,Detroit Tigers,Miami Marlins,6,5,Comerica Park,Partly Cloudy,80,Final
2024-05-14,08:10,Boston Red Sox,Tampa Bay Rays,3,5,Fenway Park,Partly Cloudy,64,Final
2024-05-14,08:10,New York Mets,Philadelphia Phillies,4,5,Citi Field,Partly Cloudy,61,Final
2024-05-14,08:20,Atlanta Braves,Chicago Cubs,2,0,Truist Park,Cloudy,65,Final
2024-05-14,08:40,Milwaukee Brewers,Pittsburgh Pirates,6,8,American Family Field,Roof Closed,71,Final
2024-05-14,09:05,Texas Rangers,Cleveland Guardians,0,7,Globe Life Field,Roof Closed,74,Final
2024-05-14,09:10,Houston Astros,Oakland Athletics,9,2,Minute Maid Park,Roof Closed,73,Final
2024-05-14,10:38,Los Angeles Angels,St. Louis Cardinals,5,10,Angel Stadium,Clear,65,Final
2024-05-14,10:40,Arizona Diamondbacks,Cincinnati Reds,6,5,Chase Field,Roof Closed,78,Final
2024-05-14,10:40,San Diego Padres,Colorado Rockies,4,5,Petco Park,Partly Cloudy,62,Final
2024-05-14,10:40,Seattle Mariners,Kansas City Royals,6,2,T-Mobile Park,Cloudy,61,Final
2024-05-14,10:45,San Francisco Giants,Los Angeles Dodgers,4,6,Oracle Park,Partly Cloudy,59,Final
2024-05-14,08:40,Chicago White Sox,Washington Nationals,0,0,Guaranteed Rate Field,Cloudy,55,Final
2024-05-15,02:10,New York Mets,Philadelphia Phillies,0,4,Citi Field,Cloudy,71,Final
2024-05-15,05:40,Chicago White Sox,Washington Nationals,3,6,Guaranteed Rate Field,Cloudy,55,Final
2024-05-15,05:45,Chicago White Sox,Washington Nationals,4,0,Guaranteed Rate Field,Cloudy,55,Final
2024-05-15,07:40,Detroit Tigers,Miami Marlins,0,1,Comerica Park,Partly Cloudy,68,Final
2024-05-15,08:10,Boston Red Sox,Tampa Bay Rays,5,4,Fenway Park,Clear,69,Final
2024-05-15,08:20,Atlanta Braves,Chicago Cubs,7,0,Truist Park,Partly Cloudy,75,Final
2024-05-15,08:40,Minnesota Twins,New York Yankees,1,5,Target Field,Clear,71,Final
2024-05-15,08:40,Milwaukee Brewers,Pittsburgh Pirates,4,3,American Family Field,Roof Closed,67,Final
2024-05-15,09:05,Texas Rangers,Cleveland Guardians,4,7,Globe Life Field,Clear,84,Final
2024-05-15,09:10,Houston Astros,Oakland Athletics,2,1,Minute Maid Park,Roof Closed,73,Final
2024-05-15,10:38,Los Angeles Angels,St. Louis Cardinals,6,7,Angel Stadium,Clear,66,Final
2024-05-15,10:40,Arizona Diamondbacks,Cincinnati Reds,2,6,Chase Field,Roof Closed,78,Final
2024-05-15,10:40,San Diego Padres,Colorado Rockies,3,6,Petco Park,Cloudy,62,Final
2024-05-15,10:40,Seattle Mariners,Kansas City Royals,2,4,T-Mobile Park,Clear,67,Final
2024-05-15,10:45,San Francisco Giants,Los Angeles Dodgers,2,10,Oracle Park,Partly Cloudy,56,Final
2024-05-15,07:35,Baltimore Orioles,Toronto Blue Jays,0,0,Oriole Park at Camden Yards,Partly Cloudy,83,Final
2024-05-16,01:35,Baltimore Orioles,Toronto Blue Jays,3,2,Oriole Park at Camden Yards,Cloudy,64,Final
2024-05-16,02:10,Detroit Tigers,Miami Marlins,0,2,Comerica Park,Cloudy,70,Final
2024-05-16,02:10,Milwaukee Brewers,Pittsburgh Pirates,10,2,American Family Field,Sunny,61,Final
2024-05-16,03:10,Chicago White Sox,Washington Nationals,2,0,Guaranteed Rate Field,Sunny,60,Final
2024-05-16,04:40,Arizona Diamondbacks,Cincinnati Reds,2,1,Chase Field,Roof Closed,78,Final
2024-05-16,05:10,San Diego Padres,Colorado Rockies,0,8,Petco Park,Cloudy,63,Final
2024-05-16,05:10,Seattle Mariners,Kansas City Royals,4,2,T-Mobile Park,Sunny,61,Final
2024-05-16,07:40,Philadelphia Phillies,New York Mets,10,5,Citizens Bank Park,Cloudy,61,Final
2024-05-16,08:10,Boston Red Sox,Tampa Bay Rays,3,4,Fenway Park,Overcast,67,Final
2024-05-16,08:20,Atlanta Braves,Chicago Cubs,1,7,Truist Park,Partly Cloudy,78,Final
2024-05-16,08:40,Minnesota Twins,New York Yankees,0,4,Target Field,Cloudy,71,Final
2024-05-16,09:05,Texas Rangers,Cleveland Guardians,4,0,Globe Life Field,Roof Closed,74,Final
2024-05-16,09:10,Houston Astros,Oakland Athletics,3,0,Minute Maid Park,Roof Closed,73,Final
2024-05-16,10:07,Los Angeles Angels,St. Louis Cardinals,7,2,Angel Stadium,Cloudy,68,Final
2024-05-16,10:45,San Francisco Giants,Los Angeles Dodgers,4,1,Oracle Park,Partly Cloudy,58,Final
2024-05-17,02:10,Minnesota Twins,New York Yankees,0,5,Target Field,Partly Cloudy,60,Final
2024-05-17,07:40,Philadelphia Phillies,New York Mets,5,6,Citizens Bank Park,Cloudy,66,Final
2024-05-17,08:10,Boston Red Sox,Tampa Bay Rays,5,7,Fenway Park,Partly Cloudy,60,Final
2024-05-17,08:40,Chicago Cubs,Pittsburgh Pirates,4,5,Wrigley Field,Cloudy,69,Final
2024-05-17,09:10,Houston Astros,Oakland Athletics,8,1,Minute Maid Park,Roof Closed,73,Final
2024-05-17,11:10,Los Angeles Dodgers,Cincinnati Reds,2,7,Dodger Stadium,Clear,64,Final
2024-05-18,03:20,Chicago Cubs,Pittsburgh Pirates,3,9,Wrigley Field,Sunny,77,Final
2024-05-18,07:40,Philadelphia Phillies,Washington Nationals,4,2,Citizens Bank Park,Partly Cloudy,68,Final
2024-05-18,08:05,Baltimore Orioles,Seattle Mariners,9,2,Oriole Park at Camden Yards,Cloudy,69,Final
2024-05-18,08:05,New York Yankees,Chicago White Sox,4,2,Yankee Stadium,Cloudy,69,Final
2024-05-18,08:07,Toronto Blue Jays,Tampa Bay Rays,3,4,Rogers Centre,Roof Closed,68,Final
2024-05-18,08:10,Cleveland Guardians,Minnesota Twins,3,2,Progressive Field,Cloudy,66,Final
2024-05-18,08:10,Miami Marlins,New York Mets,8,0,loanDepot park,Roof Closed,72,Final
2024-05-18,08:20,Atlanta Braves,San Diego Padres,1,3,Truist Park,Cloudy,69,Final
2024-05-18,08:40,Kansas City Royals,Oakland Athletics,6,2,Kauffman Stadium,Clear,78,Final
2024-05-18,09:05,Texas Rangers,Los Angeles Angels,3,9,Globe Life Field,Clear,81,Final
2024-05-18,09:10,Houston Astros,Milwaukee Brewers,5,4,Minute Maid Park,Roof Closed,73,Final
2024-05-18,09:15,St. Louis Cardinals,Boston Red Sox,10,6,Busch Stadium,Partly Cloudy,73,Final
2024-05-18,10:40,Arizona Diamondbacks,Detroit Tigers,0,13,Chase Field,Roof Closed,74,Final
2024-05-18,11:10,Los Angeles Dodgers,Cincinnati Reds,7,3,Dodger Stadium,Clear,65,Final
2024-05-18,11:15,San Francisco Giants,Colorado Rockies,10,5,Oracle Park,Partly Cloudy,58,Final
2024-05-19,02:05,New York Yankees,Chicago White Sox,6,1,Yankee Stadium,Partly Cloudy,67,Final
2024-05-19,03:20,Chicago Cubs,Pittsburgh Pirates,1,0,Wrigley Field,Partly Cloudy,82,Final
2024-05-19,04:07,Toronto Blue Jays,Tampa Bay Rays,4,5,Rogers Centre,Partly Cloudy,61,Final
2024-05-19,05:05,Baltimore Orioles,Seattle Mariners,3,4,Oriole Park at Camden Yards,Cloudy,67,Final
2024-05-19,05:05,San Francisco Giants,Colorado Rockies,14,4,Oracle Park,Sunny,63,Final
2024-05-19,05:10,Miami Marlins,New York Mets,10,9,loanDepot park,Roof Closed,72,Final
2024-05-19,07:05,Philadelphia Phillies,Washington Nationals,4,3,Citizens Bank Park,Rain,63,Final
2024-05-19,07:10,Cleveland Guardians,Minnesota Twins,11,4,Progressive Field,Clear,66,Final
2024-05-19,08:10,Kansas City Royals,Oakland Athletics,5,3,Kauffman Stadium,Clear,87,Final
2024-05-19,08:10,Houston Astros,Milwaukee Brewers,2,4,Minute Maid Park,Roof Closed,73,Final
2024-05-19,08:15,St. Louis Cardinals,Boston Red Sox,7,2,Busch Stadium,Clear,82,Final
2024-05-19,08:15,Texas Rangers,Los Angeles Angels,3,2,Globe Life Field,Roof Closed,74,Final
2024-05-19,09:10,Arizona Diamondbacks,Detroit Tigers,3,8,Chase Field,Roof Closed,78,Final
2024-05-19,10:10,Los Angeles Dodgers,Cincinnati Reds,4,0,Dodger Stadium,Clear,67,Final
2024-05-19,08:15,Atlanta Braves,San Diego Padres,0,0,Truist Park,Partly Cloudy,82,Final
2024-05-20,02:05,St. Louis Cardinals,Boston Red Sox,3,11,Busch Stadium,Sunny,85,Final
2024-05-20,02:35,Baltimore Orioles,Seattle Mariners,6,3,Oriole Park at Camden Yards,Overcast,70,Final
2024-05-20,02:35,Philadelphia Phillies,Washington Nationals,11,5,Citizens Bank Park,Sunny,74,Final
2024-05-20,02:35,New York Yankees,Chicago White Sox,7,2,Yankee Stadium,Partly Cloudy,70,Final
2024-05-20,02:37,Toronto Blue Jays,Tampa Bay Rays,5,2,Rogers Centre,Sunny,60,Final
2024-05-20,02:40,Cleveland Guardians,Minnesota Twins,5,2,Progressive Field,Sunny,77,Final
2024-05-20,02:40,Miami Marlins,New York Mets,3,7,loanDepot park,Roof Closed,72,Final
2024-05-20,03:10,Kansas City Royals,Oakland Athletics,8,4,Kauffman Stadium,Sunny,85,Final
2024-05-20,03:10,Houston Astros,Milwaukee Brewers,9,4,Minute Maid Park,Roof Closed,73,Final
2024-05-20,03:20,Chicago Cubs,Pittsburgh Pirates,2,3,Wrigley Field,Sunny,69,Final
2024-05-20,03:35,Texas Rangers,Los Angeles Angels,1,4,Globe Life Field,Roof Closed,74,Final
2024-05-20,05:05,San Francisco Giants,Colorado Rockies,4,1,Oracle Park,Sunny,61,Final
2024-05-20,05:10,Arizona Diamondbacks,Detroit Tigers,6,4,Chase Field,Roof Closed,77,Final
2024-05-20,05:10,Los Angeles Dodgers,Cincinnati Reds,3,2,Dodger Stadium,Partly Cloudy,70,Final
2024-05-20,08:10,Atlanta Braves,San Diego Padres,1,9,Truist Park,Partly Cloudy,81,Final
2024-05-21,01:20,Atlanta Braves,San Diego Padres,5,6,Truist Park,Sunny,77,Final
2024-05-21,07:20,Atlanta Braves,San Diego Padres,3,0,Truist Park,Partly Cloudy,82,Final
2024-05-21,04:07,Toronto Blue Jays,Chicago White Sox,9,3,Rogers Centre,Partly Cloudy,74,Final
2024-05-21,07:10,Cleveland Guardians,New York Mets,3,1,Progressive Field,Partly Cloudy,83,Final
2024-05-21,07:40,Miami Marlins,Milwaukee Brewers,3,2,loanDepot park,Roof Closed,72,Final
2024-05-21,07:45,Washington Nationals,Minnesota Twins,12,3,Nationals Park,Partly Cloudy,78,Final
2024-05-21,07:50,Tampa Bay Rays,Boston Red Sox,0,5,Tropicana Field,Dome,72,Final
2024-05-21,08:05,New York Yankees,Seattle Mariners,4,5,Yankee Stadium,Partly Cloudy,68,Final
2024-05-21,08:40,Kansas City Royals,Detroit Tigers,8,3,Kauffman Stadium,Cloudy,81,Final
2024-05-21,08:45,St. Louis Cardinals,Baltimore Orioles,6,3,Busch Stadium,Cloudy,82,Final
2024-05-21,09:10,Houston Astros,Los Angeles Angels,7,9,Minute Maid Park,Roof Closed,73,Final
2024-05-21,11:10,Los Angeles Dodgers,Arizona Diamondbacks,6,4,Dodger Stadium,Partly Cloudy,62,Final
2024-05-22,07:10,Cleveland Guardians,New York Mets,7,6,Progressive Field,Partly Cloudy,83,Final
2024-05-22,07:40,Cincinnati Reds,San Diego Padres,2,0,Great American Ball Park,Partly Cloudy,83,Final
2024-05-22,07:40,Pittsburgh Pirates,San Francisco Giants,7,6,PNC Park,Partly Cloudy,86,Final
2024-05-22,07:40,Philadelphia Phillies,Texas Rangers,5,2,Citizens Bank Park,Partly Cloudy,81,Final
2024-05-22,07:40,Miami Marlins,Milwaukee Brewers,5,7,loanDepot park,Roof Closed,72,Final
2024-05-22,07:45,Washington Nationals,Minnesota Twins,0,10,Nationals Park,Partly Cloudy,83,Final
2024-05-22,07:50,Tampa Bay Rays,Boston Red Sox,2,5,Tropicana Field,Dome,72,Final
2024-05-22,08:05,New York Yankees,Seattle Mariners,3,6,Yankee Stadium,Partly Cloudy,76,Final
2024-05-22,08:07,Toronto Blue Jays,Chicago White Sox,0,5,Rogers Centre,Clear,76,Final
2024-05-22,08:40,Kansas City Royals,Detroit Tigers,10,3,Kauffman Stadium,Partly Cloudy,75,Final
2024-05-22,08:40,Chicago Cubs,Atlanta Braves,4,3,Wrigley Field,Partly Cloudy,88,Final
2024-05-22,08:45,St. Louis Cardinals,Baltimore Orioles,3,1,Busch Stadium,Overcast,86,Final
2024-05-22,09:10,Houston Astros,Los Angeles Angels,6,5,Minute Maid Park,Roof Closed,73,Final
2024-05-22,10:40,Oakland Athletics,Colorado Rockies,5,4,Oakland Coliseum,Clear,72,Final
2024-05-22,11:10,Los Angeles Dodgers,Arizona Diamondbacks,3,7,Dodger Stadium,Clear,67,Final
2024-05-23,01:15,St. Louis Cardinals,Baltimore Orioles,3,1,Busch Stadium,Overcast,86,Final
2024-05-23,02:05,Washington Nationals,Minnesota Twins,2,3,Nationals Park,Sunny,85,Final
2024-05-23,02:10,Cleveland Guardians,New York Mets,6,3,Progressive Field,Overcast,76,Final
2024-05-23,02:46,St. Louis Cardinals,Baltimore Orioles,5,4,Busch Stadium,Cloudy,76,Final
2024-05-23,03:10,Houston Astros,Los Angeles Angels,1,2,Minute Maid Park,Roof Closed,73,Final
2024-05-23,03:10,Kansas City Royals,Detroit Tigers,8,3,Kauffman Stadium,Sunny,69,Final
2024-05-23,07:40,Cincinnati Reds,San Diego Padres,3,7,Great American Ball Park,Partly Cloudy,81,Final
2024-05-23,07:40,Pittsburgh Pirates,San Francisco Giants,5,9,PNC Park,Partly Cloudy,82,Final
2024-05-23,07:40,Philadelphia Phillies,Texas Rangers,11,4,Citizens Bank Park,Partly Cloudy,83,Final
2024-05-23,07:40,Miami Marlins,Milwaukee Brewers,1,0,loanDepot park,Roof Closed,72,Final
2024-05-23,07:50,Tampa Bay Rays,Boston Red Sox,5,8,Tropicana Field,Dome,72,Final
2024-05-23,08:05,New York Yankees,Seattle Mariners,7,3,Yankee Stadium,Clear,76,Final
2024-05-23,08:07,Toronto Blue Jays,Chicago White Sox,9,2,Rogers Centre,Partly Cloudy,69,Final
2024-05-23,08:40,Chicago Cubs,Atlanta Braves,2,9,Wrigley Field,Clear,75,Final
2024-05-23,10:40,Oakland Athletics,Colorado Rockies,3,4,Oakland Coliseum,Clear,64,Final
2024-05-23,11:10,Los Angeles Dodgers,Arizona Diamondbacks,0,6,Dodger Stadium,Clear,62,Final
2024-05-24,01:35,Pittsburgh Pirates,San Francisco Giants,6,7,PNC Park,Partly Cloudy,75,Final
2024-05-24,01:35,New York Yankees,Seattle Mariners,5,0,Yankee Stadium,Overcast,71,Final
2024-05-24,02:05,Philadelphia Phillies,Texas Rangers,5,2,Citizens Bank Park,Cloudy,80,Final
2024-05-24,02:10,Cincinnati Reds,San Diego Padres,4,6,Great American Ball Park,Partly Cloudy,76,Final
2024-05-24,03:20,Chicago Cubs,Atlanta Braves,0,3,Wrigley Field,Sunny,75,Final
2024-05-24,04:37,Oakland Athletics,Colorado Rockies,10,9,Oakland Coliseum,Sunny,65,Final
2024-05-24,07:40,Detroit Tigers,Toronto Blue Jays,1,9,Comerica Park,Clear,82,Final
2024-05-24,08:40,Chicago White Sox,Baltimore Orioles,6,8,Guaranteed Rate Field,Clear,73,Final
2024-05-25,07:40,Detroit Tigers,Toronto Blue Jays,6,2,Comerica Park,Partly Cloudy,80,Final
2024-05-25,07:40,Pittsburgh Pirates,Atlanta Braves,11,5,PNC Park,Partly Cloudy,85,Final
2024-05-25,07:45,Washington Nationals,Seattle Mariners,6,1,Nationals Park,Partly Cloudy,82,Final
2024-05-25,07:50,Tampa Bay Rays,Kansas City Royals,1,8,Tropicana Field,Dome,72,Final
2024-05-25,08:10,Cincinnati Reds,Los Angeles Dodgers,9,6,Great American Ball Park,Partly Cloudy,80,Final
2024-05-25,08:10,New York Mets,San Francisco Giants,7,8,Citi Field,Clear,80,Final
2024-05-25,08:10,Minnesota Twins,Texas Rangers,3,2,Target Field,Partly Cloudy,67,Final
2024-05-25,08:10,Boston Red Sox,Milwaukee Brewers,2,7,Fenway Park,Clear,82,Final
2024-05-25,08:40,Chicago White Sox,Baltimore Orioles,4,6,Guaranteed Rate Field,Cloudy,73,Final
2024-05-25,09:40,Colorado Rockies,Philadelphia Phillies,3,2,Coors Field,Cloudy,70,Final
2024-05-25,10:38,Los Angeles Angels,Cleveland Guardians,4,10,Angel Stadium,Partly Cloudy,66,Final
2024-05-25,10:40,Oakland Athletics,Houston Astros,3,6,Oakland Coliseum,Cloudy,56,Final
2024-05-25,10:40,Arizona Diamondbacks,Miami Marlins,0,3,Chase Field,Roof Closed,78,Final
2024-05-25,10:40,San Diego Padres,New York Yankees,0,8,Petco Park,Partly Cloudy,64,Final
2024-05-25,09:15,St. Louis Cardinals,Chicago Cubs,0,0,Busch Stadium,Clear,89,Final
2024-05-26,02:10,Detroit Tigers,Toronto Blue Jays,2,1,Comerica Park,Partly Cloudy,78,Final
2024-05-26,02:40,New York Mets,San Francisco Giants,2,7,Citi Field,Sunny,79,Final
2024-05-26,03:10,Minnesota Twins,Texas Rangers,5,3,Target Field,Partly Cloudy,72,Final
2024-05-26,03:10,Chicago White Sox,Baltimore Orioles,3,5,Guaranteed Rate Field,Sunny,68,Final
2024-05-26,05:05,Washington Nationals,Seattle Mariners,3,1,Nationals Park,Partly Cloudy,88,Final
2024-05-26,05:05,Pittsburgh Pirates,Atlanta Braves,4,1,PNC Park,Cloudy,71,Final
2024-05-26,05:07,Oakland Athletics,Houston Astros,3,1,Oakland Coliseum,Cloudy,57,Final
2024-05-26,05:10,Tampa Bay Rays,Kansas City Royals,4,7,Tropicana Field,Dome,72,Final
2024-05-26,05:10,Boston Red Sox,Milwaukee Brewers,3,6,Fenway Park,Partly Cloudy,77,Final
2024-05-26,08:15,Cincinnati Reds,Los Angeles Dodgers,3,1,Great American Ball Park,Partly Cloudy,79,Final
2024-05-26,08:15,St. Louis Cardinals,Chicago Cubs,7,6,Busch Stadium,Clear,81,Final
2024-05-26,10:10,Colorado Rockies,Philadelphia Phillies,4,8,Coors Field,Overcast,68,Final
2024-05-26,10:38,Los Angeles Angels,Cleveland Guardians,3,4,Angel Stadium,Partly Cloudy,66,Final
2024-05-26,10:40,San Diego Padres,New York Yankees,1,4,Petco Park,Cloudy,61,Final
2024-05-26,11:10,Arizona Diamondbacks,Miami Marlins,3,2,Chase Field,Clear,89,Final
2024-05-27,00:35,Detroit Tigers,Toronto Blue Jays,14,11,Comerica Park,Partly Cloudy,74,Final
2024-05-27,01:10,Cincinnati Reds,Los Angeles Dodgers,4,1,Great American Ball Park,Cloudy,80,Final
2024-05-27,02:35,Washington Nationals,Seattle Mariners,5,9,Nationals Park,Partly Cloudy,84,Final
2024-05-27,02:35,Pittsburgh Pirates,Atlanta Braves,1,8,PNC Park,Partly Cloudy,79,Final
2024-05-27,02:35,Boston Red Sox,Milwaukee Brewers,2,1,Fenway Park,Sunny,81,Final
2024-05-27,02:40,New York Mets,San Francisco Giants,4,3,Citi Field,Sunny,81,Final
2024-05-27,02:40,Tampa Bay Rays,Kansas City Royals,4,1,Tropicana Field,Dome,72,Final
2024-05-27,03:10,Minnesota Twins,Texas Rangers,2,6,Target Field,Overcast,68,Final
2024-05-27,03:10,Chicago White Sox,Baltimore Orioles,1,4,Guaranteed Rate Field,Overcast,62,Final
2024-05-27,04:10,Colorado Rockies,Philadelphia Phillies,5,2,Coors Field,Partly Cloudy,66,Final
2024-05-27,05:07,Los Angeles Angels,Cleveland Guardians,4,5,Angel Stadium,Partly Cloudy,71,Final
2024-05-27,05:07,Oakland Athletics,Houston Astros,2,5,Oakland Coliseum,Sunny,67,Final
2024-05-27,05:10,Arizona Diamondbacks,Miami Marlins,1,3,Chase Field,Roof Closed,74,Final
2024-05-27,05:10,San Diego Padres,New York Yankees,5,2,Petco Park,Partly Cloudy,63,Final
2024-05-27,08:10,St. Louis Cardinals,Chicago Cubs,4,3,Busch Stadium,Overcast,64,Final
2024-05-28,02:05,Baltimore Orioles,Boston Red Sox,11,3,Oriole Park at Camden Yards,Overcast,82,Final
2024-05-28,03:10,Minnesota Twins,Kansas City Royals,6,5,Target Field,Cloudy,60,Final
2024-05-28,03:10,Chicago White Sox,Toronto Blue Jays,1,5,Guaranteed Rate Field,Cloudy,66,Final
2024-05-28,05:10,Colorado Rockies,Cleveland Guardians,8,6,Coors Field,Sunny,74,Final
2024-05-28,05:10,Cincinnati Reds,St. Louis Cardinals,3,1,Great American Ball Park,Partly Cloudy,78,Final
2024-05-28,05:10,Atlanta Braves,Washington Nationals,4,8,Truist Park,Partly Cloudy,83,Final
2024-05-28,05:10,Milwaukee Brewers,Chicago Cubs,5,1,American Family Field,Roof Closed,69,Final
2024-05-28,06:05,San Francisco Giants,Philadelphia Phillies,8,4,Oracle Park,Sunny,63,Final
2024-05-28,07:40,San Diego Padres,Miami Marlins,2,1,Petco Park,Partly Cloudy,66,Final
2024-05-28,10:40,Seattle Mariners,Houston Astros,3,2,T-Mobile Park,Partly Cloudy,62,Final
2024-05-28,05:10,New York Mets,Los Angeles Dodgers,0,0,Citi Field,Partly Cloudy,76,Final
2024-05-29,05:10,New York Mets,Los Angeles Dodgers,2,5,Citi Field,Clear,81,Final
2024-05-29,05:15,New York Mets,Los Angeles Dodgers,0,3,Citi Field,Partly Cloudy,76,Final
2024-05-29,07:35,Baltimore Orioles,Boston Red Sox,3,8,Oriole Park at Camden Yards,Partly Cloudy,77,Final
2024-05-29,07:40,Cincinnati Reds,St. Louis Cardinals,1,7,Great American Ball Park,Partly Cloudy,72,Final
2024-05-29,07:50,Tampa Bay Rays,Oakland Athletics,0,3,Tropicana Field,Dome,72,Final
2024-05-29,08:20,Atlanta Braves,Washington Nationals,2,0,Truist Park,Partly Cloudy,82,Final
2024-05-29,08:40,Minnesota Twins,Kansas City Royals,4,2,Target Field,Partly Cloudy,65,Final
2024-05-29,08:40,Chicago White Sox,Toronto Blue Jays,2,7,Guaranteed Rate Field,Rain,61,Final
2024-05-29,08:40,Milwaukee Brewers,Chicago Cubs,3,6,American Family Field,Roof Closed,69,Final
2024-05-29,09:05,Texas Rangers,Arizona Diamondbacks,4,2,Globe Life Field,Roof Closed,74,Final
2024-05-29,09:40,Colorado Rockies,Cleveland Guardians,7,13,Coors Field,Cloudy,74,Final
2024-05-29,10:38,Los Angeles Angels,New York Yankees,4,3,Angel Stadium,Clear,69,Final
2024-05-29,10:40,Seattle Mariners,Houston Astros,4,2,T-Mobile Park,Cloudy,56,Final
2024-05-29,10:40,San Diego Padres,Miami Marlins,4,0,Petco Park,Partly Cloudy,63,Final
2024-05-29,10:45,San Francisco Giants,Philadelphia Phillies,1,0,Oracle Park,Clear,60,Final
2024-05-29,07:40,Detroit Tigers,Pittsburgh Pirates,0,0,Comerica Park,Partly Cloudy,70,Final
2024-05-30,01:40,Detroit Tigers,Pittsburgh Pirates,8,0,Comerica Park,Cloudy,68,Final
2024-05-30,01:45,Detroit Tigers,Pittsburgh Pirates,2,10,Comerica Park,Partly Cloudy,70,Final
2024-05-30,02:10,Cincinnati Reds,St. Louis Cardinals,3,5,Great American Ball Park,Cloudy,66,Final
2024-05-30,03:35,Texas Rangers,Arizona Diamondbacks,6,1,Globe Life Field,Roof Closed,74,Final
2024-05-30,04:45,San Francisco Giants,Philadelphia Phillies,1,6,Oracle Park,Sunny,65,Final
2024-05-30,05:10,New York Mets,Los Angeles Dodgers,3,10,Citi Field,Partly Cloudy,76,Final
2024-05-30,05:10,San Diego Padres,Miami Marlins,1,9,Petco Park,Partly Cloudy,64,Final
2024-05-30,07:35,Baltimore Orioles,Boston Red Sox,6,1,Oriole Park at Camden Yards,Overcast,67,Final
2024-05-30,07:50,Tampa Bay Rays,Oakland Athletics,4,3,Tropicana Field,Dome,72,Final
2024-05-30,08:20,Atlanta Braves,Washington Nationals,2,7,Truist Park,Partly Cloudy,80,Final
2024-05-30,08:40,Minnesota Twins,Kansas City Royals,1,6,Target Field,Partly Cloudy,71,Final
2024-05-30,08:40,Chicago White Sox,Toronto Blue Jays,1,3,Guaranteed Rate Field,Clear,60,Final
2024-05-30,08:40,Milwaukee Brewers,Chicago Cubs,10,6,American Family Field,Roof Closed,61,Final
2024-05-30,09:40,Colorado Rockies,Cleveland Guardians,7,4,Coors Field,Clear,78,Final
2024-05-30,10:38,Los Angeles Angels,New York Yankees,1,2,Angel Stadium,Clear,68,Final
2024-05-30,10:40,Seattle Mariners,Houston Astros,2,1,T-Mobile Park,Roof Closed,54,Final
2024-05-31,02:10,Tampa Bay Rays,Oakland Athletics,6,5,Tropicana Field,Dome,72,Final
2024-05-31,02:10,Minnesota Twins,Kansas City Royals,7,6,Target Field,Partly Cloudy,77,Final
2024-05-31,02:10,Milwaukee Brewers,Chicago Cubs,6,4,American Family Field,Sunny,64,Final
2024-05-31,05:10,Seattle Mariners,Houston Astros,0,4,T-Mobile Park,Partly Cloudy,54,Final
2024-05-31,08:10,Boston Red Sox,Detroit Tigers,0,5,Fenway Park,Partly Cloudy,62,Final
2024-05-31,08:10,New York Mets,Arizona Diamondbacks,3,2,Citi Field,Partly Cloudy,69,Final
2024-05-31,08:20,Atlanta Braves,Washington Nationals,1,3,Truist Park,Clear,79,Final
2024-05-31,10:38,Los Angeles Angels,New York Yankees,3,8,Angel Stadium,Clear,68,Final
2024-06-01,03:20,Chicago Cubs,Cincinnati Reds,4,5,Wrigley Field,Partly Cloudy,76,Final
2024-06-01,07:40,Philadelphia Phillies,St. Louis Cardinals,4,2,Citizens Bank Park,Clear,77,Final
2024-06-01,08:05,Baltimore Orioles,Tampa Bay Rays,3,1,Oriole Park at Camden Yards,Clear,74,Final
2024-06-01,08:07,Toronto Blue Jays,Pittsburgh Pirates,5,3,Rogers Centre,Clear,71,Final
2024-06-01,08:10,Boston Red Sox,Detroit Tigers,7,3,Fenway Park,Partly Cloudy,73,Final
2024-06-01,08:10,Cleveland Guardians,Washington Nationals,7,1,Progressive Field,Clear,69,Final
2024-06-01,08:10,New York Mets,Arizona Diamondbacks,10,9,Citi Field,Clear,74,Final
2024-06-01,08:10,Miami Marlins,Texas Rangers,8,2,loanDepot park,Roof Closed,72,Final
2024-06-01,08:20,Atlanta Braves,Oakland Athletics,4,2,Truist Park,Partly Cloudy,78,Final
2024-06-01,09:10,Kansas City Royals,San Diego Padres,8,11,Kauffman Stadium,Overcast,69,Final
2024-06-01,09:10,Houston Astros,Minnesota Twins,1,6,Minute Maid Park,Roof Closed,73,Final
2024-06-01,09:10,Milwaukee Brewers,Chicago White Sox,12,5,American Family Field,Roof Closed,74,Final
2024-06-01,11:10,Los Angeles Dodgers,Colorado Rockies,1,4,Dodger Stadium,Clear,64,Final
2024-06-01,11:10,Seattle Mariners,Los Angeles Angels,5,4,T-Mobile Park,Clear,68,Final
2024-06-01,11:15,San Francisco Giants,New York Yankees,2,6,Oracle Park,Clear,61,Final
2024-06-02,04:07,Toronto Blue Jays,Pittsburgh Pirates,1,8,Rogers Centre,Partly Cloudy,70,Final
2024-06-02,05:05,Baltimore Orioles,Tampa Bay Rays,9,5,Oriole Park at Camden Yards,Partly Cloudy,83,Final
2024-06-02,05:10,Boston Red Sox,Detroit Tigers,6,3,Fenway Park,Sunny,80,Final
2024-06-02,05:10,Cleveland Guardians,Washington Nationals,3,2,Progressive Field,Partly Cloudy,80,Final
2024-06-02,05:10,New York Mets,Arizona Diamondbacks,5,10,Citi Field,Sunny,84,Final
2024-06-02,05:10,Kansas City Royals,San Diego Padres,3,7,Kauffman Stadium,Partly Cloudy,80,Final
2024-06-02,05:10,Houston Astros,Minnesota Twins,5,2,Minute Maid Park,Roof Closed,73,Final
2024-06-02,05:10,Atlanta Braves,Oakland Athletics,9,11,Truist Park,Cloudy,75,Final
2024-06-02,05:10,Miami Marlins,Texas Rangers,0,7,loanDepot park,Roof Closed,72,Final
2024-06-02,05:10,Milwaukee Brewers,Chicago White Sox,4,3,American Family Field,Roof Closed,71,Final
2024-06-02,08:15,Chicago Cubs,Cincinnati Reds,7,5,Wrigley Field,Drizzle,62,Final
2024-06-02,08:15,Seattle Mariners,Los Angeles Angels,9,0,T-Mobile Park,Cloudy,65,Final
2024-06-02,08:15,Philadelphia Phillies,St. Louis Cardinals,6,1,Citizens Bank Park,Clear,81,Final
2024-06-02,11:05,San Francisco Giants,New York Yankees,3,7,Oracle Park,Partly Cloudy,64,Final
2024-06-02,11:10,Los Angeles Dodgers,Colorado Rockies,4,1,Dodger Stadium,Clear,65,Final
2024-06-03,02:05,Houston Astros,Minnesota Twins,3,4,Minute Maid Park,Roof Closed,73,Final
2024-06-03,02:35,Boston Red Sox,Detroit Tigers,4,8,Fenway Park,Partly Cloudy,83,Final
2024-06-03,02:35,Baltimore Orioles,Tampa Bay Rays,3,4,Oriole Park at Camden Yards,Partly Cloudy,81,Final
2024-06-03,02:35,Atlanta Braves,Oakland Athletics,3,1,Truist Park,Cloudy,77,Final
2024-06-03,02:37,Toronto Blue Jays,Pittsburgh Pirates,5,4,Rogers Centre,Roof Closed,68,Final
2024-06-03,02:40,Cleveland Guardians,Washington Nationals,2,5,Progressive Field,Overcast,68,Final
2024-06-03,02:40,New York Mets,Arizona Diamondbacks,4,5,Citi Field,Sunny,81,Final
2024-06-03,02:40,Miami Marlins,Texas Rangers,0,6,loanDepot park,Roof Closed,72,Final
2024-06-03,03:10,Kansas City Royals,San Diego Padres,4,3,Kauffman Stadium,Cloudy,82,Final
2024-06-03,03:10,Milwaukee Brewers,Chicago White Sox,6,3,American Family Field,Partly Cloudy,74,Final
2024-06-03,03:20,Chicago Cubs,Cincinnati Reds,2,5,Wrigley Field,Sunny,67,Final
2024-06-03,05:05,San Francisco Giants,New York Yankees,5,7,Oracle Park,Sunny,63,Final
2024-06-03,05:10,Los Angeles Dodgers,Colorado Rockies,4,0,Dodger Stadium,Overcast,69,Final
2024-06-03,05:10,Seattle Mariners,Los Angeles Angels,5,1,T-Mobile Park,Roof Closed,60,Final
2024-06-03,08:10,Philadelphia Phillies,St. Louis Cardinals,4,5,Citizens Bank Park,Partly Cloudy,80,Final
2024-06-04,07:40,Philadelphia Phillies,Milwaukee Brewers,3,1,Citizens Bank Park,Cloudy,85,Final
2024-06-04,07:45,Washington Nationals,New York Mets,7,8,Nationals Park,Partly Cloudy,84,Final
2024-06-04,08:07,Toronto Blue Jays,Baltimore Orioles,2,7,Rogers Centre,Partly Cloudy,71,Final
2024-06-04,09:05,Texas Rangers,Detroit Tigers,1,2,Globe Life Field,Roof Closed,74,Final
2024-06-04,09:10,Houston Astros,St. Louis Cardinals,7,4,Minute Maid Park,Roof Closed,73,Final
2024-06-04,09:40,Colorado Rockies,Cincinnati Reds,3,13,Coors Field,Cloudy,83,Final
2024-06-04,10:38,Los Angeles Angels,San Diego Padres,2,1,Angel Stadium,Partly Cloudy,69,Final
2024-06-04,10:40,Arizona Diamondbacks,San Francisco Giants,4,2,Chase Field,Roof Closed,78,Final
2024-06-05,07:40,Cleveland Guardians,Kansas City Royals,8,5,Progressive Field,Cloudy,81,Final
2024-06-05,07:40,Pittsburgh Pirates,Los Angeles Dodgers,1,0,PNC Park,Cloudy,80,Final
2024-06-05,07:40,Miami Marlins,Tampa Bay Rays,5,9,loanDepot park,Roof Closed,72,Final
2024-06-05,07:40,Philadelphia Phillies,Milwaukee Brewers,2,1,Citizens Bank Park,Clear,82,Final
2024-06-05,07:45,Washington Nationals,New York Mets,3,6,Nationals Park,Partly Cloudy,81,Final
2024-06-05,08:05,New York Yankees,Minnesota Twins,5,1,Yankee Stadium,Partly Cloudy,75,Final
2024-06-05,08:07,Toronto Blue Jays,Baltimore Orioles,1,10,Rogers Centre,Clear,69,Final
2024-06-05,08:10,Boston Red Sox,Atlanta Braves,3,8,Fenway Park,Partly Cloudy,72,Final
2024-06-05,09:05,Texas Rangers,Detroit Tigers,1,3,Globe Life Field,Roof Closed,74,Final
2024-06-05,09:05,Chicago Cubs,Chicago White Sox,7,6,Wrigley Field,Cloudy,75,Final
2024-06-05,09:10,Houston Astros,St. Louis Cardinals,8,5,Minute Maid Park,Roof Closed,73,Final
2024-06-05,09:40,Colorado Rockies,Cincinnati Reds,1,4,Coors Field,Partly Cloudy,81,Final
2024-06-05,10:38,Los Angeles Angels,San Diego Padres,4,2,Angel Stadium,Clear,73,Final
2024-06-05,10:40,Oakland Athletics,Seattle Mariners,3,4,Oakland Coliseum,Clear,77,Final
2024-06-05,10:40,Arizona Diamondbacks,San Francisco Giants,8,5,Chase Field,Roof Closed,78,Final
2024-06-06,02:35,Boston Red Sox,Atlanta Braves,9,0,Fenway Park,Partly Cloudy,80,Final
2024-06-06,03:10,Houston Astros,St. Louis Cardinals,2,4,Minute Maid Park,Roof Closed,73,Final
2024-06-06,04:10,Colorado Rockies,Cincinnati Reds,7,12,Coors Field,Sunny,84,Final
2024-06-06,04:40,Arizona Diamondbacks,San Francisco Giants,3,9,Chase Field,Roof Closed,74,Final
2024-06-06,05:05,Washington Nationals,New York Mets,1,9,Nationals Park,Cloudy,76,Final
2024-06-06,05:05,Philadelphia Phillies,Milwaukee Brewers,2,0,Citizens Bank Park,Partly Cloudy,84,Final
2024-06-06,07:40,Pittsburgh Pirates,Los Angeles Dodgers,10,6,PNC Park,Cloudy,80,Final
2024-06-06,07:40,Miami Marlins,Tampa Bay Rays,3,5,loanDepot park,Roof Closed,72,Final
2024-06-06,08:05,New York Yankees,Minnesota Twins,9,5,Yankee Stadium,Cloudy,74,Final
2024-06-06,08:07,Toronto Blue Jays,Baltimore Orioles,3,2,Rogers Centre,Roof Closed,68,Final
2024-06-06,09:05,Texas Rangers,Detroit Tigers,9,1,Globe Life Field,Roof Closed,74,Final
2024-06-06,09:05,Chicago Cubs,Chicago White Sox,7,6,Wrigley Field,Clear,80,Final
2024-06-06,10:38,Los Angeles Angels,San Diego Padres,3,2,Angel Stadium,Clear,70,Final
2024-06-06,10:40,Oakland Athletics,Seattle Mariners,2,1,Oakland Coliseum,Clear,77,Final
2024-06-06,07:40,Cleveland Guardians,Kansas City Royals,0,0,Progressive Field,Sunny,84,Final
2024-06-07,02:07,Toronto Blue Jays,Baltimore Orioles,6,5,Rogers Centre,Partly Cloudy,73,Final
2024-06-07,02:10,Cleveland Guardians,Kansas City Royals,3,4,Progressive Field,Sunny,74,Final
2024-06-07,04:37,Oakland Athletics,Seattle Mariners,0,3,Oakland Coliseum,Sunny,69,Final
2024-06-07,07:40,Pittsburgh Pirates,Los Angeles Dodgers,7,11,PNC Park,Cloudy,75,Final
2024-06-07,07:45,Washington Nationals,Atlanta Braves,2,5,Nationals Park,Partly Cloudy,84,Final
2024-06-07,08:05,New York Yankees,Minnesota Twins,8,5,Yankee Stadium,Partly Cloudy,76,Final
2024-06-07,08:10,Cincinnati Reds,Chicago Cubs,8,4,Great American Ball Park,Partly Cloudy,78,Final
2024-06-07,08:45,St. Louis Cardinals,Colorado Rockies,2,3,Busch Stadium,Clear,80,Final
2024-06-07,09:10,Chicago White Sox,Boston Red Sox,2,14,Guaranteed Rate Field,Cloudy,76,Final
2024-06-07,10:40,San Diego Padres,Arizona Diamondbacks,3,4,Petco Park,Cloudy,65,Final
2024-06-08,03:15,St. Louis Cardinals,Colorado Rockies,8,5,Busch Stadium,Clear,87,Final
2024-06-08,07:40,Pittsburgh Pirates,Minnesota Twins,3,0,PNC Park,Partly Cloudy,72,Final
2024-06-08,07:40,Detroit Tigers,Milwaukee Brewers,0,10,Comerica Park,Cloudy,70,Final
2024-06-08,07:45,Washington Nationals,Atlanta Braves,2,1,Nationals Park,Partly Cloudy,82,Final
2024-06-08,07:50,Tampa Bay Rays,Baltimore Orioles,3,6,Tropicana Field,Dome,72,Final
2024-06-08,08:05,New York Yankees,Los Angeles Dodgers,1,2,Yankee Stadium,Partly Cloudy,80,Final
2024-06-08,08:10,Cincinnati Reds,Chicago Cubs,3,2,Great American Ball Park,Clear,77,Final
2024-06-08,08:10,Miami Marlins,Cleveland Guardians,3,2,loanDepot park,Roof Closed,72,Final
2024-06-08,09:05,Texas Rangers,San Francisco Giants,2,5,Globe Life Field,Roof Closed,74,Final
2024-06-08,09:10,Kansas City Royals,Seattle Mariners,10,9,Kauffman Stadium,Cloudy,87,Final
2024-06-08,09:10,Chicago White Sox,Boston Red Sox,7,2,Guaranteed Rate Field,Cloudy,73,Final
2024-06-08,10:38,Los Angeles Angels,Houston Astros,1,7,Angel Stadium,Clear,68,Final
2024-06-08,10:40,San Diego Padres,Arizona Diamondbacks,10,3,Petco Park,Cloudy,65,Final
2024-06-08,10:40,Oakland Athletics,Toronto Blue Jays,2,1,Oakland Coliseum,Clear,63,Final
2024-06-09,02:10,New York Mets,Philadelphia Phillies,2,7,London Stadium,Partly Cloudy,66,Final
2024-06-09,05:05,Texas Rangers,San Francisco Giants,1,3,Globe Life Field,Roof Closed,74,Final
2024-06-09,05:05,Pittsburgh Pirates,Minnesota Twins,4,0,PNC Park,Partly Cloudy,79,Final
2024-06-09,05:05,Washington Nationals,Atlanta Braves,7,3,Nationals Park,Partly Cloudy,83,Final
2024-06-09,05:07,Oakland Athletics,Toronto Blue Jays,0,7,Oakland Coliseum,Cloudy,65,Final
2024-06-09,05:10,Cincinnati Reds,Chicago Cubs,4,3,Great American Ball Park,Partly Cloudy,79,Final
2024-06-09,05:10,Kansas City Royals,Seattle Mariners,8,4,Kauffman Stadium,Partly Cloudy,85,Final
2024-06-09,05:10,Tampa Bay Rays,Baltimore Orioles,0,5,Tropicana Field,Dome,72,Final
2024-06-09,05:10,Chicago White Sox,Boston Red Sox,6,1,Guaranteed Rate Field,Cloudy,77,Final
2024-06-09,05:10,Detroit Tigers,Milwaukee Brewers,4,5,Comerica Park,Cloudy,77,Final
2024-06-09,05:15,St. Louis Cardinals,Colorado Rockies,5,6,Busch Stadium,Partly Cloudy,81,Final
2024-06-09,08:35,Miami Marlins,Cleveland Guardians,0,8,loanDepot park,Roof Closed,72,Final
2024-06-09,08:35,New York Yankees,Los Angeles Dodgers,3,11,Yankee Stadium,Partly Cloudy,76,Final
2024-06-09,09:40,San Diego Padres,Arizona Diamondbacks,13,1,Petco Park,Partly Cloudy,66,Final
2024-06-09,11:07,Los Angeles Angels,Houston Astros,1,6,Angel Stadium,Partly Cloudy,69,Final
2024-06-09,23:10,Philadelphia Phillies,New York Mets,5,6,London Stadium,Cloudy,61,Final
2024-06-10,02:05,Texas Rangers,San Francisco Giants,7,2,Globe Life Field,Roof Closed,74,Final
2024-06-10,02:35,Pittsburgh Pirates,Minnesota Twins,5,11,PNC Park,Partly Cloudy,74,Final
2024-06-10,02:35,Washington Nationals,Atlanta Braves,8,5,Nationals Park,Cloudy,76,Final
2024-06-10,02:40,Cincinnati Reds,Chicago Cubs,2,4,Great American Ball Park,Partly Cloudy,76,Final
2024-06-10,02:40,Tampa Bay Rays,Baltimore Orioles,2,9,Tropicana Field,Dome,72,Final
2024-06-10,02:40,Miami Marlins,Cleveland Guardians,3,6,loanDepot park,Roof Closed,72,Final
2024-06-10,02:40,Detroit Tigers,Milwaukee Brewers,10,2,Comerica Park,Sunny,75,Final
2024-06-10,03:10,Kansas City Royals,Seattle Mariners,5,6,Kauffman Stadium,Sunny,76,Final
2024-06-10,03:10,Chicago White Sox,Boston Red Sox,4,6,Guaranteed Rate Field,Sunny,78,Final
2024-06-10,03:15,St. Louis Cardinals,Colorado Rockies,5,1,Busch Stadium,Overcast,71,Final
2024-06-10,05:07,Los Angeles Angels,Houston Astros,9,7,Angel Stadium,Overcast,72,Final
2024-06-10,05:07,Oakland Athletics,Toronto Blue Jays,4,6,Oakland Coliseum,Sunny,67,Final
2024-06-10,05:10,San Diego Padres,Arizona Diamondbacks,3,9,Petco Park,Partly Cloudy,67,Final
2024-06-10,08:10,New York Yankees,Los Angeles Dodgers,6,4,Yankee Stadium,Clear,74,Final
2024-06-11,07:50,Tampa Bay Rays,Baltimore Orioles,2,5,Tropicana Field,Dome,72,Final
2024-06-11,08:40,Minnesota Twins,Colorado Rockies,5,0,Target Field,Partly Cloudy,75,Final
2024-06-11,09:10,Kansas City Royals,New York Yankees,2,4,Kauffman Stadium,Clear,80,Final
2024-06-11,09:10,Milwaukee Brewers,Toronto Blue Jays,3,1,American Family Field,Roof Closed,71,Final
2024-06-11,10:40,San Diego Padres,Oakland Athletics,6,1,Petco Park,Cloudy,66,Final
2024-06-11,10:40,Seattle Mariners,Chicago White Sox,8,4,T-Mobile Park,Partly Cloudy,64,Final
2024-06-11,10:45,San Francisco Giants,Houston Astros,4,3,Oracle Park,Clear,58,Final
2024-06-12,07:35,Baltimore Orioles,Atlanta Braves,4,0,Oriole Park at Camden Yards,Partly Cloudy,74,Final
2024-06-12,07:40,Detroit Tigers,Washington Nationals,4,5,Comerica Park,Partly Cloudy,72,Final
2024-06-12,07:50,Tampa Bay Rays,Chicago Cubs,5,2,Tropicana Field,Dome,72,Final
2024-06-12,08:10,Cincinnati Reds,Cleveland Guardians,3,5,Great American Ball Park,Partly Cloudy,76,Final
2024-06-12,08:10,Boston Red Sox,Philadelphia Phillies,1,4,Fenway Park,Partly Cloudy,70,Final
2024-06-12,08:10,New York Mets,Miami Marlins,2,4,Citi Field,Cloudy,71,Final
2024-06-12,08:40,Minnesota Twins,Colorado Rockies,4,5,Target Field,Clear,82,Final
2024-06-12,08:45,St. Louis Cardinals,Pittsburgh Pirates,1,2,Busch Stadium,Clear,82,Final
2024-06-12,09:10,Kansas City Royals,New York Yankees,1,10,Kauffman Stadium,Partly Cloudy,83,Final
2024-06-12,09:10,Milwaukee Brewers,Toronto Blue Jays,0,3,American Family Field,Roof Closed,72,Final
2024-06-12,10:40,Arizona Diamondbacks,Los Angeles Angels,9,4,Chase Field,Roof Closed,78,Final
2024-06-12,10:40,San Diego Padres,Oakland Athletics,4,3,Petco Park,Overcast,65,Final
2024-06-12,10:40,Seattle Mariners,Chicago White Sox,4,3,T-Mobile Park,Partly Cloudy,61,Final
2024-06-12,10:45,San Francisco Giants,Houston Astros,1,3,Oracle Park,Clear,70,Final
2024-06-12,11:10,Los Angeles Dodgers,Texas Rangers,15,2,Dodger Stadium,Partly Cloudy,69,Final
2024-06-13,02:10,Minnesota Twins,Colorado Rockies,17,9,Target Field,Overcast,65,Final
2024-06-13,03:10,Milwaukee Brewers,Toronto Blue Jays,5,4,American Family Field,Sunny,87,Final
2024-06-13,04:45,San Francisco Giants,Houston Astros,5,3,Oracle Park,Sunny,63,Final
2024-06-13,05:10,San Diego Padres,Oakland Athletics,5,4,Petco Park,Sunny,70,Final
2024-06-13,07:35,Baltimore Orioles,Atlanta Braves,4,2,Oriole Park at Camden Yards,Partly Cloudy,81,Final
2024-06-13,07:40,Detroit Tigers,Washington Nationals,5,7,Comerica Park,Clear,84,Final
2024-06-13,07:50,Tampa Bay Rays,Chicago Cubs,3,4,Tropicana Field,Dome,72,Final
2024-06-13,08:10,Cincinnati Reds,Cleveland Guardians,4,2,Great American Ball Park,Clear,81,Final
2024-06-13,08:10,Boston Red Sox,Philadelphia Phillies,8,6,Fenway Park,Partly Cloudy,75,Final
2024-06-13,08:10,New York Mets,Miami Marlins,10,4,Citi Field,Cloudy,73,Final
2024-06-13,08:45,St. Louis Cardinals,Pittsburgh Pirates,4,2,Busch Stadium,Clear,88,Final
2024-06-13,09:10,Kansas City Royals,New York Yankees,5,11,Kauffman Stadium,Clear,86,Final
2024-06-13,10:40,Arizona Diamondbacks,Los Angeles Angels,3,8,Chase Field,Roof Closed,78,Final
2024-06-13,10:40,Seattle Mariners,Chicago White Sox,2,1,T-Mobile Park,Partly Cloudy,63,Final
2024-06-13,11:10,Los Angeles Dodgers,Texas Rangers,2,3,Dodger Stadium,Clear,69,Final
2024-06-14,02:05,Baltimore Orioles,Atlanta Braves,3,6,Oriole Park at Camden Yards,Partly Cloudy,85,Final
2024-06-14,02:10,Detroit Tigers,Washington Nationals,7,2,Comerica Park,Sunny,85,Final
2024-06-14,03:10,Kansas City Royals,New York Yankees,4,3,Kauffman Stadium,Sunny,90,Final
2024-06-14,03:15,St. Louis Cardinals,Pittsburgh Pirates,4,3,Busch Stadium,Sunny,89,Final
2024-06-14,07:50,Tampa Bay Rays,Chicago Cubs,3,2,Tropicana Field,Dome,72,Final
2024-06-14,08:10,Boston Red Sox,Philadelphia Phillies,9,3,Fenway Park,Partly Cloudy,79,Final
2024-06-14,08:10,New York Mets,Miami Marlins,3,2,Citi Field,Clear,77,Final
2024-06-14,08:40,Minnesota Twins,Oakland Athletics,6,2,Target Field,Clear,81,Final
2024-06-14,10:40,Arizona Diamondbacks,Los Angeles Angels,11,1,Chase Field,Roof Closed,74,Final
2024-06-14,10:40,Seattle Mariners,Chicago White Sox,2,3,T-Mobile Park,Partly Cloudy,67,Final
2024-06-14,11:10,Los Angeles Dodgers,Texas Rangers,1,3,Dodger Stadium,Clear,68,Final
2024-06-15,03:20,Chicago Cubs,St. Louis Cardinals,0,3,Wrigley Field,Sunny,77,Final
2024-06-15,07:30,Boston Red Sox,New York Yankees,1,8,Fenway Park,Overcast,70,Final
2024-06-15,07:45,Washington Nationals,Miami Marlins,8,1,Nationals Park,Cloudy,87,Final
2024-06-15,08:05,Baltimore Orioles,Philadelphia Phillies,3,5,Oriole Park at Camden Yards,Overcast,87,Final
2024-06-15,08:07,Toronto Blue Jays,Cleveland Guardians,1,3,Rogers Centre,Cloudy,74,Final
2024-06-15,08:10,New York Mets,San Diego Padres,2,1,Citi Field,Cloudy,71,Final
2024-06-15,08:20,Atlanta Braves,Tampa Bay Rays,7,3,Truist Park,Clear,92,Final
2024-06-15,09:10,Houston Astros,Detroit Tigers,4,0,Minute Maid Park,Roof Closed,73,Final
2024-06-15,09:10,Minnesota Twins,Oakland Athletics,6,5,Target Field,Partly Cloudy,80,Final
2024-06-15,09:10,Milwaukee Brewers,Cincinnati Reds,5,6,American Family Field,Clear,71,Final
2024-06-15,09:40,Colorado Rockies,Pittsburgh Pirates,2,5,Coors Field,Partly Cloudy,82,Final
2024-06-15,10:40,Arizona Diamondbacks,Chicago White Sox,7,1,Chase Field,Roof Closed,79,Final
2024-06-15,11:10,Los Angeles Dodgers,Kansas City Royals,4,3,Dodger Stadium,Clear,75,Final
2024-06-15,11:10,Seattle Mariners,Texas Rangers,3,2,T-Mobile Park,Roof Closed,58,Final
2024-06-15,11:15,San Francisco Giants,Los Angeles Angels,6,8,Oracle Park,Clear,63,Final
2024-06-16,03:20,Chicago Cubs,St. Louis Cardinals,5,1,Wrigley Field,Partly Cloudy,78,Final
2024-06-16,04:07,Toronto Blue Jays,Cleveland Guardians,5,0,Rogers Centre,Sunny,66,Final
2024-06-16,05:05,San Francisco Giants,Los Angeles Angels,3,4,Oracle Park,Sunny,71,Final
2024-06-16,05:05,Baltimore Orioles,Philadelphia Phillies,6,2,Oriole Park at Camden Yards,Sunny,84,Final
2024-06-16,05:05,Washington Nationals,Miami Marlins,4,0,Nationals Park,Partly Cloudy,81,Final
2024-06-16,05:10,Houston Astros,Detroit Tigers,5,13,Minute Maid Park,Roof Closed,73,Final
2024-06-16,05:10,New York Mets,San Diego Padres,5,1,Citi Field,Sunny,81,Final
2024-06-16,05:10,Atlanta Braves,Tampa Bay Rays,9,2,Truist Park,Sunny,94,Final
2024-06-16,05:10,Milwaukee Brewers,Cincinnati Reds,3,1,American Family Field,Cloudy,76,Final
2024-06-16,08:15,Seattle Mariners,Texas Rangers,7,5,T-Mobile Park,Partly Cloudy,59,Final
2024-06-16,08:15,Boston Red Sox,New York Yankees,8,4,Fenway Park,Clear,76,Final
2024-06-16,10:10,Los Angeles Dodgers,Kansas City Royals,2,7,Dodger Stadium,Clear,77,Final
2024-06-16,10:10,Colorado Rockies,Pittsburgh Pirates,16,4,Coors Field,Cloudy,89,Final
2024-06-16,11:10,Arizona Diamondbacks,Chicago White Sox,2,9,Chase Field,Roof Closed,77,Final
2024-06-16,03:10,Minnesota Twins,Oakland Athletics,0,0,Target Field,Partly Cloudy,87,Final
2024-06-17,02:05,Chicago Cubs,St. Louis Cardinals,1,2,Wrigley Field,Sunny,86,Final
2024-06-17,02:35,Baltimore Orioles,Philadelphia Phillies,8,3,Oriole Park at Camden Yards,Cloudy,83,Final
2024-06-17,02:35,Atlanta Braves,Tampa Bay Rays,6,8,Truist Park,Partly Cloudy,93,Final
2024-06-17,02:35,Washington Nationals,Miami Marlins,3,1,Nationals Park,Partly Cloudy,84,Final
2024-06-17,02:37,Toronto Blue Jays,Cleveland Guardians,7,6,Rogers Centre,Sunny,64,Final
2024-06-17,02:40,New York Mets,San Diego Padres,11,6,Citi Field,Sunny,77,Final
2024-06-17,03:10,Houston Astros,Detroit Tigers,4,1,Minute Maid Park,Roof Closed,73,Final
2024-06-17,03:10,Minnesota Twins,Oakland Athletics,6,2,Target Field,Cloudy,82,Final
2024-06-17,08:40,Minnesota Twins,Oakland Athletics,8,7,Target Field,Partly Cloudy,87,Final
2024-06-17,03:10,Milwaukee Brewers,Cincinnati Reds,5,4,American Family Field,Partly Cloudy,79,Final
2024-06-17,04:10,Colorado Rockies,Pittsburgh Pirates,2,8,Coors Field,Partly Cloudy,82,Final
2024-06-17,05:05,San Francisco Giants,Los Angeles Angels,13,6,Oracle Park,Sunny,68,Final
2024-06-17,05:10,Los Angeles Dodgers,Kansas City Royals,3,0,Dodger Stadium,Sunny,78,Final
2024-06-17,05:10,Seattle Mariners,Texas Rangers,5,0,T-Mobile Park,Partly Cloudy,54,Final
2024-06-17,05:10,Arizona Diamondbacks,Chicago White Sox,12,5,Chase Field,Roof Closed,78,Final
2024-06-17,08:10,Boston Red Sox,New York Yankees,9,3,Fenway Park,Partly Cloudy,68,Final
2024-06-18,07:40,Pittsburgh Pirates,Cincinnati Reds,4,1,PNC Park,Cloudy,75,Final
2024-06-18,07:40,Philadelphia Phillies,San Diego Padres,9,2,Citizens Bank Park,Partly Cloudy,86,Final
2024-06-18,07:40,Miami Marlins,St. Louis Cardinals,6,7,loanDepot park,Roof Closed,72,Final
2024-06-18,08:07,Toronto Blue Jays,Boston Red Sox,3,7,Rogers Centre,Clear,75,Final
2024-06-18,08:20,Atlanta Braves,Detroit Tigers,2,1,Truist Park,Partly Cloudy,89,Final
2024-06-18,09:05,Chicago Cubs,San Francisco Giants,6,7,Wrigley Field,Cloudy,93,Final
2024-06-18,09:05,Texas Rangers,New York Mets,2,14,Globe Life Field,Roof Closed,74,Final
2024-06-18,09:40,Colorado Rockies,Los Angeles Dodgers,5,9,Coors Field,Partly Cloudy,87,Final
2024-06-18,10:38,Los Angeles Angels,Milwaukee Brewers,5,3,Angel Stadium,Clear,71,Final
2024-06-19,07:10,Miami Marlins,St. Louis Cardinals,9,8,loanDepot park,Roof Closed,72,Final
2024-06-19,07:40,Pittsburgh Pirates,Cincinnati Reds,1,2,PNC Park,Partly Cloudy,83,Final
2024-06-19,07:40,Cleveland Guardians,Seattle Mariners,5,8,Progressive Field,Cloudy,83,Final
2024-06-19,07:40,Philadelphia Phillies,San Diego Padres,4,3,Citizens Bank Park,Partly Cloudy,89,Final
2024-06-19,07:45,Washington Nationals,Arizona Diamondbacks,0,5,Nationals Park,Partly Cloudy,87,Final
2024-06-19,08:05,New York Yankees,Baltimore Orioles,4,2,Yankee Stadium,Partly Cloudy,83,Final
2024-06-19,08:07,Toronto Blue Jays,Boston Red Sox,3,4,Rogers Centre,Partly Cloudy,72,Final
2024-06-19,08:20,Atlanta Braves,Detroit Tigers,2,1,Truist Park,Partly Cloudy,84,Final
2024-06-19,08:40,Minnesota Twins,Tampa Bay Rays,7,6,Target Field,Partly Cloudy,85,Final
2024-06-19,09:05,Chicago Cubs,San Francisco Giants,5,2,Wrigley Field,Partly Cloudy,87,Final
2024-06-19,09:05,Texas Rangers,New York Mets,6,7,Globe Life Field,Roof Closed,74,Final
2024-06-19,09:10,Chicago White Sox,Houston Astros,2,0,Guaranteed Rate Field,Partly Cloudy,88,Final
2024-06-19,09:40,Colorado Rockies,Los Angeles Dodgers,9,11,Coors Field,Cloudy,72,Final
2024-06-19,10:38,Los Angeles Angels,Milwaukee Brewers,3,6,Angel Stadium,Clear,74,Final
2024-06-19,10:40,Oakland Athletics,Kansas City Royals,7,5,Oakland Coliseum,Partly Cloudy,69,Final
2024-06-20,01:20,Atlanta Braves,Detroit Tigers,7,0,Truist Park,Partly Cloudy,80,Final
2024-06-20,01:35,Pittsburgh Pirates,Cincinnati Reds,1,0,PNC Park,Partly Cloudy,87,Final
2024-06-20,01:40,Miami Marlins,St. Louis Cardinals,4,3,loanDepot park,Roof Closed,72,Final
2024-06-20,02:05,Philadelphia Phillies,San Diego Padres,2,5,Citizens Bank Park,Sunny,87,Final
2024-06-20,03:20,Chicago Cubs,San Francisco Giants,6,5,Wrigley Field,Sunny,91,Final
2024-06-20,05:05,Washington Nationals,Arizona Diamondbacks,3,1,Nationals Park,Partly Cloudy,88,Final
2024-06-20,07:40,Cleveland Guardians,Seattle Mariners,8,0,Progressive Field,Partly Cloudy,85,Final
2024-06-20,08:05,New York Yankees,Baltimore Orioles,6,7,Yankee Stadium,Clear,81,Final
2024-06-20,08:07,Toronto Blue Jays,Boston Red Sox,3,7,Rogers Centre,Clear,84,Final
2024-06-20,08:40,Minnesota Twins,Tampa Bay Rays,2,3,Target Field,Partly Cloudy,72,Final
2024-06-20,09:05,Texas Rangers,New York Mets,5,3,Globe Life Field,Roof Closed,74,Final
2024-06-20,09:10,Chicago White Sox,Houston Astros,1,4,Guaranteed Rate Field,Partly Cloudy,90,Final
2024-06-20,09:40,Colorado Rockies,Los Angeles Dodgers,7,6,Coors Field,Partly Cloudy,73,Final
2024-06-20,10:38,Los Angeles Angels,Milwaukee Brewers,0,2,Angel Stadium,Clear,72,Final
2024-06-20,10:40,Oakland Athletics,Kansas City Royals,5,1,Oakland Coliseum,Partly Cloudy,60,Final
2024-06-21,02:05,Washington Nationals,Arizona Diamondbacks,2,5,Nationals Park,Partly Cloudy,84,Final
2024-06-21,02:10,Cleveland Guardians,Seattle Mariners,6,3,Progressive Field,Partly Cloudy,88,Final
2024-06-21,02:10,Minnesota Twins,Tampa Bay Rays,6,7,Target Field,Overcast,69,Final
2024-06-21,03:10,Chicago White Sox,Houston Astros,3,5,Guaranteed Rate Field,Sunny,77,Final
2024-06-21,04:10,Colorado Rockies,Los Angeles Dodgers,3,5,Coors Field,Partly Cloudy,92,Final
2024-06-21,04:37,Oakland Athletics,Kansas City Royals,2,3,Oakland Coliseum,Partly Cloudy,63,Final
2024-06-21,05:05,New York Yankees,Baltimore Orioles,5,17,Yankee Stadium,Partly Cloudy,90,Final
2024-06-21,08:15,St. Louis Cardinals,San Francisco Giants,6,5,Rickwood Field,Clear,90,Final
2024-06-21,10:40,San Diego Padres,Milwaukee Brewers,7,6,Petco Park,Clear,70,Final
2024-06-22,03:20,Chicago Cubs,New York Mets,1,11,Wrigley Field,Sunny,79,Final
2024-06-22,07:40,Pittsburgh Pirates,Tampa Bay Rays,3,10,PNC Park,Clear,96,Final
2024-06-22,07:40,Philadelphia Phillies,Arizona Diamondbacks,4,5,Citizens Bank Park,Clear,93,Final
2024-06-22,07:40,Detroit Tigers,Chicago White Sox,2,1,Comerica Park,Clear,85,Final
2024-06-22,08:05,New York Yankees,Atlanta Braves,1,8,Yankee Stadium,Partly Cloudy,87,Final
2024-06-22,08:10,Cincinnati Reds,Boston Red Sox,5,2,Great American Ball Park,Clear,91,Final
2024-06-22,08:10,Cleveland Guardians,Toronto Blue Jays,7,1,Progressive Field,Clear,85,Final
2024-06-22,08:10,Miami Marlins,Seattle Mariners,3,2,loanDepot park,Roof Closed,72,Final
2024-06-22,09:05,Texas Rangers,Kansas City Royals,6,2,Globe Life Field,Roof Closed,74,Final
2024-06-22,09:10,Houston Astros,Baltimore Orioles,14,11,Minute Maid Park,Roof Closed,73,Final
2024-06-22,09:40,Colorado Rockies,Washington Nationals,5,11,Coors Field,Partly Cloudy,84,Final
2024-06-22,10:40,Oakland Athletics,Minnesota Twins,6,5,Oakland Coliseum,Clear,63,Final
2024-06-22,10:40,San Diego Padres,Milwaukee Brewers,9,5,Petco Park,Clear,70,Final
2024-06-22,11:10,Los Angeles Dodgers,Los Angeles Angels,2,3,Dodger Stadium,Clear,76,Final
2024-06-23,02:10,Detroit Tigers,Chicago White Sox,1,5,Comerica Park,Partly Cloudy,91,Final
2024-06-23,03:15,St. Louis Cardinals,San Francisco Giants,9,4,Busch Stadium,Partly Cloudy,91,Final
2024-06-23,03:20,Chicago Cubs,New York Mets,8,1,Wrigley Field,Cloudy,91,Final
2024-06-23,05:05,Pittsburgh Pirates,Tampa Bay Rays,4,3,PNC Park,Partly Cloudy,95,Final
2024-06-23,05:05,Texas Rangers,Kansas City Royals,6,0,Globe Life Field,Roof Closed,74,Final
2024-06-23,05:05,Philadelphia Phillies,Arizona Diamondbacks,12,1,Citizens Bank Park,Partly Cloudy,97,Final
2024-06-23,05:07,Oakland Athletics,Minnesota Twins,2,10,Oakland Coliseum,Sunny,76,Final
2024-06-23,05:10,Cincinnati Reds,Boston Red Sox,3,4,Great American Ball Park,Partly Cloudy,92,Final
2024-06-23,05:10,Houston Astros,Baltimore Orioles,5,1,Minute Maid Park,Roof Closed,73,Final
2024-06-23,05:10,Cleveland Guardians,Toronto Blue Jays,6,3,Progressive Field,Partly Cloudy,89,Final
2024-06-23,05:10,Miami Marlins,Seattle Mariners,0,9,loanDepot park,Roof Closed,72,Final
2024-06-23,08:15,New York Yankees,Atlanta Braves,8,3,Yankee Stadium,Cloudy,80,Final
2024-06-23,08:15,San Diego Padres,Milwaukee Brewers,6,4,Petco Park,Sunny,76,Final
2024-06-23,10:10,Colorado Rockies,Washington Nationals,8,7,Coors Field,Cloudy,83,Final
2024-06-23,11:10,Los Angeles Dodgers,Los Angeles Angels,7,2,Dodger Stadium,Clear,79,Final
2024-06-24,00:35,Philadelphia Phillies,Arizona Diamondbacks,4,1,Citizens Bank Park,Partly Cloudy,91,Final
2024-06-24,02:35,Pittsburgh Pirates,Tampa Bay Rays,1,3,PNC Park,Cloudy,84,Final
2024-06-24,02:35,New York Yankees,Atlanta Braves,1,3,Yankee Stadium,Partly Cloudy,92,Final
2024-06-24,02:40,Cincinnati Reds,Boston Red Sox,4,7,Great American Ball Park,Cloudy,80,Final
2024-06-24,02:40,Cleveland Guardians,Toronto Blue Jays,6,5,Progressive Field,Cloudy,78,Final
2024-06-24,02:40,Detroit Tigers,Chicago White Sox,11,2,Comerica Park,Partly Cloudy,84,Final
2024-06-24,02:40,Miami Marlins,Seattle Mariners,6,4,loanDepot park,Roof Closed,72,Final
2024-06-24,03:10,Houston Astros,Baltimore Orioles,8,1,Minute Maid Park,Roof Closed,73,Final
2024-06-24,03:15,St. Louis Cardinals,San Francisco Giants,5,3,Busch Stadium,Sunny,90,Final
2024-06-24,03:35,Texas Rangers,Kansas City Royals,4,0,Globe Life Field,Roof Closed,74,Final
2024-06-24,04:10,Colorado Rockies,Washington Nationals,1,2,Coors Field,Sunny,94,Final
2024-06-24,05:07,Oakland Athletics,Minnesota Twins,0,3,Oakland Coliseum,Sunny,75,Final
2024-06-24,05:10,San Diego Padres,Milwaukee Brewers,2,6,Petco Park,Sunny,79,Final
2024-06-24,08:10,Chicago Cubs,New York Mets,2,5,Wrigley Field,Partly Cloudy,73,Final
2024-06-25,07:35,Baltimore Orioles,Cleveland Guardians,2,3,Oriole Park at Camden Yards,Partly Cloudy,84,Final
2024-06-25,07:40,Detroit Tigers,Philadelphia Phillies,1,8,Comerica Park,Partly Cloudy,81,Final
2024-06-25,07:50,Tampa Bay Rays,Seattle Mariners,4,3,Tropicana Field,Dome,0,Final
2024-06-25,08:10,Cincinnati Reds,Pittsburgh Pirates,11,5,Great American Ball Park,Partly Cloudy,85,Final
2024-06-25,08:10,Boston Red Sox,Toronto Blue Jays,7,6,Fenway Park,Partly Cloudy,77,Final
2024-06-25,08:45,St. Louis Cardinals,Atlanta Braves,4,3,Busch Stadium,Clear,92,Final
2024-06-25,09:10,Chicago White Sox,Los Angeles Dodgers,0,3,Guaranteed Rate Field,Clear,80,Final
2024-06-25,09:10,Kansas City Royals,Miami Marlins,4,1,Kauffman Stadium,Clear,100,Final
2024-06-25,09:10,Milwaukee Brewers,Texas Rangers,6,3,American Family Field,Clear,77,Final
2024-06-25,10:38,Los Angeles Angels,Oakland Athletics,5,1,Angel Stadium,Clear,84,Final
2024-06-25,10:40,San Diego Padres,Washington Nationals,7,6,Petco Park,Clear,77,Final
2024-06-25,10:45,San Francisco Giants,Chicago Cubs,5,4,Oracle Park,Partly Cloudy,65,Final
2024-06-26,07:35,Baltimore Orioles,Cleveland Guardians,8,10,Oriole Park at Camden Yards,Partly Cloudy,91,Final
2024-06-26,07:40,Detroit Tigers,Philadelphia Phillies,4,1,Comerica Park,Partly Cloudy,84,Final
2024-06-26,07:50,Tampa Bay Rays,Seattle Mariners,11,3,Tropicana Field,Dome,72,Final
2024-06-26,08:10,Cincinnati Reds,Pittsburgh Pirates,5,9,Great American Ball Park,Partly Cloudy,87,Final
2024-06-26,08:10,Boston Red Sox,Toronto Blue Jays,4,9,Fenway Park,Partly Cloudy,85,Final
2024-06-26,08:10,New York Mets,New York Yankees,9,7,Citi Field,Clear,84,Final
2024-06-26,09:10,Houston Astros,Colorado Rockies,5,2,Minute Maid Park,Roof Closed,73,Final
2024-06-26,09:10,Chicago White Sox,Los Angeles Dodgers,3,4,Guaranteed Rate Field,Partly Cloudy,81,Final
2024-06-26,09:10,Kansas City Royals,Miami Marlins,1,2,Kauffman Stadium,Clear,94,Final
2024-06-26,09:10,Milwaukee Brewers,Texas Rangers,3,1,American Family Field,Partly Cloudy,87,Final
2024-06-26,10:38,Los Angeles Angels,Oakland Athletics,7,5,Angel Stadium,Clear,79,Final
2024-06-26,10:40,San Diego Padres,Washington Nationals,9,7,Petco Park,Partly Cloudy,72,Final
2024-06-26,10:40,Arizona Diamondbacks,Minnesota Twins,5,4,Chase Field,Roof Closed,78,Final
2024-06-26,10:45,San Francisco Giants,Chicago Cubs,5,1,Oracle Park,Partly Cloudy,62,Final
2024-06-26,08:45,St. Louis Cardinals,Atlanta Braves,0,0,Busch Stadium,Drizzle,76,Final
2024-06-27,01:10,Tampa Bay Rays,Seattle Mariners,2,5,Tropicana Field,Dome,72,Final
2024-06-27,02:10,Cincinnati Reds,Pittsburgh Pirates,1,6,Great American Ball Park,Overcast,77,Final
2024-06-27,02:10,Detroit Tigers,Philadelphia Phillies,2,6,Comerica Park,Cloudy,80,Final
2024-06-27,02:45,St. Louis Cardinals,Atlanta Braves,2,6,Busch Stadium,Drizzle,76,Final
2024-06-27,08:15,St. Louis Cardinals,Atlanta Braves,4,1,Busch Stadium,Partly Cloudy,81,Final
2024-06-27,03:10,Houston Astros,Colorado Rockies,7,1,Minute Maid Park,Roof Closed,73,Final
2024-06-27,03:10,Kansas City Royals,Miami Marlins,5,1,Kauffman Stadium,Partly Cloudy,79,Final
2024-06-27,03:10,Milwaukee Brewers,Texas Rangers,6,5,American Family Field,Partly Cloudy,83,Final
2024-06-27,05:07,Los Angeles Angels,Oakland Athletics,5,2,Angel Stadium,Sunny,80,Final
2024-06-27,05:10,San Diego Padres,Washington Nationals,8,5,Petco Park,Partly Cloudy,75,Final
2024-06-27,07:35,Baltimore Orioles,Cleveland Guardians,4,2,Oriole Park at Camden Yards,Cloudy,89,Final
2024-06-27,08:10,Boston Red Sox,Toronto Blue Jays,1,4,Fenway Park,Cloudy,81,Final
2024-06-27,08:10,New York Mets,New York Yankees,12,2,Citi Field,Partly Cloudy,83,Final
2024-06-27,09:10,Chicago White Sox,Los Angeles Dodgers,0,4,Guaranteed Rate Field,Partly Cloudy,80,Final
2024-06-27,10:40,Arizona Diamondbacks,Minnesota Twins,3,8,Chase Field,Roof Closed,74,Final
2024-06-27,10:45,San Francisco Giants,Chicago Cubs,4,3,Oracle Park,Partly Cloudy,63,Final
2024-06-28,04:40,Arizona Diamondbacks,Minnesota Twins,6,13,Chase Field,Roof Closed,78,Final
2024-06-28,04:45,San Francisco Giants,Chicago Cubs,3,5,Oracle Park,Sunny,67,Final
2024-06-28,05:10,Chicago White Sox,Atlanta Braves,1,0,Guaranteed Rate Field,Sunny,70,Final
2024-06-28,07:20,Philadelphia Phillies,Miami Marlins,4,7,Citizens Bank Park,Partly Cloudy,87,Final
2024-06-28,07:35,Baltimore Orioles,Texas Rangers,11,2,Oriole Park at Camden Yards,Partly Cloudy,88,Final
2024-06-28,08:07,Toronto Blue Jays,New York Yankees,9,2,Rogers Centre,Clear,70,Final
2024-06-28,08:45,St. Louis Cardinals,Cincinnati Reds,4,11,Busch Stadium,Partly Cloudy,86,Final
2024-06-28,09:10,Kansas City Royals,Cleveland Guardians,2,1,Kauffman Stadium,Cloudy,84,Final
2024-06-28,10:38,Los Angeles Angels,Detroit Tigers,5,0,Angel Stadium,Clear,77,Final
2024-06-29,07:20,Philadelphia Phillies,Miami Marlins,2,0,Citizens Bank Park,Partly Cloudy,79,Final
2024-06-29,07:50,Tampa Bay Rays,Washington Nationals,3,1,Tropicana Field,Dome,72,Final
2024-06-29,08:05,Baltimore Orioles,Texas Rangers,2,1,Oriole Park at Camden Yards,Partly Cloudy,81,Final
2024-06-29,08:07,Toronto Blue Jays,New York Yankees,5,16,Rogers Centre,Roof Closed,68,Final
2024-06-29,08:10,New York Mets,Houston Astros,7,2,Citi Field,Clear,71,Final
2024-06-29,08:10,Boston Red Sox,San Diego Padres,2,9,Fenway Park,Clear,75,Final
2024-06-29,08:10,Chicago White Sox,Colorado Rockies,5,3,Guaranteed Rate Field,Cloudy,74,Final
2024-06-29,08:20,Atlanta Braves,Pittsburgh Pirates,6,1,Truist Park,Partly Cloudy,88,Final
2024-06-29,09:10,Kansas City Royals,Cleveland Guardians,10,3,Kauffman Stadium,Partly Cloudy,87,Final
2024-06-29,09:10,Milwaukee Brewers,Chicago Cubs,4,2,American Family Field,Roof Closed,74,Final
2024-06-29,09:15,St. Louis Cardinals,Cincinnati Reds,1,0,Busch Stadium,Overcast,86,Final
2024-06-29,10:38,Los Angeles Angels,Detroit Tigers,5,2,Angel Stadium,Clear,76,Final
2024-06-29,10:40,Arizona Diamondbacks,Oakland Athletics,4,9,Chase Field,Roof Closed,79,Final
2024-06-29,10:40,Seattle Mariners,Minnesota Twins,3,2,T-Mobile Park,Cloudy,66,Final
2024-06-29,11:15,San Francisco Giants,Los Angeles Dodgers,5,3,Oracle Park,Clear,64,Final
2024-06-30,03:10,Chicago White Sox,Colorado Rockies,11,3,Guaranteed Rate Field,Sunny,87,Final
2024-06-30,03:15,St. Louis Cardinals,Cincinnati Reds,4,9,Busch Stadium,Partly Cloudy,88,Final
2024-06-30,04:07,Toronto Blue Jays,New York Yankees,9,3,Rogers Centre,Roof Closed,68,Final
2024-06-30,05:05,Philadelphia Phillies,Miami Marlins,2,3,Citizens Bank Park,Cloudy,86,Final
2024-06-30,05:10,Kansas City Royals,Cleveland Guardians,2,7,Kauffman Stadium,Cloudy,89,Final
2024-06-30,05:10,New York Mets,Houston Astros,6,9,Citi Field,Partly Cloudy,80,Final
2024-06-30,05:10,Arizona Diamondbacks,Oakland Athletics,3,0,Chase Field,Roof Closed,78,Final
2024-06-30,05:10,Boston Red Sox,San Diego Padres,1,11,Fenway Park,Cloudy,73,Final
2024-06-30,05:10,Tampa Bay Rays,Washington Nationals,1,8,Tropicana Field,Dome,72,Final
2024-06-30,05:10,Atlanta Braves,Pittsburgh Pirates,2,1,Truist Park,Partly Cloudy,84,Final
2024-06-30,05:10,Milwaukee Brewers,Chicago Cubs,3,5,American Family Field,Partly Cloudy,85,Final
2024-06-30,08:15,San Francisco Giants,Los Angeles Dodgers,7,14,Oracle Park,Sunny,68,Final
2024-06-30,08:15,Baltimore Orioles,Texas Rangers,6,5,Oriole Park at Camden Yards,Partly Cloudy,90,Final
2024-06-30,11:07,Los Angeles Angels,Detroit Tigers,6,5,Angel Stadium,Clear,77,Final
2024-06-30,11:10,Seattle Mariners,Minnesota Twins,1,5,T-Mobile Park,Roof Closed,67,Final
2024-07-01,00:35,Atlanta Braves,Pittsburgh Pirates,2,4,Truist Park,Partly Cloudy,88,Final
2024-07-01,02:35,Boston Red Sox,San Diego Padres,4,1,Fenway Park,Cloudy,86,Final
2024-07-01,02:35,Philadelphia Phillies,Miami Marlins,7,6,Citizens Bank Park,Cloudy,81,Final
2024-07-01,02:37,Toronto Blue Jays,New York Yankees,1,8,Rogers Centre,Cloudy,64,Final
2024-07-01,02:40,New York Mets,Houston Astros,5,10,Citi Field,Cloudy,82,Final
2024-07-01,02:40,Tampa Bay Rays,Washington Nationals,5,0,Tropicana Field,Dome,72,Final
2024-07-01,03:10,Kansas City Royals,Cleveland Guardians,6,2,Kauffman Stadium,Sunny,78,Final
2024-07-01,03:10,Chicago White Sox,Colorado Rockies,4,5,Guaranteed Rate Field,Sunny,66,Final
2024-07-01,03:10,Milwaukee Brewers,Chicago Cubs,7,1,American Family Field,Sunny,67,Final
2024-07-01,03:15,St. Louis Cardinals,Cincinnati Reds,2,0,Busch Stadium,Sunny,81,Final
2024-07-01,05:05,San Francisco Giants,Los Angeles Dodgers,10,4,Oracle Park,Sunny,71,Final
2024-07-01,05:07,Los Angeles Angels,Detroit Tigers,6,7,Angel Stadium,Partly Cloudy,87,Final
2024-07-01,05:10,Arizona Diamondbacks,Oakland Athletics,5,1,Chase Field,Roof Closed,78,Final
2024-07-01,05:10,Seattle Mariners,Minnesota Twins,3,5,T-Mobile Park,Partly Cloudy,68,Final
2024-07-01,08:10,Baltimore Orioles,Texas Rangers,2,11,Oriole Park at Camden Yards,Partly Cloudy,93,Final
2024-07-02,04:07,Toronto Blue Jays,Houston Astros,1,3,Rogers Centre,Sunny,69,Final
2024-07-02,07:45,Washington Nationals,New York Mets,7,9,Nationals Park,Partly Cloudy,80,Final
2024-07-02,09:40,Colorado Rockies,Milwaukee Brewers,8,7,Coors Field,Partly Cloudy,84,Final
2024-07-03,07:40,Pittsburgh Pirates,St. Louis Cardinals,4,7,PNC Park,Clear,87,Final
2024-07-03,07:40,Cleveland Guardians,Chicago White Sox,7,6,Progressive Field,Partly Cloudy,83,Final
2024-07-03,07:40,Miami Marlins,Boston Red Sox,3,8,loanDepot park,Roof Closed,72,Final
2024-07-03,07:45,Washington Nationals,New York Mets,2,7,Nationals Park,Clear,83,Final
2024-07-03,08:05,New York Yankees,Cincinnati Reds,4,5,Yankee Stadium,Partly Cloudy,79,Final
2024-07-03,08:07,Toronto Blue Jays,Houston Astros,7,6,Rogers Centre,Cloudy,68,Final
2024-07-03,08:20,Atlanta Braves,San Francisco Giants,3,5,Truist Park,Clear,89,Final
2024-07-03,08:40,Minnesota Twins,Detroit Tigers,5,3,Target Field,Overcast,72,Final
2024-07-03,09:05,Texas Rangers,San Diego Padres,7,0,Globe Life Field,Roof Closed,74,Final
2024-07-03,09:05,Chicago Cubs,Philadelphia Phillies,4,6,Wrigley Field,Partly Cloudy,83,Final
2024-07-03,09:10,Kansas City Royals,Tampa Bay Rays,1,5,Kauffman Stadium,Cloudy,92,Final
2024-07-03,09:40,Colorado Rockies,Milwaukee Brewers,3,4,Coors Field,Partly Cloudy,87,Final
2024-07-03,10:40,Oakland Athletics,Los Angeles Angels,7,5,Oakland Coliseum,Clear,85,Final
2024-07-03,10:40,Seattle Mariners,Baltimore Orioles,0,2,T-Mobile Park,Partly Cloudy,69,Final
2024-07-03,11:10,Los Angeles Dodgers,Arizona Diamondbacks,6,5,Dodger Stadium,Clear,75,Final
2024-07-04,07:40,Pittsburgh Pirates,St. Louis Cardinals,5,4,PNC Park,Partly Cloudy,91,Final
2024-07-04,07:40,Cleveland Guardians,Chicago White Sox,2,8,Progressive Field,Partly Cloudy,85,Final
2024-07-04,07:40,Miami Marlins,Boston Red Sox,2,7,loanDepot park,Roof Closed,72,Final
2024-07-04,07:45,Washington Nationals,New York Mets,7,5,Nationals Park,Partly Cloudy,86,Final
2024-07-04,08:05,New York Yankees,Cincinnati Reds,2,3,Yankee Stadium,Clear,77,Final
2024-07-04,08:07,Toronto Blue Jays,Houston Astros,2,9,Rogers Centre,Cloudy,79,Final
2024-07-04,08:20,Atlanta Braves,San Francisco Giants,3,1,Truist Park,Partly Cloudy,90,Final
2024-07-04,09:05,Texas Rangers,San Diego Padres,4,6,Globe Life Field,Roof Closed,74,Final
2024-07-04,09:05,Chicago Cubs,Philadelphia Phillies,3,5,Wrigley Field,Partly Cloudy,84,Final
2024-07-04,09:10,Kansas City Royals,Tampa Bay Rays,4,2,Kauffman Stadium,Rain,76,Final
2024-07-04,09:10,Minnesota Twins,Detroit Tigers,2,9,Target Field,Partly Cloudy,83,Final
2024-07-04,09:40,Colorado Rockies,Milwaukee Brewers,0,3,Coors Field,Clear,91,Final
2024-07-04,10:40,Oakland Athletics,Los Angeles Angels,5,0,Oakland Coliseum,Clear,84,Final
2024-07-04,11:10,Los Angeles Dodgers,Arizona Diamondbacks,4,12,Dodger Stadium,Clear,74,Final
2024-07-04,11:10,Seattle Mariners,Baltimore Orioles,1,4,T-Mobile Park,Clear,71,Final
2024-07-05,00:05,Washington Nationals,New York Mets,1,0,Nationals Park,Partly Cloudy,87,Final
2024-07-05,01:35,Pittsburgh Pirates,St. Louis Cardinals,2,3,PNC Park,Cloudy,82,Final
2024-07-05,02:05,New York Yankees,Cincinnati Reds,4,8,Yankee Stadium,Partly Cloudy,83,Final
2024-07-05,02:07,Toronto Blue Jays,Houston Astros,3,5,Rogers Centre,Sunny,79,Final
2024-07-05,02:10,Minnesota Twins,Detroit Tigers,12,3,Target Field,Drizzle,69,Final
2024-07-05,02:10,Cleveland Guardians,Chicago White Sox,8,4,Progressive Field,Cloudy,80,Final
2024-07-05,02:10,Miami Marlins,Boston Red Sox,5,6,loanDepot park,Roof Closed,72,Final
2024-07-05,03:20,Chicago Cubs,Philadelphia Phillies,10,2,Wrigley Field,Cloudy,80,Final
2024-07-05,03:35,Texas Rangers,San Diego Padres,1,3,Globe Life Field,Roof Closed,74,Final
2024-07-05,05:07,Oakland Athletics,Los Angeles Angels,5,0,Oakland Coliseum,Sunny,81,Final
2024-07-05,05:10,Seattle Mariners,Baltimore Orioles,7,3,T-Mobile Park,Sunny,70,Final
2024-07-05,08:20,Atlanta Braves,San Francisco Giants,2,4,Truist Park,Cloudy,89,Final
2024-07-05,09:10,Kansas City Royals,Tampa Bay Rays,8,10,Kauffman Stadium,Clear,83,Final
2024-07-05,09:10,Colorado Rockies,Milwaukee Brewers,4,3,Coors Field,Partly Cloudy,82,Final
2024-07-05,10:10,Los Angeles Dodgers,Arizona Diamondbacks,3,9,Dodger Stadium,Clear,76,Final
2024-07-06,03:20,Chicago Cubs,Los Angeles Angels,5,1,Wrigley Field,Partly Cloudy,85,Final
2024-07-06,07:40,Pittsburgh Pirates,New York Mets,14,2,PNC Park,Cloudy,84,Final
2024-07-06,07:45,Washington Nationals,St. Louis Cardinals,6,7,Nationals Park,Partly Cloudy,96,Final
2024-07-06,08:05,New York Yankees,Boston Red Sox,3,5,Yankee Stadium,Partly Cloudy,83,Final
2024-07-06,08:10,Cincinnati Reds,Detroit Tigers,4,5,Great American Ball Park,Partly Cloudy,80,Final
2024-07-06,08:10,Cleveland Guardians,San Francisco Giants,2,4,Progressive Field,Partly Cloudy,74,Final
2024-07-06,08:10,Miami Marlins,Chicago White Sox,2,3,loanDepot park,Roof Closed,72,Final
2024-07-06,08:20,Atlanta Braves,Philadelphia Phillies,6,8,Truist Park,Cloudy,79,Final
2024-07-06,09:05,Texas Rangers,Tampa Bay Rays,3,0,Globe Life Field,Roof Closed,74,Final
2024-07-06,09:10,Colorado Rockies,Kansas City Royals,4,2,Coors Field,Partly Cloudy,79,Final
2024-07-06,09:10,Minnesota Twins,Houston Astros,12,13,Target Field,Clear,75,Final
2024-07-06,10:40,Oakland Athletics,Baltimore Orioles,2,3,Oakland Coliseum,Clear,76,Final
2024-07-06,10:40,San Diego Padres,Arizona Diamondbacks,10,8,Petco Park,Clear,70,Final
2024-07-06,10:40,Seattle Mariners,Toronto Blue Jays,2,1,T-Mobile Park,Clear,78,Final
2024-07-06,11:10,Los Angeles Dodgers,Milwaukee Brewers,8,5,Dodger Stadium,Clear,82,Final
2024-07-07,02:05,New York Yankees,Boston Red Sox,14,4,Yankee Stadium,Partly Cloudy,86,Final
2024-07-07,03:10,Minnesota Twins,Houston Astros,9,3,Target Field,Partly Cloudy,78,Final
2024-07-07,03:20,Chicago Cubs,Los Angeles Angels,0,7,Wrigley Field,Sunny,76,Final
2024-07-07,05:05,Pittsburgh Pirates,New York Mets,2,5,PNC Park,Partly Cloudy,86,Final
2024-07-07,05:05,Washington Nationals,St. Louis Cardinals,14,6,Nationals Park,Partly Cloudy,97,Final
2024-07-07,05:05,Texas Rangers,Tampa Bay Rays,4,3,Globe Life Field,Roof Closed,74,Final
2024-07-07,05:07,Oakland Athletics,Baltimore Orioles,19,8,Oakland Coliseum,Sunny,82,Final
2024-07-07,05:10,Cincinnati Reds,Detroit Tigers,3,5,Great American Ball Park,Partly Cloudy,85,Final
2024-07-07,05:10,Cleveland Guardians,San Francisco Giants,5,4,Progressive Field,Partly Cloudy,79,Final
2024-07-07,05:10,Seattle Mariners,Toronto Blue Jays,4,5,T-Mobile Park,Sunny,78,Final
2024-07-07,05:10,Miami Marlins,Chicago White Sox,4,3,loanDepot park,Roof Closed,72,Final
2024-07-07,08:15,Atlanta Braves,Philadelphia Phillies,5,1,Truist Park,Cloudy,75,Final
2024-07-07,08:15,Los Angeles Dodgers,Milwaukee Brewers,5,3,Dodger Stadium,Sunny,85,Final
2024-07-07,10:10,Colorado Rockies,Kansas City Royals,3,1,Coors Field,Partly Cloudy,89,Final
2024-07-07,10:40,San Diego Padres,Arizona Diamondbacks,5,7,Petco Park,Clear,73,Final
2024-07-08,02:35,Pittsburgh Pirates,New York Mets,2,3,PNC Park,Clear,87,Final
2024-07-08,02:35,Washington Nationals,St. Louis Cardinals,3,8,Nationals Park,Partly Cloudy,93,Final
2024-07-08,02:35,Atlanta Braves,Philadelphia Phillies,6,0,Truist Park,Partly Cloudy,88,Final
2024-07-08,02:40,Cincinnati Reds,Detroit Tigers,1,5,Great American Ball Park,Partly Cloudy,86,Final
2024-07-08,02:40,Cleveland Guardians,San Francisco Giants,5,4,Progressive Field,Sunny,80,Final
2024-07-08,02:40,Miami Marlins,Chicago White Sox,7,4,loanDepot park,Roof Closed,72,Final
2024-07-08,03:10,Minnesota Twins,Houston Astros,3,2,Target Field,Partly Cloudy,77,Final
2024-07-08,03:20,Chicago Cubs,Los Angeles Angels,5,0,Wrigley Field,Cloudy,87,Final
2024-07-08,03:35,Texas Rangers,Tampa Bay Rays,13,2,Globe Life Field,Roof Closed,74,Final
2024-07-08,04:10,Colorado Rockies,Kansas City Royals,1,10,Coors Field,Partly Cloudy,76,Final
2024-07-08,05:07,Oakland Athletics,Baltimore Orioles,3,6,Oakland Coliseum,Sunny,76,Final
2024-07-08,05:10,San Diego Padres,Arizona Diamondbacks,1,9,Petco Park,Sunny,75,Final
2024-07-08,05:10,Seattle Mariners,Toronto Blue Jays,4,5,T-Mobile Park,Sunny,74,Final
2024-07-08,05:10,Los Angeles Dodgers,Milwaukee Brewers,2,9,Dodger Stadium,Sunny,82,Final
2024-07-08,08:10,New York Yankees,Boston Red Sox,0,3,Yankee Stadium,Partly Cloudy,88,Final
2024-07-09,01:35,Pittsburgh Pirates,New York Mets,8,2,PNC Park,Sunny,88,Final
2024-07-09,05:05,Washington Nationals,St. Louis Cardinals,0,6,Nationals Park,Partly Cloudy,96,Final
2024-07-09,07:40,Detroit Tigers,Cleveland Guardians,1,0,Comerica Park,Partly Cloudy,88,Final
2024-07-09,08:10,Cincinnati Reds,Colorado Rockies,6,0,Great American Ball Park,Partly Cloudy,87,Final
2024-07-09,09:10,Chicago White Sox,Minnesota Twins,6,8,Guaranteed Rate Field,Partly Cloudy,84,Final
2024-07-09,10:38,Los Angeles Angels,Texas Rangers,4,9,Angel Stadium,Clear,78,Final
2024-07-09,10:40,Arizona Diamondbacks,Atlanta Braves,4,5,Chase Field,Roof Closed,78,Final
2024-07-10,07:35,Baltimore Orioles,Chicago Cubs,2,9,Oriole Park at Camden Yards,Cloudy,91,Final
2024-07-10,07:40,Detroit Tigers,Cleveland Guardians,8,9,Comerica Park,Cloudy,83,Final
2024-07-10,07:40,Philadelphia Phillies,Los Angeles Dodgers,10,1,Citizens Bank Park,Cloudy,93,Final
2024-07-10,07:50,Tampa Bay Rays,New York Yankees,5,3,Tropicana Field,Dome,72,Final
2024-07-10,08:10,Cincinnati Reds,Colorado Rockies,12,6,Great American Ball Park,Overcast,85,Final
2024-07-10,08:10,New York Mets,Washington Nationals,7,5,Citi Field,Cloudy,83,Final
2024-07-10,08:10,Boston Red Sox,Oakland Athletics,12,9,Fenway Park,Clear,86,Final
2024-07-10,09:10,Houston Astros,Miami Marlins,4,3,Minute Maid Park,Roof Closed,73,Final
2024-07-10,09:10,Milwaukee Brewers,Pittsburgh Pirates,2,12,American Family Field,Cloudy,73,Final
2024-07-10,10:38,Los Angeles Angels,Texas Rangers,4,5,Angel Stadium,Clear,81,Final
2024-07-10,10:40,San Diego Padres,Seattle Mariners,3,8,Petco Park,Clear,72,Final
2024-07-10,10:40,Arizona Diamondbacks,Atlanta Braves,2,6,Chase Field,Dome,78,Final
2024-07-10,10:45,San Francisco Giants,Toronto Blue Jays,4,3,Oracle Park,Partly Cloudy,64,Final
2024-07-10,08:45,St. Louis Cardinals,Kansas City Royals,0,0,Busch Stadium,Sunny,83,Final
2024-07-10,09:10,Chicago White Sox,Minnesota Twins,0,0,Guaranteed Rate Field,Partly Cloudy,79,Final
2024-07-11,02:45,St. Louis Cardinals,Kansas City Royals,4,6,Busch Stadium,Sunny,83,Final
2024-07-11,08:45,St. Louis Cardinals,Kansas City Royals,5,8,Busch Stadium,Partly Cloudy,84,Final
2024-07-11,03:10,Chicago White Sox,Minnesota Twins,3,1,Guaranteed Rate Field,Sunny,76,Final
2024-07-11,03:15,Chicago White Sox,Minnesota Twins,2,3,Guaranteed Rate Field,Partly Cloudy,79,Final
2024-07-11,07:35,Baltimore Orioles,Chicago Cubs,0,4,Oriole Park at Camden Yards,Partly Cloudy,90,Final
2024-07-11,07:40,Detroit Tigers,Cleveland Guardians,5,4,Comerica Park,Overcast,67,Final
2024-07-11,07:40,San Diego Padres,Seattle Mariners,0,2,Petco Park,Partly Cloudy,74,Final
2024-07-11,07:50,Tampa Bay Rays,New York Yankees,1,2,Tropicana Field,Dome,72,Final
2024-07-11,08:05,Philadelphia Phillies,Los Angeles Dodgers,4,3,Citizens Bank Park,Partly Cloudy,88,Final
2024-07-11,08:10,Cincinnati Reds,Colorado Rockies,5,6,Great American Ball Park,Clear,79,Final
2024-07-11,08:10,New York Mets,Washington Nationals,6,2,Citi Field,Partly Cloudy,81,Final
2024-07-11,08:10,Boston Red Sox,Oakland Athletics,2,5,Fenway Park,Partly Cloudy,83,Final
2024-07-11,09:10,Houston Astros,Miami Marlins,9,1,Minute Maid Park,Roof Closed,73,Final
2024-07-11,09:10,Milwaukee Brewers,Pittsburgh Pirates,9,0,American Family Field,Clear,74,Final
2024-07-11,10:38,Los Angeles Angels,Texas Rangers,7,2,Angel Stadium,Clear,81,Final
2024-07-11,10:40,Arizona Diamondbacks,Atlanta Braves,7,5,Chase Field,Roof Closed,78,Final
2024-07-11,10:45,San Francisco Giants,Toronto Blue Jays,6,10,Oracle Park,Clear,68,Final
2024-07-12,02:10,Cincinnati Reds,Colorado Rockies,8,1,Great American Ball Park,Partly Cloudy,84,Final
2024-07-12,02:10,Detroit Tigers,Cleveland Guardians,10,1,Comerica Park,Sunny,83,Final
2024-07-12,02:10,New York Mets,Washington Nationals,7,0,Citi Field,Sunny,87,Final
2024-07-12,03:10,Milwaukee Brewers,Pittsburgh Pirates,0,1,American Family Field,Cloudy,77,Final
2024-07-12,04:45,San Francisco Giants,Toronto Blue Jays,3,5,Oracle Park,Partly Cloudy,78,Final
2024-07-12,07:05,Philadelphia Phillies,Los Angeles Dodgers,5,1,Citizens Bank Park,Partly Cloudy,89,Final
2024-07-12,07:35,Baltimore Orioles,Chicago Cubs,0,8,Oriole Park at Camden Yards,Cloudy,89,Final
2024-07-12,07:50,Tampa Bay Rays,New York Yankees,5,4,Tropicana Field,Dome,72,Final
2024-07-12,08:10,Boston Red Sox,Oakland Athletics,7,0,Fenway Park,Clear,85,Final
2024-07-12,09:10,Houston Astros,Miami Marlins,6,3,Minute Maid Park,Roof Closed,73,Final
2024-07-12,10:38,Los Angeles Angels,Seattle Mariners,0,11,Angel Stadium,Clear,77,Final
2024-07-12,10:40,Arizona Diamondbacks,Atlanta Braves,1,0,Chase Field,Roof Closed,78,Final
2024-07-13,07:40,Detroit Tigers,Los Angeles Dodgers,3,4,Comerica Park,Partly Cloudy,83,Final
2024-07-13,07:40,Philadelphia Phillies,Oakland Athletics,2,6,Citizens Bank Park,Drizzle,78,Final
2024-07-13,07:50,Tampa Bay Rays,Cleveland Guardians,2,0,Tropicana Field,Dome,72,Final
2024-07-13,08:05,Baltimore Orioles,New York Yankees,1,4,Oriole Park at Camden Yards,Cloudy,81,Final
2024-07-13,08:10,Boston Red Sox,Kansas City Royals,1,6,Fenway Park,Partly Cloudy,82,Final
2024-07-13,08:10,New York Mets,Colorado Rockies,7,6,Citi Field,Cloudy,79,Final
2024-07-13,08:10,Cincinnati Reds,Miami Marlins,7,4,Great American Ball Park,Partly Cloudy,84,Final
2024-07-13,09:10,Houston Astros,Texas Rangers,6,3,Minute Maid Park,Roof Closed,73,Final
2024-07-13,09:10,Chicago White Sox,Pittsburgh Pirates,1,4,Guaranteed Rate Field,Clear,78,Final
2024-07-13,09:10,Milwaukee Brewers,Washington Nationals,2,5,American Family Field,Clear,82,Final
2024-07-13,09:15,St. Louis Cardinals,Chicago Cubs,1,5,Busch Stadium,Cloudy,83,Final
2024-07-13,10:38,Los Angeles Angels,Seattle Mariners,6,5,Angel Stadium,Partly Cloudy,75,Final
2024-07-13,10:40,Arizona Diamondbacks,Toronto Blue Jays,5,4,Chase Field,Roof Closed,78,Final
2024-07-13,10:40,San Diego Padres,Atlanta Braves,1,6,Petco Park,Partly Cloudy,69,Final
2024-07-13,11:15,San Francisco Giants,Minnesota Twins,7,1,Oracle Park,Partly Cloudy,64,Final
2024-07-14,02:10,Detroit Tigers,Los Angeles Dodgers,11,9,Comerica Park,Sunny,86,Final
2024-07-14,03:10,Chicago White Sox,Pittsburgh Pirates,2,6,Guaranteed Rate Field,Partly Cloudy,85,Final
2024-07-14,03:15,St. Louis Cardinals,Chicago Cubs,11,3,Busch Stadium,Sunny,88,Final
2024-07-14,09:15,St. Louis Cardinals,Chicago Cubs,5,4,Busch Stadium,Clear,89,Final
2024-07-14,05:05,Philadelphia Phillies,Oakland Athletics,11,5,Citizens Bank Park,Partly Cloudy,88,Final
2024-07-14,05:05,Baltimore Orioles,New York Yankees,1,6,Oriole Park at Camden Yards,Partly Cloudy,90,Final
2024-07-14,05:10,Boston Red Sox,Kansas City Royals,5,0,Fenway Park,Partly Cloudy,80,Final
2024-07-14,05:10,New York Mets,Colorado Rockies,7,3,Citi Field,Sunny,85,Final
2024-07-14,05:10,Tampa Bay Rays,Cleveland Guardians,2,4,Tropicana Field,Dome,72,Final
2024-07-14,05:10,Houston Astros,Texas Rangers,1,2,Minute Maid Park,Roof Closed,73,Final
2024-07-14,05:10,Cincinnati Reds,Miami Marlins,10,6,Great American Ball Park,Partly Cloudy,91,Final
2024-07-14,05:10,Milwaukee Brewers,Washington Nationals,5,6,American Family Field,Partly Cloudy,86,Final
2024-07-14,08:15,San Francisco Giants,Minnesota Twins,2,4,Oracle Park,Partly Cloudy,64,Final
2024-07-14,08:15,San Diego Padres,Atlanta Braves,4,0,Petco Park,Sunny,74,Final
2024-07-14,10:38,Los Angeles Angels,Seattle Mariners,2,1,Angel Stadium,Clear,77,Final
2024-07-14,11:10,Arizona Diamondbacks,Toronto Blue Jays,12,1,Chase Field,Roof Closed,78,Final
2024-07-15,00:35,Baltimore Orioles,New York Yankees,6,5,Oriole Park at Camden Yards,Cloudy,93,Final
2024-07-15,02:35,Boston Red Sox,Kansas City Royals,5,4,Fenway Park,Partly Cloudy,91,Final
2024-07-15,02:35,Philadelphia Phillies,Oakland Athletics,3,18,Citizens Bank Park,Partly Cloudy,94,Final
2024-07-15,02:40,Detroit Tigers,Los Angeles Dodgers,4,3,Comerica Park,Partly Cloudy,85,Final
2024-07-15,02:40,New York Mets,Colorado Rockies,5,8,Citi Field,Sunny,92,Final
2024-07-15,02:40,Tampa Bay Rays,Cleveland Guardians,2,0,Tropicana Field,Dome,72,Final
2024-07-15,02:40,Cincinnati Reds,Miami Marlins,2,3,Great American Ball Park,Sunny,90,Final
2024-07-15,03:10,Houston Astros,Texas Rangers,2,4,Minute Maid Park,Roof Closed,73,Final
2024-07-15,03:10,Chicago White Sox,Pittsburgh Pirates,4,9,Guaranteed Rate Field,Sunny,83,Final
2024-07-15,03:10,Milwaukee Brewers,Washington Nationals,9,3,American Family Field,Partly Cloudy,82,Final
2024-07-15,03:15,St. Louis Cardinals,Chicago Cubs,3,8,Busch Stadium,Sunny,93,Final
2024-07-15,05:05,San Francisco Giants,Minnesota Twins,3,2,Oracle Park,Partly Cloudy,67,Final
2024-07-15,05:07,Los Angeles Angels,Seattle Mariners,3,2,Angel Stadium,Partly Cloudy,81,Final
2024-07-15,05:10,Arizona Diamondbacks,Toronto Blue Jays,7,8,Chase Field,Roof Closed,77,Final
2024-07-15,05:10,San Diego Padres,Atlanta Braves,3,6,Petco Park,Sunny,75,Final
2024-07-20,03:20,Chicago Cubs,Arizona Diamondbacks,2,5,Wrigley Field,Sunny,76,Final
2024-07-20,07:40,Pittsburgh Pirates,Philadelphia Phillies,8,7,PNC Park,Clear,84,Final
2024-07-20,07:45,Washington Nationals,Cincinnati Reds,8,5,Nationals Park,Partly Cloudy,85,Final
2024-07-20,08:05,New York Yankees,Tampa Bay Rays,6,1,Yankee Stadium,Partly Cloudy,82,Final
2024-07-20,08:07,Toronto Blue Jays,Detroit Tigers,4,5,Rogers Centre,Clear,73,Final
2024-07-20,08:10,Cleveland Guardians,San Diego Padres,7,0,Progressive Field,Clear,74,Final
2024-07-20,08:10,Miami Marlins,New York Mets,6,4,loanDepot park,Roof Closed,72,Final
2024-07-20,09:05,Texas Rangers,Baltimore Orioles,1,9,Globe Life Field,Roof Closed,74,Final
2024-07-20,09:10,Kansas City Royals,Chicago White Sox,7,1,Kauffman Stadium,Clear,82,Final
2024-07-20,09:40,Colorado Rockies,San Francisco Giants,7,3,Coors Field,Cloudy,81,Final
2024-07-20,10:40,Oakland Athletics,Los Angeles Angels,13,3,Oakland Coliseum,Clear,80,Final
2024-07-20,11:10,Los Angeles Dodgers,Boston Red Sox,4,1,Dodger Stadium,Clear,78,Final
2024-07-20,11:10,Seattle Mariners,Houston Astros,0,3,T-Mobile Park,Clear,78,Final
2024-07-20,08:20,Atlanta Braves,St. Louis Cardinals,0,0,Truist Park,Cloudy,77,Final
2024-07-21,02:05,New York Yankees,Tampa Bay Rays,1,9,Yankee Stadium,Cloudy,82,Final
2024-07-21,02:07,Atlanta Braves,St. Louis Cardinals,3,2,Truist Park,Cloudy,77,Final
2024-07-21,08:20,Atlanta Braves,St. Louis Cardinals,5,9,Truist Park,Cloudy,78,Final
2024-07-21,04:07,Toronto Blue Jays,Detroit Tigers,3,7,Rogers Centre,Partly Cloudy,75,Final
2024-07-21,05:07,Oakland Athletics,Los Angeles Angels,8,2,Oakland Coliseum,Sunny,75,Final
2024-07-21,05:10,Miami Marlins,New York Mets,0,1,loanDepot park,Roof Closed,72,Final
2024-07-21,07:40,Pittsburgh Pirates,Philadelphia Phillies,4,1,PNC Park,Partly Cloudy,85,Final
2024-07-21,07:45,Washington Nationals,Cincinnati Reds,5,4,Nationals Park,Cloudy,78,Final
2024-07-21,08:05,Texas Rangers,Baltimore Orioles,4,8,Globe Life Field,Roof Closed,74,Final
2024-07-21,08:10,Cleveland Guardians,San Diego Padres,0,7,Progressive Field,Partly Cloudy,77,Final
2024-07-21,08:10,Kansas City Royals,Chicago White Sox,6,1,Kauffman Stadium,Partly Cloudy,76,Final
2024-07-21,08:10,Minnesota Twins,Milwaukee Brewers,4,8,Target Field,Cloudy,83,Final
2024-07-21,08:15,Chicago Cubs,Arizona Diamondbacks,0,3,Wrigley Field,Partly Cloudy,80,Final
2024-07-21,08:15,Los Angeles Dodgers,Boston Red Sox,7,6,Dodger Stadium,Sunny,86,Final
2024-07-21,09:10,Colorado Rockies,San Francisco Giants,4,3,Coors Field,Clear,85,Final
2024-07-21,10:40,Seattle Mariners,Houston Astros,2,4,T-Mobile Park,Clear,81,Final
2024-07-22,02:05,Minnesota Twins,Milwaukee Brewers,7,8,Target Field,Partly Cloudy,79,Final
2024-07-22,02:35,Washington Nationals,Cincinnati Reds,5,2,Nationals Park,Partly Cloudy,88,Final
2024-07-22,02:35,Pittsburgh Pirates,Philadelphia Phillies,0,6,PNC Park,Sunny,83,Final
2024-07-22,02:35,Atlanta Braves,St. Louis Cardinals,2,6,Truist Park,Partly Cloudy,82,Final
2024-07-22,02:35,New York Yankees,Tampa Bay Rays,4,6,Yankee Stadium,Cloudy,84,Final
2024-07-22,02:37,Toronto Blue Jays,Detroit Tigers,5,4,Rogers Centre,Partly Cloudy,74,Final
2024-07-22,02:40,Cleveland Guardians,San Diego Padres,1,2,Progressive Field,Partly Cloudy,80,Final
2024-07-22,02:40,Miami Marlins,New York Mets,4,2,loanDepot park,Roof Closed,72,Final
2024-07-22,03:10,Kansas City Royals,Chicago White Sox,4,1,Kauffman Stadium,Partly Cloudy,77,Final
2024-07-22,03:20,Chicago Cubs,Arizona Diamondbacks,2,1,Wrigley Field,Partly Cloudy,83,Final
2024-07-22,03:35,Texas Rangers,Baltimore Orioles,3,2,Globe Life Field,Roof Closed,74,Final
2024-07-22,04:10,Colorado Rockies,San Francisco Giants,2,3,Coors Field,Cloudy,78,Final
2024-07-22,05:07,Oakland Athletics,Los Angeles Angels,5,8,Oakland Coliseum,Partly Cloudy,63,Final
2024-07-22,05:10,Seattle Mariners,Houston Astros,6,4,T-Mobile Park,Overcast,64,Final
2024-07-22,08:10,Los Angeles Dodgers,Boston Red Sox,9,6,Dodger Stadium,Partly Cloudy,86,Final
2024-07-23,02:05,New York Yankees,Tampa Bay Rays,9,1,Yankee Stadium,Cloudy,82,Final
2024-07-23,07:40,Cleveland Guardians,Detroit Tigers,2,8,Progressive Field,Cloudy,76,Final
2024-07-23,07:40,Pittsburgh Pirates,St. Louis Cardinals,2,1,PNC Park,Cloudy,70,Final
2024-07-23,07:40,Miami Marlins,New York Mets,4,6,loanDepot park,Roof Closed,72,Final
2024-07-23,08:20,Atlanta Braves,Cincinnati Reds,1,4,Truist Park,Partly Cloudy,86,Final
2024-07-23,08:40,Minnesota Twins,Philadelphia Phillies,7,2,Target Field,Overcast,75,Final
2024-07-23,09:05,Texas Rangers,Chicago White Sox,4,3,Globe Life Field,Roof Closed,74,Final
2024-07-23,09:05,Chicago Cubs,Milwaukee Brewers,3,1,Wrigley Field,Partly Cloudy,74,Final
2024-07-23,09:10,Kansas City Royals,Arizona Diamondbacks,10,4,Kauffman Stadium,Partly Cloudy,82,Final
2024-07-23,09:40,Colorado Rockies,Boston Red Sox,9,8,Coors Field,Partly Cloudy,83,Final
2024-07-23,10:40,Oakland Athletics,Houston Astros,4,0,Oakland Coliseum,Clear,75,Final
2024-07-23,10:40,Seattle Mariners,Los Angeles Angels,1,3,T-Mobile Park,Cloudy,63,Final
2024-07-23,11:10,Los Angeles Dodgers,San Francisco Giants,3,2,Dodger Stadium,Clear,77,Final
2024-07-24,07:40,Cleveland Guardians,Detroit Tigers,5,4,Progressive Field,Partly Cloudy,78,Final
2024-07-24,07:40,Pittsburgh Pirates,St. Louis Cardinals,1,2,PNC Park,Partly Cloudy,84,Final
2024-07-24,07:40,Miami Marlins,Baltimore Orioles,6,3,loanDepot park,Roof Closed,72,Final
2024-07-24,07:45,Washington Nationals,San Diego Padres,0,4,Nationals Park,Cloudy,88,Final
2024-07-24,08:05,New York Yankees,New York Mets,2,3,Yankee Stadium,Cloudy,76,Final
2024-07-24,08:07,Toronto Blue Jays,Tampa Bay Rays,2,4,Rogers Centre,Partly Cloudy,78,Final
2024-07-24,08:40,Minnesota Twins,Philadelphia Phillies,0,3,Target Field,Partly Cloudy,75,Final
2024-07-24,09:05,Texas Rangers,Chicago White Sox,3,2,Globe Life Field,Roof Closed,74,Final
2024-07-24,09:05,Chicago Cubs,Milwaukee Brewers,0,1,Wrigley Field,Cloudy,70,Final
2024-07-24,09:10,Kansas City Royals,Arizona Diamondbacks,2,6,Kauffman Stadium,Cloudy,86,Final
2024-07-24,09:40,Colorado Rockies,Boston Red Sox,0,6,Coors Field,Clear,89,Final
2024-07-24,10:40,Oakland Athletics,Houston Astros,8,2,Oakland Coliseum,Partly Cloudy,82,Final
2024-07-24,10:40,Seattle Mariners,Los Angeles Angels,1,5,T-Mobile Park,Clear,73,Final
2024-07-24,11:10,Los Angeles Dodgers,San Francisco Giants,5,2,Dodger Stadium,Partly Cloudy,75,Final
2024-07-24,08:20,Atlanta Braves,Cincinnati Reds,0,0,Truist Park,Clear,83,Final
2024-07-25,01:20,Atlanta Braves,Cincinnati Reds,4,9,Truist Park,Cloudy,78,Final
2024-07-25,01:35,Pittsburgh Pirates,St. Louis Cardinals,5,0,PNC Park,Cloudy,83,Final
2024-07-25,02:10,Minnesota Twins,Philadelphia Phillies,5,4,Target Field,Partly Cloudy,71,Final
2024-07-25,03:20,Chicago Cubs,Milwaukee Brewers,2,3,Wrigley Field,Partly Cloudy,74,Final
2024-07-25,04:10,Colorado Rockies,Boston Red Sox,20,7,Coors Field,Sunny,93,Final
2024-07-25,04:37,Oakland Athletics,Houston Astros,1,8,Oakland Coliseum,Partly Cloudy,80,Final
2024-07-25,04:40,Seattle Mariners,Los Angeles Angels,1,2,T-Mobile Park,Sunny,65,Final
2024-07-25,07:40,Cleveland Guardians,Detroit Tigers,2,1,Progressive Field,Cloudy,77,Final
2024-07-25,07:40,Miami Marlins,Baltimore Orioles,6,3,loanDepot park,Roof Closed,72,Final
2024-07-25,07:45,Washington Nationals,San Diego Padres,3,12,Nationals Park,Cloudy,84,Final
2024-07-25,08:05,New York Yankees,New York Mets,3,12,Yankee Stadium,Partly Cloudy,76,Final
2024-07-25,08:07,Toronto Blue Jays,Tampa Bay Rays,6,3,Rogers Centre,Partly Cloudy,78,Final
2024-07-25,09:05,Texas Rangers,Chicago White Sox,10,2,Globe Life Field,Roof Closed,74,Final
2024-07-25,09:10,Kansas City Royals,Arizona Diamondbacks,6,8,Kauffman Stadium,Partly Cloudy,90,Final
2024-07-25,11:10,Los Angeles Dodgers,San Francisco Giants,3,8,Dodger Stadium,Clear,79,Final
2024-07-25,07:05,Atlanta Braves,Cincinnati Reds,0,0,Truist Park,Clear,83,Final
2024-07-26,01:05,Washington Nationals,San Diego Padres,0,3,Nationals Park,Partly Cloudy,83,Final
2024-07-26,01:10,Miami Marlins,Baltimore Orioles,6,7,loanDepot park,Roof Closed,72,Final
2024-07-26,02:10,Cleveland Guardians,Detroit Tigers,0,3,Progressive Field,Cloudy,75,Final
2024-07-26,03:35,Texas Rangers,Chicago White Sox,2,1,Globe Life Field,Roof Closed,74,Final
2024-07-26,04:07,Toronto Blue Jays,Tampa Bay Rays,0,13,Rogers Centre,Partly Cloudy,76,Final
2024-07-26,05:10,Los Angeles Dodgers,San Francisco Giants,6,4,Dodger Stadium,Sunny,89,Final
2024-07-26,08:10,New York Mets,Atlanta Braves,3,2,Citi Field,Cloudy,83,Final
2024-07-26,10:38,Los Angeles Angels,Oakland Athletics,5,6,Angel Stadium,Clear,88,Final
2024-07-27,07:40,Detroit Tigers,Minnesota Twins,3,9,Comerica Park,Clear,79,Final
2024-07-27,07:40,Philadelphia Phillies,Cleveland Guardians,1,3,Citizens Bank Park,Partly Cloudy,83,Final
2024-07-27,07:50,Tampa Bay Rays,Cincinnati Reds,2,3,Tropicana Field,Dome,72,Final
2024-07-27,08:05,Baltimore Orioles,San Diego Padres,4,6,Oriole Park at Camden Yards,Cloudy,83,Final
2024-07-27,08:07,Toronto Blue Jays,Texas Rangers,6,5,Rogers Centre,Clear,75,Final
2024-07-27,08:10,New York Mets,Atlanta Braves,8,4,Citi Field,Cloudy,83,Final
2024-07-27,08:10,Boston Red Sox,New York Yankees,9,7,Fenway Park,Clear,84,Final
2024-07-27,09:10,Kansas City Royals,Chicago Cubs,6,0,Kauffman Stadium,Clear,88,Final
2024-07-27,09:10,Houston Astros,Los Angeles Dodgers,5,0,Minute Maid Park,Roof Closed,73,Final
2024-07-27,09:10,Chicago White Sox,Seattle Mariners,0,10,Guaranteed Rate Field,Clear,76,Final
2024-07-27,09:10,Milwaukee Brewers,Miami Marlins,2,6,American Family Field,Clear,76,Final
2024-07-27,09:15,St. Louis Cardinals,Washington Nationals,8,10,Busch Stadium,Partly Cloudy,84,Final
2024-07-27,10:38,Los Angeles Angels,Oakland Athletics,4,5,Angel Stadium,Clear,77,Final
2024-07-27,10:40,Arizona Diamondbacks,Pittsburgh Pirates,4,3,Chase Field,Roof Closed,78,Final
2024-07-27,11:15,San Francisco Giants,Colorado Rockies,11,4,Oracle Park,Overcast,60,Final
2024-07-28,04:07,Toronto Blue Jays,Texas Rangers,7,3,Rogers Centre,Sunny,76,Final
2024-07-28,05:05,Baltimore Orioles,San Diego Padres,4,9,Oriole Park at Camden Yards,Partly Cloudy,90,Final
2024-07-28,05:10,Tampa Bay Rays,Cincinnati Reds,4,0,Tropicana Field,Dome,72,Final
2024-07-28,05:10,New York Mets,Atlanta Braves,0,4,Citi Field,Partly Cloudy,85,Final
2024-07-28,07:05,Philadelphia Phillies,Cleveland Guardians,8,0,Citizens Bank Park,Partly Cloudy,85,Final
2024-07-28,07:10,Detroit Tigers,Minnesota Twins,7,2,Comerica Park,Clear,82,Final
2024-07-28,08:05,San Francisco Giants,Colorado Rockies,4,1,Oracle Park,Overcast,62,Final
2024-07-28,08:10,San Francisco Giants,Colorado Rockies,5,0,Oracle Park,Overcast,60,Final
2024-07-28,08:10,Kansas City Royals,Chicago Cubs,4,9,Kauffman Stadium,Cloudy,73,Final
2024-07-28,08:10,Houston Astros,Los Angeles Dodgers,7,6,Minute Maid Park,Roof Closed,73,Final
2024-07-28,08:10,Milwaukee Brewers,Miami Marlins,3,7,American Family Field,Clear,81,Final
2024-07-28,08:15,St. Louis Cardinals,Washington Nationals,3,14,Busch Stadium,Overcast,76,Final
2024-07-28,08:15,Chicago White Sox,Seattle Mariners,3,6,Guaranteed Rate Field,Partly Cloudy,84,Final
2024-07-28,08:15,Boston Red Sox,New York Yankees,8,11,Fenway Park,Clear,81,Final
2024-07-28,09:10,Arizona Diamondbacks,Pittsburgh Pirates,9,5,Chase Field,Roof Closed,78,Final
2024-07-28,10:38,Los Angeles Angels,Oakland Athletics,1,3,Angel Stadium,Clear,80,Final
2024-07-29,00:35,Tampa Bay Rays,Cincinnati Reds,2,1,Tropicana Field,Dome,72,Final
2024-07-29,02:35,Baltimore Orioles,San Diego Padres,8,6,Oriole Park at Camden Yards,Partly Cloudy,89,Final
2024-07-29,02:35,Philadelphia Phillies,Cleveland Guardians,3,4,Citizens Bank Park,Partly Cloudy,87,Final
2024-07-29,02:37,Toronto Blue Jays,Texas Rangers,7,3,Rogers Centre,Sunny,81,Final
2024-07-29,02:40,Detroit Tigers,Minnesota Twins,0,5,Comerica Park,Sunny,86,Final
2024-07-29,02:40,New York Mets,Atlanta Braves,2,9,Citi Field,Sunny,86,Final
2024-07-29,03:10,Kansas City Royals,Chicago Cubs,3,7,Kauffman Stadium,Partly Cloudy,88,Final
2024-07-29,03:10,Houston Astros,Los Angeles Dodgers,2,6,Minute Maid Park,Roof Closed,73,Final
2024-07-29,03:10,Chicago White Sox,Seattle Mariners,3,6,Guaranteed Rate Field,Cloudy,81,Final
2024-07-29,03:10,Milwaukee Brewers,Miami Marlins,6,2,American Family Field,Roof Closed,80,Final
2024-07-29,03:15,St. Louis Cardinals,Washington Nationals,4,3,Busch Stadium,Partly Cloudy,86,Final
2024-07-29,05:05,San Francisco Giants,Colorado Rockies,5,4,Oracle Park,Sunny,64,Final
2024-07-29,05:07,Los Angeles Angels,Oakland Athletics,8,6,Angel Stadium,Sunny,80,Final
2024-07-29,05:10,Arizona Diamondbacks,Pittsburgh Pirates,5,6,Chase Field,Roof Closed,78,Final
2024-07-29,08:10,Boston Red Sox,New York Yankees,2,8,Fenway Park,Partly Cloudy,74,Final
2024-07-30,04:05,Baltimore Orioles,Toronto Blue Jays,11,5,Oriole Park at Camden Yards,Partly Cloudy,90,Final
2024-07-30,04:10,Baltimore Orioles,Toronto Blue Jays,4,8,Oriole Park at Camden Yards,Partly Cloudy,83,Final
2024-07-30,07:40,Detroit Tigers,Cleveland Guardians,4,8,Comerica Park,Partly Cloudy,83,Final
2024-07-30,07:40,Philadelphia Phillies,New York Yankees,4,14,Citizens Bank Park,Partly Cloudy,86,Final
2024-07-30,08:10,Cincinnati Reds,Chicago Cubs,7,1,Great American Ball Park,Clear,84,Final
2024-07-30,08:10,Boston Red Sox,Seattle Mariners,14,7,Fenway Park,Partly Cloudy,72,Final
2024-07-30,08:10,New York Mets,Minnesota Twins,15,2,Citi Field,Partly Cloudy,80,Final
2024-07-30,08:45,St. Louis Cardinals,Texas Rangers,3,6,Busch Stadium,Partly Cloudy,91,Final
2024-07-30,09:10,Houston Astros,Pittsburgh Pirates,3,5,Minute Maid Park,Roof Closed,73,Final
2024-07-30,09:10,Chicago White Sox,Kansas City Royals,5,8,Guaranteed Rate Field,Cloudy,79,Final
2024-07-30,09:10,Milwaukee Brewers,Atlanta Braves,8,3,American Family Field,Roof Closed,80,Final
2024-07-30,10:40,Arizona Diamondbacks,Washington Nationals,9,8,Chase Field,Roof Closed,78,Final
2024-07-31,02:10,Detroit Tigers,Cleveland Guardians,0,5,Comerica Park,Cloudy,80,Final
2024-07-31,07:35,Baltimore Orioles,Toronto Blue Jays,6,2,Oriole Park at Camden Yards,Overcast,79,Final
2024-07-31,07:40,Philadelphia Phillies,New York Yankees,6,7,Citizens Bank Park,Partly Cloudy,83,Final
2024-07-31,07:50,Tampa Bay Rays,Miami Marlins,9,3,Tropicana Field,Dome,72,Final
2024-07-31,08:10,Cincinnati Reds,Chicago Cubs,6,3,Great American Ball Park,Clear,87,Final
2024-07-31,08:10,Boston Red Sox,Seattle Mariners,6,10,Fenway Park,Clear,84,Final
2024-07-31,08:10,New York Mets,Minnesota Twins,2,0,Citi Field,Clear,80,Final
2024-07-31,08:45,St. Louis Cardinals,Texas Rangers,8,1,Busch Stadium,Cloudy,82,Final
2024-07-31,09:10,Houston Astros,Pittsburgh Pirates,2,6,Minute Maid Park,Roof Closed,73,Final
2024-07-31,09:10,Chicago White Sox,Kansas City Royals,3,4,Guaranteed Rate Field,Partly Cloudy,84,Final
2024-07-31,09:10,Milwaukee Brewers,Atlanta Braves,1,5,American Family Field,Clear,84,Final
2024-07-31,10:38,Los Angeles Angels,Colorado Rockies,10,7,Angel Stadium,Clear,79,Final
2024-07-31,10:40,Arizona Diamondbacks,Washington Nationals,17,0,Chase Field,Roof Closed,78,Final
2024-07-31,10:40,San Diego Padres,Los Angeles Dodgers,6,5,Petco Park,Clear,73,Final
2024-07-31,10:45,San Francisco Giants,Oakland Athletics,2,5,Oracle Park,Partly Cloudy,63,Final
2024-08-01,01:10,Tampa Bay Rays,Miami Marlins,2,6,Tropicana Field,Dome,72,Final
2024-08-01,01:35,Baltimore Orioles,Toronto Blue Jays,10,4,Oriole Park at Camden Yards,Partly Cloudy,90,Final
2024-08-01,01:35,Philadelphia Phillies,New York Yankees,5,6,Citizens Bank Park,Partly Cloudy,87,Final
2024-08-01,02:10,New York Mets,Minnesota Twins,3,8,Citi Field,Partly Cloudy,83,Final
2024-08-01,03:10,Chicago White Sox,Kansas City Royals,3,10,Guaranteed Rate Field,Cloudy,86,Final
2024-08-01,03:10,Milwaukee Brewers,Atlanta Braves,2,6,American Family Field,Sunny,86,Final
2024-08-01,03:15,St. Louis Cardinals,Texas Rangers,10,1,Busch Stadium,Sunny,94,Final
2024-08-01,04:40,Arizona Diamondbacks,Washington Nationals,5,4,Chase Field,Roof Closed,78,Final
2024-08-01,05:10,Boston Red Sox,Seattle Mariners,3,2,Fenway Park,Cloudy,80,Final
2024-08-01,08:10,Cincinnati Reds,Chicago Cubs,4,13,Great American Ball Park,Overcast,85,Final
2024-08-01,09:10,Houston Astros,Pittsburgh Pirates,5,4,Minute Maid Park,Roof Closed,73,Final
2024-08-01,09:40,San Diego Padres,Los Angeles Dodgers,8,1,Petco Park,Clear,73,Final
2024-08-01,10:38,Los Angeles Angels,Colorado Rockies,1,2,Angel Stadium,Clear,80,Final
2024-08-01,10:45,San Francisco Giants,Oakland Athletics,1,0,Oracle Park,Partly Cloudy,62,Final
2024-08-02,07:40,Cleveland Guardians,Baltimore Orioles,10,3,Progressive Field,Partly Cloudy,84,Final
2024-08-02,07:40,Detroit Tigers,Kansas City Royals,1,7,Comerica Park,Partly Cloudy,87,Final
2024-08-02,08:20,Atlanta Braves,Miami Marlins,4,2,Truist Park,Partly Cloudy,89,Final
2024-08-02,09:05,Chicago Cubs,St. Louis Cardinals,5,4,Wrigley Field,Cloudy,84,Final
2024-08-02,10:38,Los Angeles Angels,Colorado Rockies,4,5,Angel Stadium,Clear,79,Final
2024-08-03,03:20,Chicago Cubs,St. Louis Cardinals,6,3,Wrigley Field,Partly Cloudy,77,Final
2024-08-03,07:40,Detroit Tigers,Kansas City Royals,2,9,Comerica Park,Partly Cloudy,80,Final
2024-08-03,07:40,Pittsburgh Pirates,Arizona Diamondbacks,8,9,PNC Park,Partly Cloudy,86,Final
2024-08-03,07:45,Washington Nationals,Milwaukee Brewers,3,8,Nationals Park,Cloudy,95,Final
2024-08-03,08:05,New York Yankees,Toronto Blue Jays,5,8,Yankee Stadium,Cloudy,76,Final
2024-08-03,08:10,Cleveland Guardians,Baltimore Orioles,8,4,Progressive Field,Partly Cloudy,80,Final
2024-08-03,08:10,Cincinnati Reds,San Francisco Giants,0,3,Great American Ball Park,Overcast,76,Final
2024-08-03,08:20,Atlanta Braves,Miami Marlins,5,3,Truist Park,Partly Cloudy,81,Final
2024-08-03,09:05,Texas Rangers,Boston Red Sox,6,11,Globe Life Field,Roof Closed,74,Final
2024-08-03,09:10,Houston Astros,Tampa Bay Rays,3,2,Minute Maid Park,Roof Closed,73,Final
2024-08-03,09:10,Minnesota Twins,Chicago White Sox,10,2,Target Field,Clear,87,Final
2024-08-03,10:38,Los Angeles Angels,New York Mets,1,5,Angel Stadium,Partly Cloudy,84,Final
2024-08-03,10:40,Oakland Athletics,Los Angeles Dodgers,6,5,Oakland Coliseum,Cloudy,72,Final
2024-08-03,10:40,San Diego Padres,Colorado Rockies,2,5,Petco Park,Clear,78,Final
2024-08-03,10:40,Seattle Mariners,Philadelphia Phillies,10,2,T-Mobile Park,Clear,77,Final
2024-08-04,02:05,New York Yankees,Toronto Blue Jays,8,3,Yankee Stadium,Partly Cloudy,90,Final
2024-08-04,03:20,Chicago Cubs,St. Louis Cardinals,4,5,Wrigley Field,Sunny,85,Final
2024-08-04,05:05,Washington Nationals,Milwaukee Brewers,6,4,Nationals Park,Partly Cloudy,95,Final
2024-08-04,07:10,Detroit Tigers,Kansas City Royals,6,5,Comerica Park,Clear,90,Final
2024-08-04,07:40,Pittsburgh Pirates,Arizona Diamondbacks,4,2,PNC Park,Cloudy,77,Final
2024-08-04,08:05,Texas Rangers,Boston Red Sox,7,4,Globe Life Field,Roof Closed,74,Final
2024-08-04,08:10,Minnesota Twins,Chicago White Sox,6,2,Target Field,Partly Cloudy,87,Final
2024-08-04,08:15,Cleveland Guardians,Baltimore Orioles,4,7,Progressive Field,Partly Cloudy,80,Final
2024-08-04,08:15,Cincinnati Reds,San Francisco Giants,6,4,Great American Ball Park,Partly Cloudy,83,Final
2024-08-04,08:15,Houston Astros,Tampa Bay Rays,1,6,Minute Maid Park,Roof Closed,73,Final
2024-08-04,08:20,Atlanta Braves,Miami Marlins,3,4,Truist Park,Partly Cloudy,88,Final
2024-08-04,09:40,San Diego Padres,Colorado Rockies,3,2,Petco Park,Clear,78,Final
2024-08-04,10:07,Oakland Athletics,Los Angeles Dodgers,0,10,Oakland Coliseum,Clear,72,Final
2024-08-04,10:38,Los Angeles Angels,New York Mets,5,4,Angel Stadium,Clear,88,Final
2024-08-04,10:40,Seattle Mariners,Philadelphia Phillies,6,5,T-Mobile Park,Partly Cloudy,72,Final
2024-08-05,01:05,Cincinnati Reds,San Francisco Giants,2,8,Great American Ball Park,Partly Cloudy,85,Final
2024-08-05,02:35,Pittsburgh Pirates,Arizona Diamondbacks,5,6,PNC Park,Partly Cloudy,84,Final
2024-08-05,02:35,Atlanta Braves,Miami Marlins,0,7,Truist Park,Partly Cloudy,89,Final
2024-08-05,02:35,New York Yankees,Toronto Blue Jays,4,3,Yankee Stadium,Cloudy,79,Final
2024-08-05,02:35,Washington Nationals,Milwaukee Brewers,4,3,Nationals Park,Cloudy,83,Final
2024-08-05,02:40,Cleveland Guardians,Baltimore Orioles,5,9,Progressive Field,Sunny,83,Final
2024-08-05,02:40,Detroit Tigers,Kansas City Royals,2,3,Comerica Park,Sunny,86,Final
2024-08-05,03:10,Houston Astros,Tampa Bay Rays,0,1,Minute Maid Park,Roof Closed,73,Final
2024-08-05,03:10,Minnesota Twins,Chicago White Sox,13,7,Target Field,Partly Cloudy,78,Final
2024-08-05,03:35,Texas Rangers,Boston Red Sox,2,7,Globe Life Field,Roof Closed,74,Final
2024-08-05,05:07,Los Angeles Angels,New York Mets,3,2,Angel Stadium,Sunny,87,Final
2024-08-05,05:07,Oakland Athletics,Los Angeles Dodgers,2,3,Oakland Coliseum,Sunny,68,Final
2024-08-05,05:10,San Diego Padres,Colorado Rockies,10,2,Petco Park,Sunny,77,Final
2024-08-05,05:10,Seattle Mariners,Philadelphia Phillies,0,6,T-Mobile Park,Sunny,71,Final
2024-08-05,08:10,Chicago Cubs,St. Louis Cardinals,6,2,Wrigley Field,Partly Cloudy,87,Final
2024-08-06,06:15,St. Louis Cardinals,New York Mets,0,6,Busch Stadium,Partly Cloudy,94,Final
2024-08-06,07:40,Cleveland Guardians,Arizona Diamondbacks,6,7,Progressive Field,Partly Cloudy,81,Final
2024-08-06,07:40,Miami Marlins,Cincinnati Reds,3,10,loanDepot park,Roof Closed,72,Final
2024-08-06,07:45,Washington Nationals,San Francisco Giants,1,4,Nationals Park,Clear,90,Final
2024-08-06,09:05,Texas Rangers,Houston Astros,4,3,Globe Life Field,Roof Closed,74,Final
2024-08-06,09:05,Chicago Cubs,Minnesota Twins,0,3,Wrigley Field,Cloudy,76,Final
2024-08-06,09:10,Kansas City Royals,Boston Red Sox,5,9,Kauffman Stadium,Clear,95,Final
2024-08-06,10:40,Oakland Athletics,Chicago White Sox,5,1,Oakland Coliseum,Partly Cloudy,66,Final
2024-08-06,11:10,Los Angeles Dodgers,Philadelphia Phillies,5,3,Dodger Stadium,Clear,82,Final
2024-08-07,07:40,Pittsburgh Pirates,San Diego Padres,0,6,PNC Park,Cloudy,77,Final
2024-08-07,07:40,Miami Marlins,Cincinnati Reds,2,8,loanDepot park,Roof Closed,72,Final
2024-08-07,07:45,Washington Nationals,San Francisco Giants,11,5,Nationals Park,Cloudy,87,Final
2024-08-07,08:07,Toronto Blue Jays,Baltimore Orioles,5,2,Rogers Centre,Roof Closed,71,Final
2024-08-07,08:20,Atlanta Braves,Milwaukee Brewers,0,10,Truist Park,Partly Cloudy,89,Final
2024-08-07,08:45,St. Louis Cardinals,Tampa Bay Rays,4,3,Busch Stadium,Cloudy,81,Final
2024-08-07,09:05,Texas Rangers,Houston Astros,2,4,Globe Life Field,Roof Closed,74,Final
2024-08-07,09:05,Chicago Cubs,Minnesota Twins,7,3,Wrigley Field,Overcast,70,Final
2024-08-07,09:10,Kansas City Royals,Boston Red Sox,5,6,Kauffman Stadium,Partly Cloudy,77,Final
2024-08-07,09:40,Colorado Rockies,New York Mets,6,3,Coors Field,Partly Cloudy,87,Final
2024-08-07,10:40,Seattle Mariners,Detroit Tigers,2,4,T-Mobile Park,Clear,68,Final
2024-08-07,10:40,Oakland Athletics,Chicago White Sox,1,5,Oakland Coliseum,Clear,76,Final
2024-08-07,11:10,Los Angeles Dodgers,Philadelphia Phillies,2,6,Dodger Stadium,Clear,80,Final
2024-08-07,07:40,Cleveland Guardians,Arizona Diamondbacks,0,0,Progressive Field,Cloudy,75,Final
2024-08-07,08:05,New York Yankees,Los Angeles Angels,0,0,Yankee Stadium,Cloudy,67,Final
2024-08-08,02:10,Cleveland Guardians,Arizona Diamondbacks,3,7,Progressive Field,Partly Cloudy,76,Final
2024-08-08,02:15,Cleveland Guardians,Arizona Diamondbacks,3,5,Progressive Field,Cloudy,75,Final
2024-08-08,03:20,Chicago Cubs,Minnesota Twins,8,2,Wrigley Field,Sunny,75,Final
2024-08-08,03:35,Texas Rangers,Houston Astros,4,6,Globe Life Field,Roof Closed,74,Final
2024-08-08,04:37,Oakland Athletics,Chicago White Sox,3,2,Oakland Coliseum,Sunny,75,Final
2024-08-08,05:05,New York Yankees,Los Angeles Angels,5,2,Yankee Stadium,Rain,65,Final
2024-08-08,05:10,New York Yankees,Los Angeles Angels,2,8,Yankee Stadium,Cloudy,67,Final
2024-08-08,07:40,Pittsburgh Pirates,San Diego Padres,8,9,PNC Park,Overcast,78,Final
2024-08-08,07:40,Miami Marlins,Cincinnati Reds,6,4,loanDepot park,Roof Closed,72,Final
2024-08-08,07:45,Washington Nationals,San Francisco Giants,4,7,Nationals Park,Overcast,84,Final
2024-08-08,08:07,Toronto Blue Jays,Baltimore Orioles,3,7,Rogers Centre,Clear,74,Final
2024-08-08,08:20,Atlanta Braves,Milwaukee Brewers,5,8,Truist Park,Clear,92,Final
2024-08-08,08:45,St. Louis Cardinals,Tampa Bay Rays,5,2,Busch Stadium,Overcast,75,Final
2024-08-08,09:10,Kansas City Royals,Boston Red Sox,8,4,Kauffman Stadium,Clear,83,Final
2024-08-08,09:40,Colorado Rockies,New York Mets,3,5,Coors Field,Partly Cloudy,73,Final
2024-08-08,10:40,Seattle Mariners,Detroit Tigers,2,6,T-Mobile Park,Clear,73,Final
2024-08-08,11:10,Los Angeles Dodgers,Philadelphia Phillies,4,9,Dodger Stadium,Clear,76,Final
2024-08-09,01:05,Washington Nationals,San Francisco Giants,5,9,Nationals Park,Drizzle,77,Final
2024-08-09,01:20,Atlanta Braves,Milwaukee Brewers,7,16,Truist Park,Sunny,88,Final
2024-08-09,01:35,Pittsburgh Pirates,San Diego Padres,6,7,PNC Park,Cloudy,82,Final
2024-08-09,04:10,Colorado Rockies,New York Mets,1,9,Coors Field,Cloudy,67,Final
2024-08-09,07:10,Miami Marlins,Cincinnati Reds,4,10,loanDepot park,Roof Closed,72,Final
2024-08-09,08:05,New York Yankees,Los Angeles Angels,4,9,Yankee Stadium,Rain,69,Final
2024-08-09,08:07,Toronto Blue Jays,Baltimore Orioles,7,6,Rogers Centre,Roof Closed,68,Final
2024-08-09,08:15,St. Louis Cardinals,Tampa Bay Rays,4,6,Busch Stadium,Cloudy,81,Final
2024-08-09,10:40,Seattle Mariners,Detroit Tigers,4,3,T-Mobile Park,Partly Cloudy,80,Final
2024-08-09,10:40,Arizona Diamondbacks,Philadelphia Phillies,4,6,Chase Field,Roof Closed,78,Final
2024-08-10,03:10,Minnesota Twins,Cleveland Guardians,4,2,Target Field,Partly Cloudy,67,Final
2024-08-10,09:10,Minnesota Twins,Cleveland Guardians,6,3,Target Field,Partly Cloudy,65,Final
2024-08-10,07:45,Washington Nationals,Los Angeles Angels,3,2,Nationals Park,Cloudy,82,Final
2024-08-10,07:50,Tampa Bay Rays,Baltimore Orioles,1,4,Tropicana Field,Dome,72,Final
2024-08-10,08:07,Toronto Blue Jays,Oakland Athletics,3,1,Rogers Centre,Clear,79,Final
2024-08-10,08:10,Boston Red Sox,Houston Astros,4,8,Fenway Park,Cloudy,82,Final
2024-08-10,08:10,Miami Marlins,San Diego Padres,2,6,loanDepot park,Roof Closed,72,Final
2024-08-10,09:10,Kansas City Royals,St. Louis Cardinals,5,8,Kauffman Stadium,Partly Cloudy,73,Final
2024-08-10,09:10,Chicago White Sox,Chicago Cubs,6,7,Guaranteed Rate Field,Overcast,69,Final
2024-08-10,09:10,Milwaukee Brewers,Cincinnati Reds,8,3,American Family Field,Cloudy,65,Final
2024-08-10,09:40,Colorado Rockies,Atlanta Braves,6,5,Coors Field,Overcast,69,Final
2024-08-10,10:40,Arizona Diamondbacks,Philadelphia Phillies,3,2,Chase Field,Roof Closed,78,Final
2024-08-10,11:10,Los Angeles Dodgers,Pittsburgh Pirates,9,5,Dodger Stadium,Clear,72,Final
2024-08-10,11:10,Seattle Mariners,New York Mets,6,0,T-Mobile Park,Clear,73,Final
2024-08-10,11:15,San Francisco Giants,Detroit Tigers,3,2,Oracle Park,Cloudy,61,Final
2024-08-10,08:05,New York Yankees,Texas Rangers,0,0,Yankee Stadium,Sunny,85,Final
2024-08-11,02:05,New York Yankees,Texas Rangers,8,0,Yankee Stadium,Sunny,84,Final
2024-08-11,02:10,New York Yankees,Texas Rangers,4,9,Yankee Stadium,Sunny,85,Final
2024-08-11,04:07,Toronto Blue Jays,Oakland Athletics,0,1,Rogers Centre,Partly Cloudy,73,Final
2024-08-11,05:05,San Francisco Giants,Detroit Tigers,3,1,Oracle Park,Partly Cloudy,66,Final
2024-08-11,05:10,Boston Red Sox,Houston Astros,4,5,Fenway Park,Partly Cloudy,87,Final
2024-08-11,05:10,Miami Marlins,San Diego Padres,8,9,loanDepot park,Roof Closed,72,Final
2024-08-11,07:45,Washington Nationals,Los Angeles Angels,5,4,Nationals Park,Cloudy,88,Final
2024-08-11,08:10,Kansas City Royals,St. Louis Cardinals,8,3,Kauffman Stadium,Clear,77,Final
2024-08-11,08:10,Minnesota Twins,Cleveland Guardians,1,2,Target Field,Partly Cloudy,72,Final
2024-08-11,08:10,Milwaukee Brewers,Cincinnati Reds,1,0,American Family Field,Partly Cloudy,73,Final
2024-08-11,08:15,Tampa Bay Rays,Baltimore Orioles,5,7,Tropicana Field,Dome,72,Final
2024-08-11,08:15,Chicago White Sox,Chicago Cubs,1,3,Guaranteed Rate Field,Partly Cloudy,76,Final
2024-08-11,09:10,Arizona Diamondbacks,Philadelphia Phillies,11,1,Chase Field,Roof Closed,79,Final
2024-08-11,09:10,Colorado Rockies,Atlanta Braves,8,11,Coors Field,Cloudy,71,Final
2024-08-11,10:10,Los Angeles Dodgers,Pittsburgh Pirates,4,1,Dodger Stadium,Clear,81,Final
2024-08-11,10:40,Seattle Mariners,New York Mets,4,0,T-Mobile Park,Clear,75,Final
2024-08-12,00:35,Washington Nationals,Los Angeles Angels,4,6,Nationals Park,Cloudy,77,Final
2024-08-12,02:35,Boston Red Sox,Houston Astros,2,10,Fenway Park,Partly Cloudy,81,Final
2024-08-12,02:35,New York Yankees,Texas Rangers,8,7,Yankee Stadium,Partly Cloudy,77,Final
2024-08-12,02:37,Toronto Blue Jays,Oakland Athletics,4,8,Rogers Centre,Roof Closed,68,Final
2024-08-12,02:40,Tampa Bay Rays,Baltimore Orioles,2,1,Tropicana Field,Dome,72,Final
2024-08-12,02:40,Miami Marlins,San Diego Padres,7,6,loanDepot park,Roof Closed,72,Final
2024-08-12,03:10,Minnesota Twins,Cleveland Guardians,3,5,Target Field,Sunny,70,Final
2024-08-12,03:10,Milwaukee Brewers,Cincinnati Reds,3,4,American Family Field,Partly Cloudy,76,Final
2024-08-12,04:10,Colorado Rockies,Atlanta Braves,9,8,Coors Field,Cloudy,77,Final
2024-08-12,05:05,San Francisco Giants,Detroit Tigers,4,5,Oracle Park,Partly Cloudy,62,Final
2024-08-12,05:10,Los Angeles Dodgers,Pittsburgh Pirates,6,5,Dodger Stadium,Sunny,88,Final
2024-08-12,05:10,Arizona Diamondbacks,Philadelphia Phillies,12,5,Chase Field,Roof Closed,78,Final
2024-08-12,08:10,Seattle Mariners,New York Mets,12,1,T-Mobile Park,Partly Cloudy,69,Final
2024-08-13,07:40,Cleveland Guardians,Chicago Cubs,9,8,Progressive Field,Clear,74,Final
2024-08-13,07:40,Cincinnati Reds,St. Louis Cardinals,6,1,Great American Ball Park,Partly Cloudy,79,Final
2024-08-13,07:50,Tampa Bay Rays,Houston Astros,1,6,Tropicana Field,Dome,72,Final
2024-08-13,08:10,Boston Red Sox,Texas Rangers,5,4,Fenway Park,Cloudy,71,Final
2024-08-13,08:40,Minnesota Twins,Kansas City Royals,8,3,Target Field,Clear,81,Final
2024-08-13,09:10,Chicago White Sox,New York Yankees,12,2,Guaranteed Rate Field,Cloudy,77,Final
2024-08-13,09:10,Milwaukee Brewers,Los Angeles Dodgers,2,5,American Family Field,Clear,78,Final
2024-08-13,10:38,Los Angeles Angels,Toronto Blue Jays,2,4,Angel Stadium,Clear,82,Final
2024-08-13,10:40,Arizona Diamondbacks,Colorado Rockies,5,4,Chase Field,Roof Closed,78,Final
2024-08-13,10:40,San Diego Padres,Pittsburgh Pirates,2,1,Petco Park,Clear,77,Final
2024-08-13,10:45,San Francisco Giants,Atlanta Braves,0,1,Oracle Park,Partly Cloudy,62,Final
2024-08-14,07:35,Baltimore Orioles,Washington Nationals,3,9,Oriole Park at Camden Yards,Clear,85,Final
2024-08-14,07:40,Cleveland Guardians,Chicago Cubs,2,1,Progressive Field,Clear,77,Final
2024-08-14,07:40,Detroit Tigers,Seattle Mariners,15,1,Comerica Park,Clear,81,Final
2024-08-14,07:40,Cincinnati Reds,St. Louis Cardinals,4,1,Great American Ball Park,Partly Cloudy,82,Final
2024-08-14,07:40,Philadelphia Phillies,Miami Marlins,0,5,Citizens Bank Park,Partly Cloudy,82,Final
2024-08-14,07:50,Tampa Bay Rays,Houston Astros,2,3,Tropicana Field,Dome,72,Final
2024-08-14,08:10,New York Mets,Oakland Athletics,4,9,Citi Field,Clear,79,Final
2024-08-14,08:10,Boston Red Sox,Texas Rangers,9,4,Fenway Park,Partly Cloudy,81,Final
2024-08-14,08:40,Minnesota Twins,Kansas City Royals,13,3,Target Field,Partly Cloudy,81,Final
2024-08-14,09:10,Chicago White Sox,New York Yankees,1,4,Guaranteed Rate Field,Clear,80,Final
2024-08-14,09:10,Milwaukee Brewers,Los Angeles Dodgers,2,7,American Family Field,Clear,80,Final
2024-08-14,10:38,Los Angeles Angels,Toronto Blue Jays,1,6,Angel Stadium,Clear,81,Final
2024-08-14,10:40,Arizona Diamondbacks,Colorado Rockies,4,3,Chase Field,Roof Closed,78,Final
2024-08-14,10:40,San Diego Padres,Pittsburgh Pirates,3,0,Petco Park,Clear,77,Final
2024-08-14,10:45,San Francisco Giants,Atlanta Braves,3,4,Oracle Park,Clear,65,Final
2024-08-15,02:10,Minnesota Twins,Kansas City Royals,1,4,Target Field,Partly Cloudy,77,Final
2024-08-15,04:40,Arizona Diamondbacks,Colorado Rockies,11,4,Chase Field,Roof Closed,76,Final
2024-08-15,05:10,San Diego Padres,Pittsburgh Pirates,8,2,Petco Park,Sunny,76,Final
2024-08-15,07:10,Boston Red Sox,Texas Rangers,7,9,Fenway Park,Cloudy,77,Final
2024-08-15,07:35,Baltimore Orioles,Washington Nationals,4,1,Oriole Park at Camden Yards,Partly Cloudy,83,Final
2024-08-15,07:40,Cleveland Guardians,Chicago Cubs,6,1,Progressive Field,Clear,78,Final
2024-08-15,07:40,Detroit Tigers,Seattle Mariners,3,2,Comerica Park,Clear,82,Final
2024-08-15,07:40,Cincinnati Reds,St. Louis Cardinals,9,2,Great American Ball Park,Partly Cloudy,85,Final
2024-08-15,07:40,Philadelphia Phillies,Miami Marlins,9,5,Citizens Bank Park,Partly Cloudy,84,Final
2024-08-15,07:50,Tampa Bay Rays,Houston Astros,1,2,Tropicana Field,Dome,72,Final
2024-08-15,08:10,New York Mets,Oakland Athletics,9,1,Citi Field,Clear,82,Final
2024-08-15,09:10,Chicago White Sox,New York Yankees,2,10,Guaranteed Rate Field,Partly Cloudy,79,Final
2024-08-15,09:10,Milwaukee Brewers,Los Angeles Dodgers,5,4,American Family Field,Partly Cloudy,74,Final
2024-08-15,10:38,Los Angeles Angels,Toronto Blue Jays,2,9,Angel Stadium,Clear,82,Final
2024-08-15,10:45,San Francisco Giants,Atlanta Braves,2,13,Oracle Park,Clear,65,Final
2024-08-16,02:10,New York Mets,Oakland Athletics,6,7,Citi Field,Sunny,85,Final
2024-08-16,02:10,Detroit Tigers,Seattle Mariners,2,1,Comerica Park,Sunny,80,Final
2024-08-16,03:10,Milwaukee Brewers,Los Angeles Dodgers,6,4,American Family Field,Roof Closed,77,Final
2024-08-16,04:45,San Francisco Giants,Atlanta Braves,6,0,Oracle Park,Sunny,67,Final
2024-08-16,07:35,Baltimore Orioles,Boston Red Sox,5,1,Oriole Park at Camden Yards,Clear,86,Final
2024-08-16,07:40,Philadelphia Phillies,Washington Nationals,13,3,Citizens Bank Park,Partly Cloudy,84,Final
2024-08-16,09:05,Texas Rangers,Minnesota Twins,2,3,Globe Life Field,Roof Closed,74,Final
2024-08-17,03:20,Chicago Cubs,Toronto Blue Jays,6,5,Wrigley Field,Partly Cloudy,81,Final
2024-08-17,07:40,Cincinnati Reds,Kansas City Royals,1,7,Great American Ball Park,Partly Cloudy,80,Final
2024-08-17,07:40,Pittsburgh Pirates,Seattle Mariners,5,3,PNC Park,Partly Cloudy,79,Final
2024-08-17,07:40,Philadelphia Phillies,Washington Nationals,3,2,Citizens Bank Park,Partly Cloudy,87,Final
2024-08-17,07:40,Detroit Tigers,New York Yankees,0,3,Comerica Park,Partly Cloudy,80,Final
2024-08-17,07:50,Tampa Bay Rays,Arizona Diamondbacks,5,4,Tropicana Field,Dome,72,Final
2024-08-17,08:05,Baltimore Orioles,Boston Red Sox,10,12,Oriole Park at Camden Yards,Partly Cloudy,83,Final
2024-08-17,08:10,New York Mets,Miami Marlins,7,3,Citi Field,Clear,79,Final
2024-08-17,09:05,Texas Rangers,Minnesota Twins,3,4,Globe Life Field,Roof Closed,74,Final
2024-08-17,09:10,Houston Astros,Chicago White Sox,4,5,Minute Maid Park,Roof Closed,73,Final
2024-08-17,09:10,Milwaukee Brewers,Cleveland Guardians,5,3,American Family Field,Roof Closed,79,Final
2024-08-17,09:15,St. Louis Cardinals,Los Angeles Dodgers,6,7,Busch Stadium,Clear,86,Final
2024-08-17,09:40,Colorado Rockies,San Diego Padres,7,3,Coors Field,Clear,91,Final
2024-08-17,10:38,Los Angeles Angels,Atlanta Braves,3,2,Angel Stadium,Partly Cloudy,81,Final
2024-08-18,02:05,Pittsburgh Pirates,Seattle Mariners,7,2,PNC Park,Cloudy,83,Final
2024-08-18,02:10,Detroit Tigers,New York Yankees,4,0,Comerica Park,Cloudy,76,Final
2024-08-18,03:20,Chicago Cubs,Toronto Blue Jays,3,2,Wrigley Field,Cloudy,78,Final
2024-08-18,05:10,Tampa Bay Rays,Arizona Diamondbacks,6,1,Tropicana Field,Dome,72,Final
2024-08-18,05:10,New York Mets,Miami Marlins,4,0,Citi Field,Cloudy,79,Final
2024-08-18,07:05,Philadelphia Phillies,Washington Nationals,5,1,Citizens Bank Park,Cloudy,78,Final
2024-08-18,07:40,Cincinnati Reds,Kansas City Royals,1,13,Great American Ball Park,Overcast,84,Final
2024-08-18,08:05,Baltimore Orioles,Boston Red Sox,1,5,Oriole Park at Camden Yards,Overcast,75,Final
2024-08-18,08:05,Texas Rangers,Minnesota Twins,2,5,Globe Life Field,Roof Closed,74,Final
2024-08-18,08:07,Oakland Athletics,San Francisco Giants,2,0,Oakland Coliseum,Partly Cloudy,73,Final
2024-08-18,08:10,Houston Astros,Chicago White Sox,6,1,Minute Maid Park,Roof Closed,73,Final
2024-08-18,08:15,St. Louis Cardinals,Los Angeles Dodgers,5,2,Busch Stadium,Clear,86,Final
2024-08-18,08:15,Milwaukee Brewers,Cleveland Guardians,2,1,American Family Field,Roof Closed,79,Final
2024-08-18,09:10,Colorado Rockies,San Diego Padres,3,8,Coors Field,Partly Cloudy,95,Final
2024-08-18,10:38,Los Angeles Angels,Atlanta Braves,3,11,Angel Stadium,Clear,76,Final
2024-08-19,01:05,New York Mets,Miami Marlins,2,3,Citi Field,Cloudy,76,Final
2024-08-19,02:35,Baltimore Orioles,Boston Red Sox,4,2,Oriole Park at Camden Yards,Cloudy,81,Final
2024-08-19,02:35,Pittsburgh Pirates,Seattle Mariners,3,10,PNC Park,Partly Cloudy,78,Final
2024-08-19,02:35,Philadelphia Phillies,Washington Nationals,4,6,Citizens Bank Park,Partly Cloudy,83,Final
2024-08-19,02:40,Cincinnati Reds,Kansas City Royals,1,8,Great American Ball Park,Partly Cloudy,79,Final
2024-08-19,02:40,Tampa Bay Rays,Arizona Diamondbacks,8,7,Tropicana Field,Dome,72,Final
2024-08-19,03:10,Houston Astros,Chicago White Sox,2,0,Minute Maid Park,Roof Closed,73,Final
2024-08-19,03:10,Milwaukee Brewers,Cleveland Guardians,2,0,American Family Field,Roof Closed,76,Final
2024-08-19,03:15,St. Louis Cardinals,Los Angeles Dodgers,1,2,Busch Stadium,Partly Cloudy,82,Final
2024-08-19,03:20,Chicago Cubs,Toronto Blue Jays,0,1,Wrigley Field,Cloudy,74,Final
2024-08-19,03:35,Texas Rangers,Minnesota Twins,6,5,Globe Life Field,Roof Closed,74,Final
2024-08-19,04:10,Colorado Rockies,San Diego Padres,3,2,Coors Field,Sunny,92,Final
2024-08-19,05:07,Oakland Athletics,San Francisco Giants,2,4,Oakland Coliseum,Partly Cloudy,73,Final
2024-08-19,05:07,Los Angeles Angels,Atlanta Braves,1,3,Angel Stadium,Sunny,83,Final
2024-08-19,08:10,Detroit Tigers,New York Yankees,3,2,Journey Bank Ballpark,Cloudy,73,Final
2024-08-20,07:40,Miami Marlins,Arizona Diamondbacks,6,9,loanDepot park,Roof Closed,72,Final
2024-08-20,08:07,Toronto Blue Jays,Cincinnati Reds,3,6,Rogers Centre,Clear,65,Final
2024-08-20,08:10,New York Mets,Baltimore Orioles,4,3,Citi Field,Cloudy,76,Final
2024-08-20,09:05,Texas Rangers,Pittsburgh Pirates,4,3,Globe Life Field,Roof Closed,74,Final
2024-08-20,09:10,Houston Astros,Boston Red Sox,5,4,Minute Maid Park,Roof Closed,73,Final
2024-08-20,09:10,Kansas City Royals,Los Angeles Angels,5,3,Kauffman Stadium,Clear,84,Final
2024-08-20,10:40,Oakland Athletics,Tampa Bay Rays,3,0,Oakland Coliseum,Clear,70,Final
2024-08-20,10:40,San Diego Padres,Minnesota Twins,5,3,Petco Park,Clear,77,Final
2024-08-20,10:45,San Francisco Giants,Chicago White Sox,5,3,Oracle Park,Clear,68,Final
2024-08-20,11:10,Los Angeles Dodgers,Seattle Mariners,3,0,Dodger Stadium,Clear,80,Final
2024-08-21,07:40,Miami Marlins,Arizona Diamondbacks,1,3,loanDepot park,Roof Closed,72,Final
2024-08-21,07:45,Washington Nationals,Colorado Rockies,1,3,Nationals Park,Partly Cloudy,71,Final
2024-08-21,08:05,New York Yankees,Cleveland Guardians,5,9,Yankee Stadium,Partly Cloudy,69,Final
2024-08-21,08:07,Toronto Blue Jays,Cincinnati Reds,10,3,Rogers Centre,Roof Closed,68,Final
2024-08-21,08:10,New York Mets,Baltimore Orioles,5,9,Citi Field,Clear,70,Final
2024-08-21,08:20,Atlanta Braves,Philadelphia Phillies,3,1,Truist Park,Clear,81,Final
2024-08-21,08:45,St. Louis Cardinals,Milwaukee Brewers,2,3,Busch Stadium,Partly Cloudy,76,Final
2024-08-21,09:05,Chicago Cubs,Detroit Tigers,3,1,Wrigley Field,Clear,66,Final
2024-08-21,09:05,Texas Rangers,Pittsburgh Pirates,0,4,Globe Life Field,Roof Closed,74,Final
2024-08-21,09:10,Houston Astros,Boston Red Sox,5,6,Minute Maid Park,Roof Closed,73,Final
2024-08-21,09:10,Kansas City Royals,Los Angeles Angels,5,9,Kauffman Stadium,Clear,74,Final
2024-08-21,10:40,Oakland Athletics,Tampa Bay Rays,0,1,Oakland Coliseum,Clear,75,Final
2024-08-21,10:40,San Diego Padres,Minnesota Twins,7,5,Petco Park,Clear,81,Final
2024-08-21,10:45,San Francisco Giants,Chicago White Sox,4,1,Oracle Park,Clear,69,Final
2024-08-21,11:10,Los Angeles Dodgers,Seattle Mariners,6,3,Dodger Stadium,Clear,82,Final
2024-08-22,02:10,New York Mets,Baltimore Orioles,4,3,Citi Field,Sunny,71,Final
2024-08-22,03:10,Houston Astros,Boston Red Sox,1,4,Minute Maid Park,Roof Closed,73,Final
2024-08-22,03:35,Texas Rangers,Pittsburgh Pirates,1,0,Globe Life Field,Roof Closed,74,Final
2024-08-22,04:45,San Francisco Giants,Chicago White Sox,2,6,Oracle Park,Sunny,66,Final
2024-08-22,07:40,San Diego Padres,Minnesota Twins,4,11,Petco Park,Partly Cloudy,78,Final
2024-08-22,07:40,Miami Marlins,Arizona Diamondbacks,8,10,loanDepot park,Roof Closed,72,Final
2024-08-22,07:45,Washington Nationals,Colorado Rockies,6,1,Nationals Park,Clear,73,Final
2024-08-22,08:05,New York Yankees,Cleveland Guardians,8,1,Yankee Stadium,Clear,70,Final
2024-08-22,08:07,Toronto Blue Jays,Cincinnati Reds,7,11,Rogers Centre,Partly Cloudy,70,Final
2024-08-22,08:20,Atlanta Braves,Philadelphia Phillies,2,3,Truist Park,Partly Cloudy,80,Final
2024-08-22,08:45,St. Louis Cardinals,Milwaukee Brewers,10,6,Busch Stadium,Clear,73,Final
2024-08-22,09:05,Chicago Cubs,Detroit Tigers,2,8,Wrigley Field,Clear,69,Final
2024-08-22,09:10,Kansas City Royals,Los Angeles Angels,3,0,Kauffman Stadium,Clear,76,Final
2024-08-22,10:40,Oakland Athletics,Tampa Bay Rays,2,4,Oakland Coliseum,Clear,68,Final
2024-08-22,11:10,Los Angeles Dodgers,Seattle Mariners,8,4,Dodger Stadium,Clear,79,Final
2024-08-23,02:05,Washington Nationals,Colorado Rockies,8,3,Nationals Park,Partly Cloudy,77,Final
2024-08-23,02:05,New York Yankees,Cleveland Guardians,6,0,Yankee Stadium,Partly Cloudy,74,Final
2024-08-23,03:15,St. Louis Cardinals,Milwaukee Brewers,3,0,Busch Stadium,Sunny,77,Final
2024-08-23,03:20,Chicago Cubs,Detroit Tigers,10,2,Wrigley Field,Partly Cloudy,75,Final
2024-08-23,04:37,Oakland Athletics,Tampa Bay Rays,3,1,Oakland Coliseum,Partly Cloudy,68,Final
2024-08-23,07:40,Pittsburgh Pirates,Cincinnati Reds,7,0,PNC Park,Clear,76,Final
2024-08-23,08:07,Toronto Blue Jays,Los Angeles Angels,5,3,Rogers Centre,Partly Cloudy,75,Final
2024-08-23,08:08,Baltimore Orioles,Houston Astros,0,6,Oriole Park at Camden Yards,Clear,75,Final
2024-08-23,08:08,Atlanta Braves,Philadelphia Phillies,3,2,Truist Park,Partly Cloudy,79,Final
2024-08-23,10:40,San Diego Padres,New York Mets,3,8,Petco Park,Clear,74,Final
2024-08-24,07:40,Pittsburgh Pirates,Cincinnati Reds,6,5,PNC Park,Clear,82,Final
2024-08-24,08:05,Baltimore Orioles,Houston Astros,7,5,Oriole Park at Camden Yards,Clear,77,Final
2024-08-24,08:05,New York Yankees,Colorado Rockies,3,0,Yankee Stadium,Clear,78,Final
2024-08-24,08:07,Toronto Blue Jays,Los Angeles Angels,5,4,Rogers Centre,Clear,76,Final
2024-08-24,08:10,Boston Red Sox,Arizona Diamondbacks,2,12,Fenway Park,Partly Cloudy,78,Final
2024-08-24,08:10,Cleveland Guardians,Texas Rangers,3,5,Progressive Field,Partly Cloudy,76,Final
2024-08-24,08:10,Miami Marlins,Chicago Cubs,3,6,loanDepot park,Roof Closed,72,Final
2024-08-24,08:20,Atlanta Braves,Washington Nationals,3,2,Truist Park,Clear,82,Final
2024-08-24,09:10,Minnesota Twins,St. Louis Cardinals,1,6,Target Field,Partly Cloudy,79,Final
2024-08-24,09:10,Kansas City Royals,Philadelphia Phillies,7,4,Kauffman Stadium,Cloudy,80,Final
2024-08-24,09:10,Chicago White Sox,Detroit Tigers,2,5,Guaranteed Rate Field,Clear,80,Final
2024-08-24,10:40,San Diego Padres,New York Mets,7,0,Petco Park,Clear,72,Final
2024-08-24,10:40,Oakland Athletics,Milwaukee Brewers,3,11,Oakland Coliseum,Partly Cloudy,69,Final
2024-08-24,11:10,Seattle Mariners,San Francisco Giants,6,5,T-Mobile Park,Roof Closed,57,Final
2024-08-24,11:10,Los Angeles Dodgers,Tampa Bay Rays,7,3,Dodger Stadium,Clear,73,Final
2024-08-25,03:05,New York Yankees,Colorado Rockies,2,9,Yankee Stadium,Partly Cloudy,82,Final
2024-08-25,04:07,Toronto Blue Jays,Los Angeles Angels,3,1,Rogers Centre,Sunny,76,Final
2024-08-25,05:05,Baltimore Orioles,Houston Astros,3,2,Oriole Park at Camden Yards,Partly Cloudy,84,Final
2024-08-25,05:07,Oakland Athletics,Milwaukee Brewers,5,9,Oakland Coliseum,Partly Cloudy,73,Final
2024-08-25,05:10,Boston Red Sox,Arizona Diamondbacks,1,4,Fenway Park,Partly Cloudy,83,Final
2024-08-25,05:10,Seattle Mariners,San Francisco Giants,3,4,T-Mobile Park,Roof Closed,59,Final
2024-08-25,05:10,Miami Marlins,Chicago Cubs,2,14,loanDepot park,Roof Closed,72,Final
2024-08-25,07:40,Pittsburgh Pirates,Cincinnati Reds,2,10,PNC Park,Clear,87,Final
2024-08-25,08:10,Cleveland Guardians,Texas Rangers,13,5,Progressive Field,Partly Cloudy,77,Final
2024-08-25,08:10,Minnesota Twins,St. Louis Cardinals,6,0,Target Field,Partly Cloudy,84,Final
2024-08-25,08:10,Kansas City Royals,Philadelphia Phillies,2,11,Kauffman Stadium,Partly Cloudy,91,Final
2024-08-25,08:10,Chicago White Sox,Detroit Tigers,4,13,Guaranteed Rate Field,Cloudy,86,Final
2024-08-25,08:20,Atlanta Braves,Washington Nationals,4,2,Truist Park,Clear,84,Final
2024-08-25,09:40,San Diego Padres,New York Mets,1,7,Petco Park,Clear,71,Final
2024-08-25,10:10,Los Angeles Dodgers,Tampa Bay Rays,8,9,Dodger Stadium,Clear,76,Final
2024-08-26,01:05,Atlanta Braves,Washington Nationals,1,5,Truist Park,Sunny,82,Final
2024-08-26,02:35,Boston Red Sox,Arizona Diamondbacks,5,7,Fenway Park,Cloudy,84,Final
2024-08-26,02:35,Pittsburgh Pirates,Cincinnati Reds,4,3,PNC Park,Partly Cloudy,87,Final
2024-08-26,02:35,New York Yankees,Colorado Rockies,10,3,Yankee Stadium,Partly Cloudy,83,Final
2024-08-26,02:37,Toronto Blue Jays,Los Angeles Angels,8,2,Rogers Centre,Partly Cloudy,73,Final
2024-08-26,02:40,Cleveland Guardians,Texas Rangers,4,2,Progressive Field,Cloudy,80,Final
2024-08-26,02:40,Miami Marlins,Chicago Cubs,7,2,loanDepot park,Roof Closed,72,Final
2024-08-26,03:10,Minnesota Twins,St. Louis Cardinals,2,3,Target Field,Partly Cloudy,82,Final
2024-08-26,03:10,Kansas City Royals,Philadelphia Phillies,3,11,Kauffman Stadium,Sunny,93,Final
2024-08-26,03:10,Chicago White Sox,Detroit Tigers,4,9,Guaranteed Rate Field,Sunny,90,Final
2024-08-26,05:07,Oakland Athletics,Milwaukee Brewers,4,3,Oakland Coliseum,Sunny,76,Final
2024-08-26,05:10,San Diego Padres,New York Mets,3,2,Petco Park,Sunny,79,Final
2024-08-26,05:10,Seattle Mariners,San Francisco Giants,4,3,T-Mobile Park,Partly Cloudy,63,Final
2024-08-26,05:10,Los Angeles Dodgers,Tampa Bay Rays,3,1,Dodger Stadium,Sunny,83,Final
2024-08-26,08:10,Baltimore Orioles,Houston Astros,3,6,Oriole Park at Camden Yards,Partly Cloudy,86,Final
2024-08-27,02:10,Cleveland Guardians,Kansas City Royals,3,4,Progressive Field,Sunny,84,Final
2024-08-27,07:40,Cleveland Guardians,Kansas City Royals,4,9,Progressive Field,Clear,85,Final
2024-08-27,03:05,Boston Red Sox,Toronto Blue Jays,1,4,Fenway Park,Cloudy,81,Final
2024-08-27,07:40,Pittsburgh Pirates,Chicago Cubs,8,18,PNC Park,Partly Cloudy,89,Final
2024-08-27,07:40,Philadelphia Phillies,Houston Astros,3,2,Citizens Bank Park,Partly Cloudy,84,Final
2024-08-27,07:45,Washington Nationals,New York Yankees,2,5,Nationals Park,Partly Cloudy,82,Final
2024-08-27,08:10,Boston Red Sox,Toronto Blue Jays,3,7,Fenway Park,Cloudy,75,Final
2024-08-27,08:40,Minnesota Twins,Atlanta Braves,6,10,Target Field,Partly Cloudy,91,Final
2024-08-27,08:45,St. Louis Cardinals,San Diego Padres,4,7,Busch Stadium,Clear,92,Final
2024-08-27,09:10,Chicago White Sox,Detroit Tigers,3,6,Guaranteed Rate Field,Clear,91,Final
2024-08-27,09:40,Colorado Rockies,Miami Marlins,3,2,Coors Field,Partly Cloudy,82,Final
2024-08-27,10:40,Seattle Mariners,Tampa Bay Rays,5,1,T-Mobile Park,Partly Cloudy,71,Final
2024-08-28,07:40,Detroit Tigers,Los Angeles Angels,6,2,Comerica Park,Clear,75,Final
2024-08-28,07:40,Cleveland Guardians,Kansas City Royals,1,6,Progressive Field,Clear,89,Final
2024-08-28,07:40,Cincinnati Reds,Oakland Athletics,4,5,Great American Ball Park,Clear,93,Final
2024-08-28,07:40,Pittsburgh Pirates,Chicago Cubs,5,9,PNC Park,Partly Cloudy,92,Final
2024-08-28,07:40,Philadelphia Phillies,Houston Astros,5,0,Citizens Bank Park,Partly Cloudy,86,Final
2024-08-28,07:45,Washington Nationals,New York Yankees,4,2,Nationals Park,Clear,88,Final
2024-08-28,08:10,Boston Red Sox,Toronto Blue Jays,6,3,Fenway Park,Clear,79,Final
2024-08-28,08:40,Minnesota Twins,Atlanta Braves,6,8,Target Field,Partly Cloudy,75,Final
2024-08-28,08:45,St. Louis Cardinals,San Diego Padres,5,7,Busch Stadium,Clear,98,Final
2024-08-28,09:10,Chicago White Sox,Texas Rangers,1,3,Guaranteed Rate Field,Cloudy,77,Final
2024-08-28,09:10,Milwaukee Brewers,San Francisco Giants,4,5,American Family Field,Partly Cloudy,85,Final
2024-08-28,09:40,Colorado Rockies,Miami Marlins,8,9,Coors Field,Clear,84,Final
2024-08-28,10:40,Arizona Diamondbacks,New York Mets,3,8,Chase Field,Roof Closed,78,Final
2024-08-28,10:40,Seattle Mariners,Tampa Bay Rays,2,3,T-Mobile Park,Partly Cloudy,65,Final
2024-08-28,11:10,Los Angeles Dodgers,Baltimore Orioles,2,3,Dodger Stadium,Clear,75,Final
2024-08-29,01:35,Pittsburgh Pirates,Chicago Cubs,10,14,PNC Park,Sunny,90,Final
2024-08-29,02:10,Cleveland Guardians,Kansas City Royals,7,5,Progressive Field,Cloudy,83,Final
2024-08-29,05:05,Philadelphia Phillies,Houston Astros,0,10,Citizens Bank Park,Sunny,96,Final
2024-08-29,05:10,Seattle Mariners,Tampa Bay Rays,6,2,T-Mobile Park,Sunny,61,Final
2024-08-29,06:10,Chicago White Sox,Texas Rangers,1,3,Guaranteed Rate Field,Cloudy,77,Final
2024-08-29,07:40,Detroit Tigers,Los Angeles Angels,3,2,Comerica Park,Cloudy,79,Final
2024-08-29,07:40,Cincinnati Reds,Oakland Athletics,6,9,Great American Ball Park,Partly Cloudy,88,Final
2024-08-29,07:45,Washington Nationals,New York Yankees,5,2,Nationals Park,Partly Cloudy,98,Final
2024-08-29,08:10,Boston Red Sox,Toronto Blue Jays,3,0,Fenway Park,Clear,87,Final
2024-08-29,08:40,Minnesota Twins,Atlanta Braves,1,5,Target Field,Partly Cloudy,75,Final
2024-08-29,08:45,St. Louis Cardinals,San Diego Padres,4,3,Busch Stadium,Cloudy,87,Final
2024-08-29,09:10,Chicago White Sox,Texas Rangers,3,4,Guaranteed Rate Field,Partly Cloudy,78,Final
2024-08-29,09:10,Milwaukee Brewers,San Francisco Giants,5,3,American Family Field,Roof Closed,78,Final
2024-08-29,09:40,Colorado Rockies,Miami Marlins,8,2,Coors Field,Partly Cloudy,92,Final
2024-08-29,10:40,Arizona Diamondbacks,New York Mets,8,5,Chase Field,Roof Closed,74,Final
2024-08-29,11:10,Los Angeles Dodgers,Baltimore Orioles,6,4,Dodger Stadium,Clear,70,Final
2024-08-30,02:10,Detroit Tigers,Los Angeles Angels,0,3,Comerica Park,Overcast,72,Final
2024-08-30,03:10,Chicago White Sox,Texas Rangers,1,2,Guaranteed Rate Field,Sunny,81,Final
2024-08-30,03:10,Milwaukee Brewers,San Francisco Giants,6,0,American Family Field,Overcast,74,Final
2024-08-30,03:15,St. Louis Cardinals,San Diego Padres,4,1,Busch Stadium,Sunny,92,Final
2024-08-30,04:10,Colorado Rockies,Miami Marlins,8,12,Coors Field,Sunny,82,Final
2024-08-30,04:40,Arizona Diamondbacks,New York Mets,2,3,Chase Field,Roof Closed,78,Final
2024-08-30,06:10,Cincinnati Reds,Oakland Athletics,10,9,Great American Ball Park,Partly Cloudy,92,Final
2024-08-30,07:40,Philadelphia Phillies,Atlanta Braves,5,4,Citizens Bank Park,Cloudy,81,Final
2024-08-30,08:10,Boston Red Sox,Toronto Blue Jays,0,2,Fenway Park,Clear,66,Final
2024-08-30,09:10,Houston Astros,Kansas City Royals,6,3,Minute Maid Park,Roof Closed,73,Final
2024-08-30,11:10,Los Angeles Dodgers,Baltimore Orioles,6,3,Dodger Stadium,Clear,71,Final
2024-08-31,01:40,Cincinnati Reds,Milwaukee Brewers,4,5,Great American Ball Park,Sunny,92,Final
2024-08-31,07:40,Cincinnati Reds,Milwaukee Brewers,0,14,Great American Ball Park,Partly Cloudy,90,Final
2024-08-31,07:40,Detroit Tigers,Boston Red Sox,5,7,Comerica Park,Clear,91,Final
2024-08-31,07:40,Philadelphia Phillies,Atlanta Braves,2,7,Citizens Bank Park,Overcast,74,Final
2024-08-31,07:45,Washington Nationals,Chicago Cubs,6,7,Nationals Park,Overcast,73,Final
2024-08-31,07:50,Tampa Bay Rays,San Diego Padres,5,13,Tropicana Field,Dome,72,Final
2024-08-31,08:05,New York Yankees,St. Louis Cardinals,6,3,Yankee Stadium,Cloudy,71,Final
2024-08-31,08:10,Cleveland Guardians,Pittsburgh Pirates,10,8,Progressive Field,Partly Cloudy,84,Final
2024-08-31,09:05,Texas Rangers,Oakland Athletics,2,9,Globe Life Field,Roof Closed,74,Final
2024-08-31,09:10,Houston Astros,Kansas City Royals,3,2,Minute Maid Park,Roof Closed,73,Final
2024-08-31,09:10,Minnesota Twins,Toronto Blue Jays,2,0,Target Field,Clear,75,Final
2024-08-31,09:10,Chicago White Sox,New York Mets,1,5,Guaranteed Rate Field,Partly Cloudy,80,Final
2024-08-31,09:40,Colorado Rockies,Baltimore Orioles,3,5,Coors Field,Clear,85,Final
2024-08-31,10:38,Los Angeles Angels,Seattle Mariners,5,9,Angel Stadium,Clear,73,Final
2024-08-31,10:40,Arizona Diamondbacks,Los Angeles Dodgers,9,10,Chase Field,Roof Closed,78,Final
2024-08-31,11:15,San Francisco Giants,Miami Marlins,3,1,Oracle Park,Clear,63,Final
2024-09-01,02:05,New York Yankees,St. Louis Cardinals,5,6,Yankee Stadium,Cloudy,74,Final
2024-09-01,05:05,Washington Nationals,Chicago Cubs,3,5,Nationals Park,Cloudy,83,Final
2024-09-01,05:10,Tampa Bay Rays,San Diego Padres,11,4,Tropicana Field,Dome,72,Final
2024-09-01,07:10,Detroit Tigers,Boston Red Sox,2,1,Comerica Park,Partly Cloudy,85,Final
2024-09-01,07:10,Cleveland Guardians,Pittsburgh Pirates,0,3,Progressive Field,Cloudy,76,Final
2024-09-01,08:05,Texas Rangers,Oakland Athletics,3,2,Globe Life Field,Roof Closed,74,Final
2024-09-01,08:10,Houston Astros,Kansas City Royals,5,2,Minute Maid Park,Roof Closed,73,Final
2024-09-01,08:10,Minnesota Twins,Toronto Blue Jays,0,15,Target Field,Clear,82,Final
2024-09-01,08:10,Chicago White Sox,New York Mets,3,5,Guaranteed Rate Field,Clear,82,Final
2024-09-01,08:15,Philadelphia Phillies,Atlanta Braves,3,0,Citizens Bank Park,Cloudy,80,Final
2024-09-01,08:15,Cincinnati Reds,Milwaukee Brewers,4,5,Great American Ball Park,Cloudy,79,Final
2024-09-01,09:10,Colorado Rockies,Baltimore Orioles,7,5,Coors Field,Clear,89,Final
2024-09-01,09:10,Arizona Diamondbacks,Los Angeles Dodgers,6,8,Chase Field,Roof Closed,78,Final
2024-09-01,10:05,San Francisco Giants,Miami Marlins,3,4,Oracle Park,Clear,66,Final
2024-09-01,10:38,Los Angeles Angels,Seattle Mariners,5,4,Angel Stadium,Clear,77,Final
2024-09-02,01:10,Cincinnati Reds,Milwaukee Brewers,4,3,Great American Ball Park,Partly Cloudy,81,Final
2024-09-02,02:35,Washington Nationals,Chicago Cubs,1,14,Nationals Park,Cloudy,81,Final
2024-09-02,02:35,New York Yankees,St. Louis Cardinals,7,14,Yankee Stadium,Cloudy,78,Final
2024-09-02,02:40,Detroit Tigers,Boston Red Sox,4,1,Comerica Park,Partly Cloudy,80,Final
2024-09-02,02:40,Cleveland Guardians,Pittsburgh Pirates,6,1,Progressive Field,Sunny,78,Final
2024-09-02,02:40,Tampa Bay Rays,San Diego Padres,3,4,Tropicana Field,Dome,72,Final
2024-09-02,03:10,Houston Astros,Kansas City Royals,7,2,Minute Maid Park,Roof Closed,73,Final
2024-09-02,03:10,Minnesota Twins,Toronto Blue Jays,4,3,Target Field,Sunny,69,Final
2024-09-02,03:10,Chicago White Sox,New York Mets,0,2,Guaranteed Rate Field,Sunny,73,Final
2024-09-02,03:35,Texas Rangers,Oakland Athletics,6,4,Globe Life Field,Roof Closed,74,Final
2024-09-02,04:10,Colorado Rockies,Baltimore Orioles,1,6,Coors Field,Sunny,82,Final
2024-09-02,05:05,San Francisco Giants,Miami Marlins,5,7,Oracle Park,Sunny,69,Final
2024-09-02,05:07,Los Angeles Angels,Seattle Mariners,3,2,Angel Stadium,Sunny,83,Final
2024-09-02,05:10,Arizona Diamondbacks,Los Angeles Dodgers,14,3,Chase Field,Roof Closed,78,Final
2024-09-02,08:10,Philadelphia Phillies,Atlanta Braves,3,2,Citizens Bank Park,Partly Cloudy,83,Final
2024-09-03,03:10,Milwaukee Brewers,St. Louis Cardinals,9,3,American Family Field,Partly Cloudy,72,Final
2024-09-03,04:05,Baltimore Orioles,Chicago White Sox,13,3,Oriole Park at Camden Yards,Sunny,81,Final
2024-09-03,05:10,Cincinnati Reds,Houston Astros,5,3,Great American Ball Park,Sunny,79,Final
2024-09-03,05:10,Kansas City Royals,Cleveland Guardians,2,4,Kauffman Stadium,Sunny,78,Final
2024-09-03,05:10,Arizona Diamondbacks,Los Angeles Dodgers,6,11,Chase Field,Roof Closed,76,Final
2024-09-03,07:40,San Diego Padres,Detroit Tigers,3,0,Petco Park,Sunny,77,Final
2024-09-03,07:50,Tampa Bay Rays,Minnesota Twins,4,5,Tropicana Field,Dome,72,Final
2024-09-03,08:07,Oakland Athletics,Seattle Mariners,5,4,Oakland Coliseum,Sunny,73,Final
2024-09-03,08:10,New York Mets,Boston Red Sox,4,1,Citi Field,Clear,75,Final
2024-09-03,08:40,Chicago Cubs,Pittsburgh Pirates,3,5,Wrigley Field,Clear,70,Final
2024-09-03,09:05,Texas Rangers,New York Yankees,4,8,Globe Life Field,Roof Closed,74,Final
2024-09-04,07:35,Baltimore Orioles,Chicago White Sox,9,0,Oriole Park at Camden Yards,Clear,73,Final
2024-09-04,07:40,Miami Marlins,Washington Nationals,2,6,loanDepot park,Roof Closed,72,Final
2024-09-04,07:50,Tampa Bay Rays,Minnesota Twins,2,1,Tropicana Field,Dome,72,Final
2024-09-04,08:07,Toronto Blue Jays,Philadelphia Phillies,9,10,Rogers Centre,Clear,69,Final
2024-09-04,08:10,New York Mets,Boston Red Sox,7,2,Citi Field,Clear,71,Final
2024-09-04,08:20,Atlanta Braves,Colorado Rockies,3,0,Truist Park,Clear,82,Final
2024-09-04,08:40,Kansas City Royals,Cleveland Guardians,1,7,Kauffman Stadium,Clear,79,Final
2024-09-04,08:40,Chicago Cubs,Pittsburgh Pirates,0,5,Wrigley Field,Clear,72,Final
2024-09-04,08:40,Milwaukee Brewers,St. Louis Cardinals,4,7,American Family Field,Clear,73,Final
2024-09-04,09:05,Texas Rangers,New York Yankees,7,4,Globe Life Field,Roof Closed,74,Final
2024-09-04,10:38,Los Angeles Angels,Los Angeles Dodgers,2,6,Angel Stadium,Clear,82,Final
2024-09-04,10:40,Oakland Athletics,Seattle Mariners,3,2,Oakland Coliseum,Clear,80,Final
2024-09-04,10:45,San Francisco Giants,Arizona Diamondbacks,7,8,Oracle Park,Clear,74,Final
2024-09-05,04:07,Toronto Blue Jays,Philadelphia Phillies,2,4,Rogers Centre,Sunny,74,Final
2024-09-05,07:35,Baltimore Orioles,Chicago White Sox,1,8,Oriole Park at Camden Yards,Partly Cloudy,77,Final
2024-09-05,07:40,Cincinnati Reds,Houston Astros,12,5,Great American Ball Park,Partly Cloudy,84,Final
2024-09-05,07:40,Miami Marlins,Washington Nationals,4,3,loanDepot park,Roof Closed,72,Final
2024-09-05,07:50,Tampa Bay Rays,Minnesota Twins,9,4,Tropicana Field,Dome,72,Final
2024-09-05,08:10,New York Mets,Boston Red Sox,8,3,Citi Field,Clear,72,Final
2024-09-05,08:20,Atlanta Braves,Colorado Rockies,5,2,Truist Park,Partly Cloudy,80,Final
2024-09-05,08:40,Kansas City Royals,Cleveland Guardians,4,1,Kauffman Stadium,Clear,82,Final
2024-09-05,08:40,Chicago Cubs,Pittsburgh Pirates,12,0,Wrigley Field,Clear,73,Final
2024-09-05,08:40,Milwaukee Brewers,St. Louis Cardinals,2,3,American Family Field,Clear,76,Final
2024-09-05,09:05,Texas Rangers,New York Yankees,10,6,Globe Life Field,Roof Closed,74,Final
2024-09-05,10:38,Los Angeles Angels,Los Angeles Dodgers,10,1,Angel Stadium,Clear,93,Final
2024-09-05,10:40,San Diego Padres,Detroit Tigers,6,5,Petco Park,Clear,80,Final
2024-09-05,10:40,Oakland Athletics,Seattle Mariners,3,16,Oakland Coliseum,Clear,72,Final
2024-09-05,10:45,San Francisco Giants,Arizona Diamondbacks,4,6,Oracle Park,Partly Cloudy,71,Final
2024-09-06,02:10,Cincinnati Reds,Houston Astros,1,0,Great American Ball Park,Sunny,85,Final
2024-09-06,02:10,Tampa Bay Rays,Minnesota Twins,3,4,Tropicana Field,Dome,72,Final
2024-09-06,04:37,Oakland Athletics,Seattle Mariners,4,6,Oakland Coliseum,Sunny,76,Final
2024-09-06,04:45,San Francisco Giants,Arizona Diamondbacks,3,2,Oracle Park,Sunny,70,Final
2024-09-06,07:40,Pittsburgh Pirates,Washington Nationals,9,4,PNC Park,Clear,81,Final
2024-09-06,07:40,Miami Marlins,Philadelphia Phillies,2,5,loanDepot park,Roof Closed,72,Final
2024-09-06,08:20,Atlanta Braves,Colorado Rockies,1,3,Truist Park,Partly Cloudy,81,Final
2024-09-06,09:05,Texas Rangers,Los Angeles Angels,3,1,Globe Life Field,Roof Closed,74,Final
2024-09-06,09:40,San Diego Padres,Detroit Tigers,3,4,Petco Park,Clear,85,Final
2024-09-07,03:20,Chicago Cubs,New York Yankees,0,3,Wrigley Field,Partly Cloudy,68,Final
2024-09-07,07:10,Milwaukee Brewers,Colorado Rockies,2,3,American Family Field,Roof Closed,72,Final
2024-09-07,08:05,Baltimore Orioles,Tampa Bay Rays,2,0,Oriole Park at Camden Yards,Partly Cloudy,76,Final
2024-09-07,08:10,New York Mets,Cincinnati Reds,6,4,Citi Field,Clear,74,Final
2024-09-07,08:10,Boston Red Sox,Chicago White Sox,3,1,Fenway Park,Partly Cloudy,71,Final
2024-09-07,08:10,Miami Marlins,Philadelphia Phillies,2,16,loanDepot park,Roof Closed,72,Final
2024-09-07,08:20,Atlanta Braves,Toronto Blue Jays,3,1,Truist Park,Overcast,72,Final
2024-09-07,09:05,Texas Rangers,Los Angeles Angels,1,5,Globe Life Field,Roof Closed,74,Final
2024-09-07,09:10,Houston Astros,Arizona Diamondbacks,8,0,Minute Maid Park,Roof Closed,73,Final
2024-09-07,09:10,Kansas City Royals,Minnesota Twins,5,0,Kauffman Stadium,Clear,76,Final
2024-09-07,09:15,St. Louis Cardinals,Seattle Mariners,1,6,Busch Stadium,Partly Cloudy,76,Final
2024-09-07,10:40,Oakland Athletics,Detroit Tigers,7,6,Oakland Coliseum,Clear,73,Final
2024-09-07,10:40,San Diego Padres,San Francisco Giants,5,1,Petco Park,Partly Cloudy,79,Final
2024-09-07,11:10,Los Angeles Dodgers,Cleveland Guardians,1,3,Dodger Stadium,Clear,87,Final
2024-09-07,07:40,Pittsburgh Pirates,Washington Nationals,0,0,PNC Park,Partly Cloudy,66,Final
2024-09-08,02:35,Pittsburgh Pirates,Washington Nationals,3,5,PNC Park,Partly Cloudy,66,Final
2024-09-08,07:40,Pittsburgh Pirates,Washington Nationals,6,8,PNC Park,Partly Cloudy,65,Final
2024-09-08,03:20,Chicago Cubs,New York Yankees,0,2,Wrigley Field,Partly Cloudy,63,Final
2024-09-08,05:05,Baltimore Orioles,Tampa Bay Rays,1,7,Oriole Park at Camden Yards,Overcast,68,Final
2024-09-08,05:07,Oakland Athletics,Detroit Tigers,1,2,Oakland Coliseum,Sunny,74,Final
2024-09-08,05:10,Houston Astros,Arizona Diamondbacks,11,5,Minute Maid Park,Roof Closed,73,Final
2024-09-08,05:10,New York Mets,Cincinnati Reds,4,0,Citi Field,Cloudy,65,Final
2024-09-08,05:10,Miami Marlins,Philadelphia Phillies,9,5,loanDepot park,Roof Closed,72,Final
2024-09-08,08:05,Texas Rangers,Los Angeles Angels,6,4,Globe Life Field,Clear,85,Final
2024-09-08,08:10,Milwaukee Brewers,Colorado Rockies,5,2,American Family Field,Roof Closed,64,Final
2024-09-08,08:15,St. Louis Cardinals,Seattle Mariners,2,0,Busch Stadium,Clear,73,Final
2024-09-08,08:15,Kansas City Royals,Minnesota Twins,4,2,Kauffman Stadium,Clear,75,Final
2024-09-08,08:15,Boston Red Sox,Chicago White Sox,7,5,Fenway Park,Cloudy,71,Final
2024-09-08,08:20,Atlanta Braves,Toronto Blue Jays,5,9,Truist Park,Partly Cloudy,78,Final
2024-09-08,09:40,San Diego Padres,San Francisco Giants,3,6,Petco Park,Clear,88,Final
2024-09-08,10:10,Los Angeles Dodgers,Cleveland Guardians,7,2,Dodger Stadium,Partly Cloudy,92,Final
2024-09-09,01:05,Baltimore Orioles,Tampa Bay Rays,0,2,Oriole Park at Camden Yards,Sunny,66,Final
2024-09-09,02:35,Pittsburgh Pirates,Washington Nationals,7,3,PNC Park,Sunny,66,Final
2024-09-09,02:35,Atlanta Braves,Toronto Blue Jays,4,3,Truist Park,Partly Cloudy,76,Final
2024-09-09,02:35,Boston Red Sox,Chicago White Sox,2,7,Fenway Park,Sunny,69,Final
2024-09-09,02:40,New York Mets,Cincinnati Reds,1,3,Citi Field,Sunny,68,Final
2024-09-09,02:40,Miami Marlins,Philadelphia Phillies,10,1,loanDepot park,Roof Closed,72,Final
2024-09-09,03:10,Kansas City Royals,Minnesota Twins,2,0,Kauffman Stadium,Sunny,73,Final
2024-09-09,03:10,Milwaukee Brewers,Colorado Rockies,1,4,American Family Field,Partly Cloudy,70,Final
2024-09-09,03:15,St. Louis Cardinals,Seattle Mariners,4,10,Busch Stadium,Sunny,72,Final
2024-09-09,03:20,Chicago Cubs,New York Yankees,2,1,Wrigley Field,Sunny,70,Final
2024-09-09,03:35,Texas Rangers,Los Angeles Angels,7,4,Globe Life Field,Sunny,81,Final
2024-09-09,05:07,Oakland Athletics,Detroit Tigers,1,9,Oakland Coliseum,Sunny,76,Final
2024-09-09,05:10,Los Angeles Dodgers,Cleveland Guardians,4,0,Dodger Stadium,Sunny,103,Final
2024-09-09,05:10,San Diego Padres,San Francisco Giants,6,7,Petco Park,Sunny,91,Final
2024-09-09,08:10,Houston Astros,Arizona Diamondbacks,6,12,Minute Maid Park,Roof Closed,0,Final
2024-09-10,07:40,Philadelphia Phillies,Tampa Bay Rays,2,1,Citizens Bank Park,Partly Cloudy,76,Final
2024-09-10,07:40,Atlanta Braves,Cincinnati Reds,0,1,Truist Park,Clear,83,Final
2024-09-10,07:40,Pittsburgh Pirates,Miami Marlins,3,2,PNC Park,Clear,75,Final
2024-09-10,08:05,New York Yankees,Kansas City Royals,10,4,Yankee Stadium,Clear,74,Final
2024-09-10,08:07,Toronto Blue Jays,New York Mets,2,3,Rogers Centre,Roof Closed,68,Final
2024-09-10,08:10,Boston Red Sox,Baltimore Orioles,12,3,Fenway Park,Partly Cloudy,71,Final
2024-09-10,08:40,Minnesota Twins,Los Angeles Angels,2,6,Target Field,Clear,80,Final
2024-09-10,08:40,Chicago White Sox,Cleveland Guardians,3,5,Guaranteed Rate Field,Clear,79,Final
2024-09-10,11:10,Los Angeles Dodgers,Chicago Cubs,4,10,Dodger Stadium,Clear,94,Final
2024-09-11,07:40,Detroit Tigers,Colorado Rockies,11,0,Comerica Park,Clear,77,Final
2024-09-11,07:40,Philadelphia Phillies,Tampa Bay Rays,9,4,Citizens Bank Park,Clear,80,Final
2024-09-11,07:40,Pittsburgh Pirates,Miami Marlins,6,4,PNC Park,Clear,79,Final
2024-09-11,07:45,Washington Nationals,Atlanta Braves,0,12,Nationals Park,Clear,82,Final
2024-09-11,08:05,New York Yankees,Kansas City Royals,0,5,Yankee Stadium,Clear,76,Final
2024-09-11,08:07,Toronto Blue Jays,New York Mets,6,2,Rogers Centre,Partly Cloudy,71,Final
2024-09-11,08:10,Boston Red Sox,Baltimore Orioles,3,5,Fenway Park,Clear,74,Final
2024-09-11,08:40,Minnesota Twins,Los Angeles Angels,10,5,Target Field,Partly Cloudy,78,Final
2024-09-11,08:40,Chicago White Sox,Cleveland Guardians,0,5,Guaranteed Rate Field,Clear,80,Final
2024-09-11,08:45,St. Louis Cardinals,Cincinnati Reds,0,3,Busch Stadium,Clear,82,Final
2024-09-11,09:10,Houston Astros,Oakland Athletics,3,4,Minute Maid Park,Roof Closed,73,Final
2024-09-11,10:40,Seattle Mariners,San Diego Padres,3,7,T-Mobile Park,Cloudy,67,Final
2024-09-11,10:40,Arizona Diamondbacks,Texas Rangers,6,0,Chase Field,Roof Closed,78,Final
2024-09-11,10:45,San Francisco Giants,Milwaukee Brewers,2,3,Oracle Park,Cloudy,60,Final
2024-09-11,11:10,Los Angeles Dodgers,Chicago Cubs,3,6,Dodger Stadium,Clear,75,Final
2024-09-12,01:35,Pittsburgh Pirates,Miami Marlins,3,1,PNC Park,Sunny,80,Final
2024-09-12,03:10,Chicago White Sox,Cleveland Guardians,4,6,Guaranteed Rate Field,Partly Cloudy,81,Final
2024-09-12,04:07,Toronto Blue Jays,New York Mets,2,6,Rogers Centre,Sunny,68,Final
2024-09-12,04:40,Arizona Diamondbacks,Texas Rangers,14,4,Chase Field,Roof Closed,78,Final
2024-09-12,07:40,Detroit Tigers,Colorado Rockies,7,4,Comerica Park,Clear,82,Final
2024-09-12,07:40,Philadelphia Phillies,Tampa Bay Rays,3,2,Citizens Bank Park,Clear,79,Final
2024-09-12,07:45,Washington Nationals,Atlanta Braves,5,1,Nationals Park,Clear,79,Final
2024-09-12,08:05,New York Yankees,Kansas City Royals,4,3,Yankee Stadium,Clear,73,Final
2024-09-12,08:10,Boston Red Sox,Baltimore Orioles,5,3,Fenway Park,Clear,72,Final
2024-09-12,08:10,Minnesota Twins,Los Angeles Angels,6,4,Target Field,Clear,85,Final
2024-09-12,08:45,St. Louis Cardinals,Cincinnati Reds,2,1,Busch Stadium,Partly Cloudy,86,Final
2024-09-12,09:10,Houston Astros,Oakland Athletics,4,5,Minute Maid Park,Roof Closed,73,Final
2024-09-12,10:40,Seattle Mariners,San Diego Padres,5,2,T-Mobile Park,Partly Cloudy,62,Final
2024-09-12,10:45,San Francisco Giants,Milwaukee Brewers,13,2,Oracle Park,Clear,67,Final
2024-09-12,11:10,Los Angeles Dodgers,Chicago Cubs,10,8,Dodger Stadium,Clear,70,Final
2024-09-13,02:10,Detroit Tigers,Colorado Rockies,2,4,Comerica Park,Sunny,82,Final
2024-09-13,02:15,St. Louis Cardinals,Cincinnati Reds,6,1,Busch Stadium,Cloudy,82,Final
2024-09-13,03:10,Houston Astros,Oakland Athletics,6,3,Minute Maid Park,Roof Closed,73,Final
2024-09-13,07:45,Washington Nationals,Miami Marlins,3,6,Nationals Park,Clear,79,Final
2024-09-13,08:15,Cleveland Guardians,Tampa Bay Rays,2,5,Progressive Field,Clear,76,Final
2024-09-13,08:15,New York Yankees,Boston Red Sox,2,1,Yankee Stadium,Partly Cloudy,72,Final
2024-09-13,10:40,Seattle Mariners,Texas Rangers,4,5,T-Mobile Park,Partly Cloudy,69,Final
2024-09-13,10:45,San Francisco Giants,Milwaukee Brewers,0,3,Oracle Park,Clear,65,Final
2024-09-14,07:40,Detroit Tigers,Baltimore Orioles,1,0,Comerica Park,Clear,81,Final
2024-09-14,07:40,Pittsburgh Pirates,Kansas City Royals,3,8,PNC Park,Clear,81,Final
2024-09-14,07:40,Philadelphia Phillies,New York Mets,3,11,Citizens Bank Park,Partly Cloudy,82,Final
2024-09-14,07:45,Washington Nationals,Miami Marlins,4,1,Nationals Park,Partly Cloudy,79,Final
2024-09-14,08:05,New York Yankees,Boston Red Sox,5,4,Yankee Stadium,Clear,74,Final
2024-09-14,08:07,Toronto Blue Jays,St. Louis Cardinals,4,3,Rogers Centre,Partly Cloudy,67,Final
2024-09-14,08:10,Cleveland Guardians,Tampa Bay Rays,1,3,Progressive Field,Clear,76,Final
2024-09-14,08:20,Atlanta Braves,Los Angeles Dodgers,6,2,Truist Park,Overcast,72,Final
2024-09-14,08:40,Chicago White Sox,Oakland Athletics,0,2,Guaranteed Rate Field,Partly Cloudy,78,Final
2024-09-14,09:10,Minnesota Twins,Cincinnati Reds,4,8,Target Field,Partly Cloudy,78,Final
2024-09-14,09:40,Colorado Rockies,Chicago Cubs,9,5,Coors Field,Cloudy,80,Final
2024-09-14,10:38,Los Angeles Angels,Houston Astros,3,5,Angel Stadium,Clear,73,Final
2024-09-14,10:40,Arizona Diamondbacks,Milwaukee Brewers,1,2,Chase Field,Roof Closed,78,Final
2024-09-14,11:10,Seattle Mariners,Texas Rangers,5,4,T-Mobile Park,Roof Closed,61,Final
2024-09-14,11:15,San Francisco Giants,San Diego Padres,0,5,Oracle Park,Clear,62,Final
2024-09-15,02:05,Pittsburgh Pirates,Kansas City Royals,1,5,PNC Park,Sunny,82,Final
2024-09-15,02:05,New York Yankees,Boston Red Sox,1,7,Yankee Stadium,Sunny,77,Final
2024-09-15,04:07,Toronto Blue Jays,St. Louis Cardinals,7,2,Rogers Centre,Sunny,68,Final
2024-09-15,05:05,Philadelphia Phillies,New York Mets,6,4,Citizens Bank Park,Partly Cloudy,86,Final
2024-09-15,05:05,Washington Nationals,Miami Marlins,4,1,Nationals Park,Sunny,81,Final
2024-09-15,07:10,Detroit Tigers,Baltimore Orioles,2,4,Comerica Park,Clear,81,Final
2024-09-15,07:10,Cleveland Guardians,Tampa Bay Rays,6,1,Progressive Field,Clear,80,Final
2024-09-15,08:10,Minnesota Twins,Cincinnati Reds,1,11,Target Field,Overcast,76,Final
2024-09-15,08:10,Chicago White Sox,Oakland Athletics,7,6,Guaranteed Rate Field,Partly Cloudy,81,Final
2024-09-15,08:20,Atlanta Braves,Los Angeles Dodgers,10,1,Truist Park,Cloudy,71,Final
2024-09-15,09:10,Colorado Rockies,Chicago Cubs,6,5,Coors Field,Clear,87,Final
2024-09-15,09:10,Arizona Diamondbacks,Milwaukee Brewers,8,15,Chase Field,Roof Closed,78,Final
2024-09-15,10:05,San Francisco Giants,San Diego Padres,0,8,Oracle Park,Clear,59,Final
2024-09-15,10:38,Los Angeles Angels,Houston Astros,3,5,Angel Stadium,Clear,72,Final
2024-09-15,10:40,Seattle Mariners,Texas Rangers,5,4,T-Mobile Park,Roof Closed,57,Final
2024-09-16,01:10,Detroit Tigers,Baltimore Orioles,4,2,Comerica Park,Sunny,81,Final
2024-09-16,02:05,Minnesota Twins,Cincinnati Reds,9,2,Target Field,Partly Cloudy,81,Final
2024-09-16,02:35,Pittsburgh Pirates,Kansas City Royals,4,3,PNC Park,Sunny,83,Final
2024-09-16,02:35,Philadelphia Phillies,New York Mets,2,1,Citizens Bank Park,Partly Cloudy,83,Final
2024-09-16,02:35,Washington Nationals,Miami Marlins,4,3,Nationals Park,Sunny,79,Final
2024-09-16,02:35,New York Yankees,Boston Red Sox,5,2,Yankee Stadium,Sunny,74,Final
2024-09-16,02:37,Toronto Blue Jays,St. Louis Cardinals,3,2,Rogers Centre,Sunny,74,Final
2024-09-16,02:40,Cleveland Guardians,Tampa Bay Rays,2,0,Progressive Field,Sunny,82,Final
2024-09-16,03:10,Chicago White Sox,Oakland Athletics,4,3,Guaranteed Rate Field,Sunny,90,Final
2024-09-16,04:10,Colorado Rockies,Chicago Cubs,2,6,Coors Field,Partly Cloudy,83,Final
2024-09-16,05:05,San Francisco Giants,San Diego Padres,3,4,Oracle Park,Partly Cloudy,61,Final
2024-09-16,05:07,Los Angeles Angels,Houston Astros,4,6,Angel Stadium,Cloudy,76,Final
2024-09-16,05:10,Seattle Mariners,Texas Rangers,7,0,T-Mobile Park,Cloudy,58,Final
2024-09-16,05:10,Arizona Diamondbacks,Milwaukee Brewers,11,10,Chase Field,Roof Closed,77,Final
2024-09-16,08:10,Atlanta Braves,Los Angeles Dodgers,2,9,Truist Park,Partly Cloudy,78,Final
2024-09-17,07:40,Cleveland Guardians,Minnesota Twins,4,3,Progressive Field,Clear,77,Final
2024-09-17,08:10,New York Mets,Washington Nationals,2,1,Citi Field,Cloudy,73,Final
2024-09-17,08:20,Atlanta Braves,Los Angeles Dodgers,0,9,Truist Park,Clear,79,Final
2024-09-17,08:40,Kansas City Royals,Detroit Tigers,6,7,Kauffman Stadium,Partly Cloudy,86,Final
2024-09-17,08:40,Chicago Cubs,Oakland Athletics,9,2,Wrigley Field,Partly Cloudy,79,Final
2024-09-17,08:40,Milwaukee Brewers,Philadelphia Phillies,6,2,American Family Field,Partly Cloudy,74,Final
2024-09-17,08:45,St. Louis Cardinals,Pittsburgh Pirates,4,0,Busch Stadium,Partly Cloudy,80,Final
2024-09-17,09:40,Colorado Rockies,Arizona Diamondbacks,3,2,Coors Field,Partly Cloudy,80,Final
2024-09-17,10:38,Los Angeles Angels,Chicago White Sox,4,8,Angel Stadium,Partly Cloudy,68,Final
2024-09-17,10:40,San Diego Padres,Houston Astros,3,1,Petco Park,Partly Cloudy,67,Final
2024-09-18,07:35,Baltimore Orioles,San Francisco Giants,0,10,Oriole Park at Camden Yards,Overcast,75,Final
2024-09-18,07:40,Cleveland Guardians,Minnesota Twins,1,4,Progressive Field,Partly Cloudy,76,Final
2024-09-18,07:40,Cincinnati Reds,Atlanta Braves,6,5,Great American Ball Park,Cloudy,76,Final
2024-09-18,07:40,Miami Marlins,Los Angeles Dodgers,11,9,loanDepot park,Roof Closed,72,Final
2024-09-18,07:50,Tampa Bay Rays,Boston Red Sox,8,3,Tropicana Field,Dome,72,Final
2024-09-18,08:10,New York Mets,Washington Nationals,10,1,Citi Field,Cloudy,74,Final
2024-09-18,08:40,Kansas City Royals,Detroit Tigers,1,3,Kauffman Stadium,Clear,86,Final
2024-09-18,08:40,Chicago Cubs,Oakland Athletics,3,4,Wrigley Field,Clear,74,Final
2024-09-18,08:40,Milwaukee Brewers,Philadelphia Phillies,1,5,American Family Field,Clear,76,Final
2024-09-18,08:45,St. Louis Cardinals,Pittsburgh Pirates,3,1,Busch Stadium,Clear,85,Final
2024-09-18,09:05,Texas Rangers,Toronto Blue Jays,13,8,Globe Life Field,Roof Closed,74,Final
2024-09-18,09:40,Colorado Rockies,Arizona Diamondbacks,8,2,Coors Field,Clear,74,Final
2024-09-18,10:38,Los Angeles Angels,Chicago White Sox,5,0,Angel Stadium,Partly Cloudy,71,Final
2024-09-18,10:40,San Diego Padres,Houston Astros,3,4,Petco Park,Clear,70,Final
2024-09-18,10:40,Seattle Mariners,New York Yankees,2,11,T-Mobile Park,Cloudy,62,Final
2024-09-19,03:20,Chicago Cubs,Oakland Athletics,3,5,Wrigley Field,Sunny,81,Final
2024-09-19,04:10,Colorado Rockies,Arizona Diamondbacks,4,9,Coors Field,Sunny,82,Final
2024-09-19,05:07,Los Angeles Angels,Chicago White Sox,4,3,Angel Stadium,Partly Cloudy,75,Final
2024-09-19,07:35,Baltimore Orioles,San Francisco Giants,3,5,Oriole Park at Camden Yards,Cloudy,75,Final
2024-09-19,07:40,San Diego Padres,Houston Astros,4,0,Petco Park,Partly Cloudy,71,Final
2024-09-19,07:40,Cleveland Guardians,Minnesota Twins,5,4,Progressive Field,Partly Cloudy,75,Final
2024-09-19,07:40,Cincinnati Reds,Atlanta Braves,1,7,Great American Ball Park,Partly Cloudy,83,Final
2024-09-19,07:40,Miami Marlins,Los Angeles Dodgers,4,8,loanDepot park,Roof Closed,72,Final
2024-09-19,07:50,Tampa Bay Rays,Boston Red Sox,1,2,Tropicana Field,Dome,72,Final
2024-09-19,08:10,New York Mets,Washington Nationals,10,0,Citi Field,Cloudy,72,Final
2024-09-19,08:40,Kansas City Royals,Detroit Tigers,2,4,Kauffman Stadium,Clear,86,Final
2024-09-19,08:40,Milwaukee Brewers,Philadelphia Phillies,2,1,American Family Field,Clear,73,Final
2024-09-19,08:45,St. Louis Cardinals,Pittsburgh Pirates,10,5,Busch Stadium,Partly Cloudy,80,Final
2024-09-19,09:05,Texas Rangers,Toronto Blue Jays,2,0,Globe Life Field,Roof Closed,74,Final
2024-09-19,10:40,Seattle Mariners,New York Yankees,1,2,T-Mobile Park,Clear,65,Final
2024-09-20,02:05,Baltimore Orioles,San Francisco Giants,5,3,Oriole Park at Camden Yards,Partly Cloudy,79,Final
2024-09-20,02:10,Cleveland Guardians,Minnesota Twins,3,2,Progressive Field,Sunny,76,Final
2024-09-20,02:10,Cincinnati Reds,Atlanta Braves,3,15,Great American Ball Park,Sunny,85,Final
2024-09-20,03:35,Texas Rangers,Toronto Blue Jays,0,4,Globe Life Field,Roof Closed,74,Final
2024-09-20,05:10,Seattle Mariners,New York Yankees,3,2,T-Mobile Park,Partly Cloudy,57,Final
2024-09-20,05:40,Miami Marlins,Los Angeles Dodgers,4,20,loanDepot park,Roof Closed,72,Final
2024-09-20,07:50,Tampa Bay Rays,Boston Red Sox,2,0,Tropicana Field,Dome,72,Final
2024-09-20,08:15,St. Louis Cardinals,Pittsburgh Pirates,2,3,Busch Stadium,Clear,84,Final
2024-09-20,08:15,New York Mets,Philadelphia Phillies,10,6,Citi Field,Cloudy,78,Final
2024-09-20,08:15,Milwaukee Brewers,Arizona Diamondbacks,1,5,American Family Field,Partly Cloudy,78,Final
2024-09-20,08:40,Chicago Cubs,Washington Nationals,7,6,Wrigley Field,Partly Cloudy,78,Final
2024-09-20,09:10,Houston Astros,Los Angeles Angels,3,1,Minute Maid Park,Roof Closed,73,Final
2024-09-21,03:20,Chicago Cubs,Washington Nationals,3,1,Wrigley Field,Partly Cloudy,82,Final
2024-09-21,07:40,Cincinnati Reds,Pittsburgh Pirates,8,3,Great American Ball Park,Partly Cloudy,87,Final
2024-09-21,07:50,Tampa Bay Rays,Toronto Blue Jays,1,0,Tropicana Field,Dome,72,Final
2024-09-21,08:05,Baltimore Orioles,Detroit Tigers,7,1,Oriole Park at Camden Yards,Clear,81,Final
2024-09-21,08:10,Boston Red Sox,Minnesota Twins,2,4,Fenway Park,Cloudy,64,Final
2024-09-21,08:10,New York Mets,Philadelphia Phillies,2,12,Citi Field,Clear,73,Final
2024-09-21,08:10,Miami Marlins,Atlanta Braves,4,3,loanDepot park,Roof Closed,72,Final
2024-09-21,09:05,Texas Rangers,Seattle Mariners,2,8,Globe Life Field,Roof Closed,74,Final
2024-09-21,09:10,Houston Astros,Los Angeles Angels,9,7,Minute Maid Park,Roof Closed,73,Final
2024-09-21,09:10,Kansas City Royals,San Francisco Giants,1,2,Kauffman Stadium,Clear,93,Final
2024-09-21,09:10,Milwaukee Brewers,Arizona Diamondbacks,4,7,American Family Field,Clear,77,Final
2024-09-21,09:15,St. Louis Cardinals,Cleveland Guardians,1,5,Busch Stadium,Partly Cloudy,93,Final
2024-09-21,10:40,San Diego Padres,Chicago White Sox,3,2,Petco Park,Partly Cloudy,68,Final
2024-09-21,10:40,Oakland Athletics,New York Yankees,2,4,Oakland Coliseum,Clear,62,Final
2024-09-21,11:10,Los Angeles Dodgers,Colorado Rockies,6,4,Dodger Stadium,Clear,68,Final
2024-09-22,02:10,Cincinnati Reds,Pittsburgh Pirates,7,1,Great American Ball Park,Sunny,84,Final
2024-09-22,03:20,Chicago Cubs,Washington Nationals,1,5,Wrigley Field,Sunny,84,Final
2024-09-22,05:05,Baltimore Orioles,Detroit Tigers,4,6,Oriole Park at Camden Yards,Partly Cloudy,79,Final
2024-09-22,05:10,Tampa Bay Rays,Toronto Blue Jays,3,2,Tropicana Field,Dome,72,Final
2024-09-22,05:10,New York Mets,Philadelphia Phillies,6,3,Citi Field,Partly Cloudy,77,Final
2024-09-22,05:10,Miami Marlins,Atlanta Braves,2,6,loanDepot park,Roof Closed,72,Final
2024-09-22,06:10,Kansas City Royals,San Francisco Giants,0,9,Kauffman Stadium,Partly Cloudy,87,Final
2024-09-22,08:05,Texas Rangers,Seattle Mariners,4,8,Globe Life Field,Roof Closed,74,Final
2024-09-22,08:10,Houston Astros,Los Angeles Angels,10,4,Minute Maid Park,Roof Closed,73,Final
2024-09-22,08:10,Milwaukee Brewers,Arizona Diamondbacks,0,5,American Family Field,Roof Closed,82,Final
2024-09-22,08:15,St. Louis Cardinals,Cleveland Guardians,6,5,Busch Stadium,Overcast,85,Final
2024-09-22,09:40,San Diego Padres,Chicago White Sox,6,2,Petco Park,Partly Cloudy,70,Final
2024-09-22,10:07,Oakland Athletics,New York Yankees,0,10,Oakland Coliseum,Clear,66,Final
2024-09-22,10:10,Los Angeles Dodgers,Colorado Rockies,3,6,Dodger Stadium,Clear,69,Final
2024-09-22,05:10,Boston Red Sox,Minnesota Twins,0,0,Fenway Park,Cloudy,64,Final
2024-09-23,01:35,Boston Red Sox,Minnesota Twins,8,1,Fenway Park,Cloudy,66,Final
2024-09-23,06:35,Boston Red Sox,Minnesota Twins,9,3,Fenway Park,Cloudy,64,Final
2024-09-23,02:10,Cincinnati Reds,Pittsburgh Pirates,0,2,Great American Ball Park,Partly Cloudy,87,Final
2024-09-23,02:35,Baltimore Orioles,Detroit Tigers,3,4,Oriole Park at Camden Yards,Cloudy,75,Final
2024-09-23,02:40,Tampa Bay Rays,Toronto Blue Jays,4,3,Tropicana Field,Dome,72,Final
2024-09-23,02:40,Miami Marlins,Atlanta Braves,4,5,loanDepot park,Roof Closed,72,Final
2024-09-23,03:10,Houston Astros,Los Angeles Angels,8,9,Minute Maid Park,Roof Closed,73,Final
2024-09-23,03:10,Kansas City Royals,San Francisco Giants,0,2,Kauffman Stadium,Drizzle,64,Final
2024-09-23,03:10,Milwaukee Brewers,Arizona Diamondbacks,10,9,American Family Field,Roof Closed,76,Final
2024-09-23,03:15,St. Louis Cardinals,Cleveland Guardians,2,1,Busch Stadium,Overcast,78,Final
2024-09-23,03:20,Chicago Cubs,Washington Nationals,5,0,Wrigley Field,Rain,68,Final
2024-09-23,03:35,Texas Rangers,Seattle Mariners,6,5,Globe Life Field,Roof Closed,74,Final
2024-09-23,05:07,Oakland Athletics,New York Yankees,4,7,Oakland Coliseum,Sunny,69,Final
2024-09-23,05:10,Los Angeles Dodgers,Colorado Rockies,6,5,Dodger Stadium,Sunny,81,Final
2024-09-23,05:10,San Diego Padres,Chicago White Sox,4,2,Petco Park,Sunny,73,Final
2024-09-23,08:15,New York Mets,Philadelphia Phillies,2,1,Citi Field,Cloudy,70,Final
2024-09-24,07:40,Philadelphia Phillies,Chicago Cubs,6,2,Citizens Bank Park,Cloudy,63,Final
2024-09-24,08:07,Toronto Blue Jays,Boston Red Sox,1,4,Rogers Centre,Roof Closed,68,Final
2024-09-24,09:10,Houston Astros,Seattle Mariners,1,6,Minute Maid Park,Roof Closed,73,Final
2024-09-24,10:40,Arizona Diamondbacks,San Francisco Giants,3,6,Chase Field,Roof Closed,78,Final
2024-09-25,02:10,Detroit Tigers,Tampa Bay Rays,2,1,Comerica Park,Overcast,68,Final
2024-09-25,07:40,Cleveland Guardians,Cincinnati Reds,6,1,Progressive Field,Cloudy,73,Final
2024-09-25,07:40,Philadelphia Phillies,Chicago Cubs,4,10,Citizens Bank Park,Cloudy,66,Final
2024-09-25,07:40,Pittsburgh Pirates,Milwaukee Brewers,2,7,PNC Park,Overcast,73,Final
2024-09-25,07:45,Washington Nationals,Kansas City Royals,0,1,Nationals Park,Overcast,66,Final
2024-09-25,08:05,New York Yankees,Baltimore Orioles,3,5,Yankee Stadium,Partly Cloudy,65,Final
2024-09-25,08:07,Toronto Blue Jays,Boston Red Sox,5,6,Rogers Centre,Roof Closed,68,Final
2024-09-25,08:20,Atlanta Braves,New York Mets,5,1,Truist Park,Partly Cloudy,87,Final
2024-09-25,08:40,Chicago White Sox,Los Angeles Angels,3,2,Guaranteed Rate Field,Cloudy,64,Final
2024-09-25,08:40,Minnesota Twins,Miami Marlins,1,4,Target Field,Partly Cloudy,72,Final
2024-09-25,09:10,Houston Astros,Seattle Mariners,4,3,Minute Maid Park,Roof Closed,73,Final
2024-09-25,09:40,Colorado Rockies,St. Louis Cardinals,3,7,Coors Field,Clear,74,Final
2024-09-25,10:40,Arizona Diamondbacks,San Francisco Giants,0,11,Chase Field,Roof Closed,78,Final
2024-09-25,10:40,Oakland Athletics,Texas Rangers,5,4,Oakland Coliseum,Partly Cloudy,69,Final
2024-09-25,11:10,Los Angeles Dodgers,San Diego Padres,2,4,Dodger Stadium,Clear,69,Final
2024-09-26,03:10,Houston Astros,Seattle Mariners,1,8,Minute Maid Park,Roof Closed,73,Final
2024-09-26,07:05,Philadelphia Phillies,Chicago Cubs,9,6,Citizens Bank Park,Cloudy,66,Final
2024-09-26,07:40,Cleveland Guardians,Cincinnati Reds,5,2,Progressive Field,Overcast,71,Final
2024-09-26,07:40,Detroit Tigers,Tampa Bay Rays,7,1,Comerica Park,Cloudy,75,Final
2024-09-26,07:40,Pittsburgh Pirates,Milwaukee Brewers,2,1,PNC Park,Overcast,76,Final
2024-09-26,07:45,Washington Nationals,Kansas City Royals,0,3,Nationals Park,Overcast,71,Final
2024-09-26,08:05,New York Yankees,Baltimore Orioles,7,9,Yankee Stadium,Overcast,65,Final
2024-09-26,08:07,Toronto Blue Jays,Boston Red Sox,6,1,Rogers Centre,Cloudy,72,Final
2024-09-26,08:40,Chicago White Sox,Los Angeles Angels,4,3,Guaranteed Rate Field,Clear,70,Final
2024-09-26,08:40,Minnesota Twins,Miami Marlins,8,3,Target Field,Clear,76,Final
2024-09-26,09:40,Colorado Rockies,St. Louis Cardinals,2,5,Coors Field,Clear,85,Final
2024-09-26,10:40,Arizona Diamondbacks,San Francisco Giants,8,2,Chase Field,Roof Closed,78,Final
2024-09-26,10:40,Oakland Athletics,Texas Rangers,1,5,Oakland Coliseum,Partly Cloudy,64,Final
2024-09-26,11:10,Los Angeles Dodgers,San Diego Padres,4,3,Dodger Stadium,Clear,69,Final
2024-09-26,08:20,Atlanta Braves,New York Mets,0,0,Truist Park,Cloudy,76,Final
2024-09-27,01:35,Pittsburgh Pirates,Milwaukee Brewers,2,5,PNC Park,Overcast,70,Final
2024-09-27,02:05,Washington Nationals,Kansas City Royals,4,7,Nationals Park,Cloudy,77,Final
2024-09-27,02:10,Detroit Tigers,Tampa Bay Rays,4,3,Comerica Park,Cloudy,72,Final
2024-09-27,03:10,Chicago White Sox,Los Angeles Angels,7,0,Guaranteed Rate Field,Sunny,73,Final
2024-09-27,04:10,Colorado Rockies,St. Louis Cardinals,10,8,Coors Field,Sunny,86,Final
2024-09-27,04:37,Oakland Athletics,Texas Rangers,3,2,Oakland Coliseum,Sunny,67,Final
2024-09-27,08:05,New York Yankees,Baltimore Orioles,10,1,Yankee Stadium,Cloudy,73,Final
2024-09-27,08:40,Minnesota Twins,Miami Marlins,6,8,Target Field,Clear,82,Final
2024-09-27,11:10,Los Angeles Dodgers,San Diego Padres,7,2,Dodger Stadium,Clear,69,Final
2024-09-27,08:20,Atlanta Braves,New York Mets,0,0,Truist Park,Overcast,73,Final
2024-09-28,03:20,Chicago Cubs,Cincinnati Reds,1,0,Wrigley Field,Overcast,71,Final
2024-09-28,07:40,Detroit Tigers,Chicago White Sox,4,1,Comerica Park,Cloudy,75,Final
2024-09-28,07:45,Washington Nationals,Philadelphia Phillies,9,1,Nationals Park,Overcast,76,Final
2024-09-28,08:05,New York Yankees,Pittsburgh Pirates,2,4,Yankee Stadium,Partly Cloudy,69,Final
2024-09-28,08:07,Toronto Blue Jays,Miami Marlins,5,15,Rogers Centre,Cloudy,68,Final
2024-09-28,08:10,Cleveland Guardians,Houston Astros,2,5,Progressive Field,Cloudy,72,Final
2024-09-28,08:10,Boston Red Sox,Tampa Bay Rays,1,2,Fenway Park,Partly Cloudy,72,Final
2024-09-28,08:20,Atlanta Braves,Kansas City Royals,3,0,Truist Park,Cloudy,72,Final
2024-09-28,09:10,Colorado Rockies,Los Angeles Dodgers,4,11,Coors Field,Clear,83,Final
2024-09-28,09:10,Minnesota Twins,Baltimore Orioles,2,7,Target Field,Clear,81,Final
2024-09-28,09:10,Milwaukee Brewers,New York Mets,8,4,American Family Field,Cloudy,68,Final
2024-09-28,10:38,Los Angeles Angels,Texas Rangers,2,5,Angel Stadium,Partly Cloudy,69,Final
2024-09-28,10:40,Arizona Diamondbacks,San Diego Padres,3,5,Chase Field,Roof Closed,77,Final
2024-09-28,11:10,Seattle Mariners,Oakland Athletics,2,0,T-Mobile Park,Clear,60,Final
2024-09-28,11:15,San Francisco Giants,St. Louis Cardinals,3,6,Oracle Park,Clear,77,Final
2024-09-29,02:05,New York Yankees,Pittsburgh Pirates,4,9,Yankee Stadium,Overcast,65,Final
2024-09-29,02:10,Detroit Tigers,Chicago White Sox,0,4,Comerica Park,Drizzle,70,Final
2024-09-29,03:20,Chicago Cubs,Cincinnati Reds,3,0,Wrigley Field,Cloudy,68,Final
2024-09-29,04:07,Toronto Blue Jays,Miami Marlins,1,8,Rogers Centre,Roof Closed,68,Final
2024-09-29,05:05,San Francisco Giants,St. Louis Cardinals,6,5,Oracle Park,Partly Cloudy,65,Final
2024-09-29,05:05,Washington Nationals,Philadelphia Phillies,6,3,Nationals Park,Partly Cloudy,84,Final
2024-09-29,05:10,Boston Red Sox,Tampa Bay Rays,2,7,Fenway Park,Sunny,71,Final
2024-09-29,07:10,Cleveland Guardians,Houston Astros,3,4,Progressive Field,Overcast,73,Final
2024-09-29,08:15,Minnesota Twins,Baltimore Orioles,2,9,Target Field,Clear,84,Final
2024-09-29,08:15,Milwaukee Brewers,New York Mets,6,0,American Family Field,Clear,71,Final
2024-09-29,08:20,Atlanta Braves,Kansas City Royals,2,1,Truist Park,Cloudy,72,Final
2024-09-29,09:10,Colorado Rockies,Los Angeles Dodgers,2,13,Coors Field,Clear,86,Final
2024-09-29,09:10,Arizona Diamondbacks,San Diego Padres,0,5,Chase Field,Roof Closed,78,Final
2024-09-29,10:38,Los Angeles Angels,Texas Rangers,8,9,Angel Stadium,Clear,71,Final
2024-09-29,10:40,Seattle Mariners,Oakland Athletics,7,6,T-Mobile Park,Roof Closed,55,Final
2024-09-30,04:05,San Francisco Giants,St. Louis Cardinals,1,6,Oracle Park,Partly Cloudy,62,Final
2024-09-30,04:05,Boston Red Sox,Tampa Bay Rays,3,1,Fenway Park,Cloudy,69,Final
2024-09-30,04:05,Washington Nationals,Philadelphia Phillies,3,6,Nationals Park,Overcast,69,Final
2024-09-30,04:05,New York Yankees,Pittsburgh Pirates,6,4,Yankee Stadium,Rain,61,Final
2024-09-30,04:07,Los Angeles Angels,Texas Rangers,0,8,Angel Stadium,Sunny,75,Final
2024-09-30,04:07,Toronto Blue Jays,Miami Marlins,1,3,Rogers Centre,Partly Cloudy,69,Final
2024-09-30,04:10,Colorado Rockies,Los Angeles Dodgers,1,2,Coors Field,Partly Cloudy,85,Final
2024-09-30,04:10,Arizona Diamondbacks,San Diego Padres,11,2,Chase Field,Roof Closed,78,Final
2024-09-30,04:10,Seattle Mariners,Oakland Athletics,6,4,T-Mobile Park,Partly Cloudy,56,Final
2024-09-30,04:10,Minnesota Twins,Baltimore Orioles,2,6,Target Field,Sunny,79,Final
2024-09-30,04:10,Detroit Tigers,Chicago White Sox,5,9,Comerica Park,Overcast,72,Final
2024-09-30,04:10,Milwaukee Brewers,New York Mets,0,5,American Family Field,Sunny,72,Final
2024-09-30,04:20,Chicago Cubs,Cincinnati Reds,0,3,Wrigley Field,Cloudy,71,Final
2024-09-30,04:20,Atlanta Braves,Kansas City Royals,2,4,Truist Park,Partly Cloudy,76,Final
2024-09-30,04:10,Cleveland Guardians,Houston Astros,0,0,Progressive Field,N/A,N/A,Final
2024-10-01,02:10,Atlanta Braves,New York Mets,7,8,Truist Park,Overcast,73,Final
2024-10-01,02:15,Atlanta Braves,New York Mets,3,0,Truist Park,Cloudy,76,Final
2025-03-18,19:10,Chicago Cubs,Los Angeles Dodgers,1,4,Tokyo Dome,Dome,72,Final
2025-03-19,19:10,Chicago Cubs,Los Angeles Dodgers,3,6,Tokyo Dome,Dome,72,Final
2025-03-28,04:05,New York Yankees,Milwaukee Brewers,4,2,Yankee Stadium,Sunny,48,Final
2025-03-28,04:07,Toronto Blue Jays,Baltimore Orioles,2,12,Rogers Centre,Roof Closed,68,Final
2025-03-28,05:05,Texas Rangers,Boston Red Sox,2,5,Globe Life Field,Roof Closed,74,Final
2025-03-28,05:05,Washington Nationals,Philadelphia Phillies,3,7,Nationals Park,Sunny,57,Final
2025-03-28,05:10,Kansas City Royals,Cleveland Guardians,4,7,Kauffman Stadium,Partly Cloudy,76,Final
2025-03-28,05:10,Houston Astros,New York Mets,3,1,Daikin Park,Roof Closed,73,Final
2025-03-28,05:10,Cincinnati Reds,San Francisco Giants,4,6,Great American Ball Park,Partly Cloudy,61,Final
2025-03-28,05:10,San Diego Padres,Atlanta Braves,7,4,Petco Park,Partly Cloudy,66,Final
2025-03-28,05:10,Chicago White Sox,Los Angeles Angels,8,1,Rate Field,Cloudy,54,Final
2025-03-28,05:10,Miami Marlins,Pittsburgh Pirates,5,4,loanDepot park,Sunny,76,Final
2025-03-28,05:15,St. Louis Cardinals,Minnesota Twins,5,3,Busch Stadium,Cloudy,63,Final
2025-03-28,08:10,Los Angeles Dodgers,Detroit Tigers,5,4,Dodger Stadium,Partly Cloudy,69,Final
2025-03-28,11:10,Arizona Diamondbacks,Chicago Cubs,6,10,Chase Field,Clear,87,Final
2025-03-28,11:10,Seattle Mariners,Athletics,4,2,T-Mobile Park,Roof Closed,55,Final
2025-03-29,05:10,Tampa Bay Rays,Colorado Rockies,3,2,George M. Steinbrenner Field,Partly Cloudy,84,Final
2025-03-29,08:07,Toronto Blue Jays,Baltimore Orioles,8,2,Rogers Centre,Roof Closed,72,Final
2025-03-29,08:10,Miami Marlins,Pittsburgh Pirates,3,4,loanDepot park,Partly Cloudy,77,Final
2025-03-29,09:05,Texas Rangers,Boston Red Sox,4,1,Globe Life Field,Roof Closed,74,Final
2025-03-29,09:10,Houston Astros,New York Mets,1,3,Daikin Park,Roof Closed,73,Final
2025-03-29,10:40,Arizona Diamondbacks,Chicago Cubs,8,1,Chase Field,Partly Cloudy,80,Final
2025-03-29,10:40,Seattle Mariners,Athletics,0,7,T-Mobile Park,Roof Closed,52,Final
2025-03-29,10:40,San Diego Padres,Atlanta Braves,4,3,Petco Park,Partly Cloudy,59,Final
2025-03-29,11:10,Los Angeles Dodgers,Detroit Tigers,8,5,Dodger Stadium,Cloudy,61,Final
2025-03-30,02:05,New York Yankees,Milwaukee Brewers,20,9,Yankee Stadium,Partly Cloudy,78,Final
2025-03-30,03:10,Chicago White Sox,Los Angeles Angels,0,1,Rate Field,Partly Cloudy,67,Final
2025-03-30,03:15,St. Louis Cardinals,Minnesota Twins,5,1,Busch Stadium,Cloudy,68,Final
2025-03-30,04:07,Toronto Blue Jays,Baltimore Orioles,5,9,Rogers Centre,Roof Closed,68,Final
2025-03-30,05:05,Washington Nationals,Philadelphia Phillies,6,11,Nationals Park,Overcast,81,Final
2025-03-30,05:10,Kansas City Royals,Cleveland Guardians,4,3,Kauffman Stadium,Partly Cloudy,77,Final
2025-03-30,05:10,Cincinnati Reds,San Francisco Giants,3,2,Great American Ball Park,Partly Cloudy,76,Final
2025-03-30,05:10,Tampa Bay Rays,Colorado Rockies,1,2,George M. Steinbrenner Field,Partly Cloudy,84,Final
2025-03-30,05:10,Miami Marlins,Pittsburgh Pirates,5,4,loanDepot park,Roof Closed,72,Final
2025-03-30,08:05,Texas Rangers,Boston Red Sox,4,3,Globe Life Field,Roof Closed,74,Final
2025-03-30,08:15,Houston Astros,New York Mets,2,1,Daikin Park,Roof Closed,73,Final
2025-03-30,08:15,San Diego Padres,Atlanta Braves,1,0,Petco Park,Partly Cloudy,62,Final
2025-03-30,09:10,Arizona Diamondbacks,Chicago Cubs,3,4,Chase Field,Clear,79,Final
2025-03-30,10:10,Los Angeles Dodgers,Detroit Tigers,7,3,Dodger Stadium,Partly Cloudy,63,Final
2025-03-30,10:40,Seattle Mariners,Athletics,2,4,T-Mobile Park,Partly Cloudy,56,Final
2025-03-31,02:35,Washington Nationals,Philadelphia Phillies,5,1,Nationals Park,Partly Cloudy,79,Final
2025-03-31,02:35,New York Yankees,Milwaukee Brewers,12,3,Yankee Stadium,Partly Cloudy,44,Final
2025-03-31,02:37,Toronto Blue Jays,Baltimore Orioles,3,1,Rogers Centre,Roof Closed,68,Final
2025-03-31,02:40,Cincinnati Reds,San Francisco Giants,3,6,Great American Ball Park,Cloudy,69,Final
2025-03-31,02:40,Tampa Bay Rays,Colorado Rockies,6,4,George M. Steinbrenner Field,Partly Cloudy,80,Final
2025-03-31,02:40,Miami Marlins,Pittsburgh Pirates,3,2,loanDepot park,Roof Closed,72,Final
2025-03-31,03:10,Kansas City Royals,Cleveland Guardians,2,6,Kauffman Stadium,Partly Cloudy,45,Final
2025-03-31,03:10,Chicago White Sox,Los Angeles Angels,2,3,Rate Field,Partly Cloudy,76,Final
2025-03-31,03:15,St. Louis Cardinals,Minnesota Twins,9,2,Busch Stadium,Partly Cloudy,74,Final
2025-03-31,03:35,Texas Rangers,Boston Red Sox,3,2,Globe Life Field,Roof Closed,74,Final
2025-03-31,05:10,Arizona Diamondbacks,Chicago Cubs,10,6,Chase Field,Sunny,79,Final
2025-03-31,05:10,Seattle Mariners,Athletics,2,1,T-Mobile Park,Partly Cloudy,59,Final
2025-03-31,08:10,San Diego Padres,Atlanta Braves,5,0,Petco Park,Partly Cloudy,63,Final
2025-04-01,03:10,Chicago White Sox,Minnesota Twins,9,0,Rate Field,Cloudy,39,Final
2025-04-01,03:10,Milwaukee Brewers,Kansas City Royals,1,11,American Family Field,Roof Closed,65,Final
2025-04-01,03:35,Baltimore Orioles,Boston Red Sox,8,5,Oriole Park at Camden Yards,Partly Cloudy,82,Final
2025-04-01,04:05,Philadelphia Phillies,Colorado Rockies,6,1,Citizens Bank Park,Partly Cloudy,77,Final
2025-04-01,07:40,Cincinnati Reds,Texas Rangers,14,3,Great American Ball Park,Cloudy,44,Final
2025-04-01,07:40,Miami Marlins,New York Mets,4,10,loanDepot park,Roof Closed,72,Final
2025-04-01,08:05,Tampa Bay Rays,Pittsburgh Pirates,6,1,George M. Steinbrenner Field,Partly Cloudy,79,Final
2025-04-01,08:07,Toronto Blue Jays,Washington Nationals,5,2,Rogers Centre,Roof Closed,68,Final
2025-04-01,08:45,St. Louis Cardinals,Los Angeles Angels,4,5,Busch Stadium,Partly Cloudy,52,Final
2025-04-01,09:10,Houston Astros,San Francisco Giants,2,7,Daikin Park,Roof Closed,73,Final
2025-04-01,10:40,San Diego Padres,Cleveland Guardians,7,2,Petco Park,Cloudy,60,Final
2025-04-01,10:40,Seattle Mariners,Detroit Tigers,6,9,T-Mobile Park,Roof Closed,47,Final
2025-04-01,11:05,Athletics,Chicago Cubs,3,18,Sutter Health Park,Partly Cloudy,52,Final
2025-04-01,11:10,Los Angeles Dodgers,Atlanta Braves,6,1,Dodger Stadium,Partly Cloudy,59,Final
2025-04-02,07:40,Cincinnati Reds,Texas Rangers,0,1,Great American Ball Park,Partly Cloudy,55,Final
2025-04-02,07:40,Miami Marlins,New York Mets,4,2,loanDepot park,Cloudy,81,Final
2025-04-02,08:05,Tampa Bay Rays,Pittsburgh Pirates,7,0,George M. Steinbrenner Field,Clear,85,Final
2025-04-02,08:05,New York Yankees,Arizona Diamondbacks,5,7,Yankee Stadium,Partly Cloudy,50,Final
2025-04-02,08:07,Toronto Blue Jays,Washington Nationals,5,3,Rogers Centre,Roof Closed,68,Final
2025-04-02,08:40,Chicago White Sox,Minnesota Twins,3,8,Rate Field,Cloudy,42,Final
2025-04-02,08:40,Milwaukee Brewers,Kansas City Royals,5,0,American Family Field,Roof Closed,63,Final
2025-04-02,08:45,St. Louis Cardinals,Los Angeles Angels,7,9,Busch Stadium,Cloudy,59,Final
2025-04-02,09:10,Houston Astros,San Francisco Giants,1,3,Daikin Park,Roof Closed,73,Final
2025-04-02,10:40,San Diego Padres,Cleveland Guardians,7,0,Petco Park,Partly Cloudy,61,Final
2025-04-02,10:40,Seattle Mariners,Detroit Tigers,1,4,T-Mobile Park,Roof Closed,53,Final
2025-04-02,11:05,Athletics,Chicago Cubs,4,7,Sutter Health Park,Partly Cloudy,55,Final
2025-04-02,11:10,Los Angeles Dodgers,Atlanta Braves,3,1,Dodger Stadium,Partly Cloudy,60,Final
2025-04-03,01:40,Cincinnati Reds,Texas Rangers,0,1,Great American Ball Park,Partly Cloudy,71,Final
2025-04-03,02:10,Tampa Bay Rays,Pittsburgh Pirates,2,4,George M. Steinbrenner Field,Sunny,89,Final
2025-04-03,02:10,Milwaukee Brewers,Kansas City Royals,3,2,American Family Field,Roof Closed,64,Final
2025-04-03,02:15,St. Louis Cardinals,Los Angeles Angels,12,5,Busch Stadium,Overcast,75,Final
2025-04-03,03:10,Chicago White Sox,Minnesota Twins,1,6,Rate Field,Partly Cloudy,61,Final
2025-04-03,04:07,Toronto Blue Jays,Washington Nationals,4,2,Rogers Centre,Roof Closed,68,Final
2025-04-03,04:35,Athletics,Chicago Cubs,2,10,Sutter Health Park,Sunny,57,Final
2025-04-03,05:10,San Diego Padres,Cleveland Guardians,5,2,Petco Park,Partly Cloudy,60,Final
2025-04-03,05:10,Seattle Mariners,Detroit Tigers,3,2,T-Mobile Park,Roof Closed,50,Final
2025-04-03,05:10,Houston Astros,San Francisco Giants,3,6,Daikin Park,Roof Closed,73,Final
2025-04-03,05:40,Miami Marlins,New York Mets,5,6,loanDepot park,Partly Cloudy,84,Final
2025-04-03,07:35,Baltimore Orioles,Boston Red Sox,0,3,Oriole Park at Camden Yards,Overcast,57,Final
2025-04-03,07:45,Philadelphia Phillies,Colorado Rockies,5,1,Citizens Bank Park,Cloudy,47,Final
2025-04-03,08:05,New York Yankees,Arizona Diamondbacks,3,4,Yankee Stadium,Partly Cloudy,42,Final
2025-04-03,09:38,Los Angeles Dodgers,Atlanta Braves,6,5,Dodger Stadium,Partly Cloudy,63,Final
2025-04-04,02:05,Baltimore Orioles,Boston Red Sox,4,8,Oriole Park at Camden Yards,Overcast,71,Final
2025-04-04,02:05,Philadelphia Phillies,Colorado Rockies,3,1,Citizens Bank Park,Drizzle,71,Final
2025-04-04,05:10,Minnesota Twins,Houston Astros,2,5,Target Field,Partly Cloudy,42,Final
2025-04-04,08:05,New York Yankees,Arizona Diamondbacks,9,7,Yankee Stadium,Cloudy,71,Final
2025-04-04,08:40,Milwaukee Brewers,Cincinnati Reds,1,0,American Family Field,Roof Closed,61,Final
2025-04-05,02:10,Detroit Tigers,Chicago White Sox,7,4,Comerica Park,Sunny,50,Final
2025-04-05,03:10,Boston Red Sox,St. Louis Cardinals,13,9,Fenway Park,Sunny,67,Final
2025-04-05,03:20,Chicago Cubs,San Diego Padres,3,1,Wrigley Field,Cloudy,44,Final
2025-04-05,04:10,New York Mets,Toronto Blue Jays,5,0,Citi Field,Cloudy,69,Final
2025-04-05,05:10,Colorado Rockies,Athletics,3,6,Coors Field,Snow,37,Final
2025-04-05,05:12,Pittsburgh Pirates,New York Yankees,4,9,PNC Park,Cloudy,58,Final
2025-04-05,05:35,San Francisco Giants,Seattle Mariners,10,9,Oracle Park,Sunny,62,Final
2025-04-05,07:45,Washington Nationals,Arizona Diamondbacks,4,6,Nationals Park,Partly Cloudy,72,Final
2025-04-05,07:45,Philadelphia Phillies,Los Angeles Dodgers,3,2,Citizens Bank Park,Partly Cloudy,67,Final
2025-04-05,08:15,Atlanta Braves,Miami Marlins,10,0,Truist Park,Cloudy,86,Final
2025-04-05,08:40,Kansas City Royals,Baltimore Orioles,8,2,Kauffman Stadium,Cloudy,47,Final
2025-04-05,09:05,Texas Rangers,Tampa Bay Rays,5,2,Globe Life Field,Roof Closed,74,Final
2025-04-05,09:10,Milwaukee Brewers,Cincinnati Reds,3,2,American Family Field,Roof Closed,66,Final
2025-04-05,10:38,Los Angeles Angels,Cleveland Guardians,6,8,Angel Stadium,Clear,65,Final
2025-04-06,02:10,Detroit Tigers,Chicago White Sox,7,2,Comerica Park,Cloudy,46,Final
2025-04-06,03:10,Minnesota Twins,Houston Astros,6,1,Target Field,Sunny,38,Final
2025-04-06,03:20,Chicago Cubs,San Diego Padres,7,1,Wrigley Field,Partly Cloudy,49,Final
2025-04-06,05:05,Washington Nationals,Arizona Diamondbacks,4,3,Nationals Park,Cloudy,73,Final
2025-04-06,05:05,Philadelphia Phillies,Los Angeles Dodgers,1,3,Citizens Bank Park,Cloudy,55,Final
2025-04-06,05:05,Pittsburgh Pirates,New York Yankees,4,10,PNC Park,Overcast,70,Final
2025-04-06,05:10,Kansas City Royals,Baltimore Orioles,1,8,Kauffman Stadium,Partly Cloudy,45,Final
2025-04-06,08:05,Texas Rangers,Tampa Bay Rays,6,4,Globe Life Field,Roof Closed,74,Final
2025-04-06,08:10,New York Mets,Toronto Blue Jays,3,2,Citi Field,Cloudy,45,Final
2025-04-06,08:10,Milwaukee Brewers,Cincinnati Reds,7,11,American Family Field,Roof Closed,68,Final
2025-04-06,08:15,Atlanta Braves,Miami Marlins,0,4,Truist Park,Partly Cloudy,86,Final
2025-04-06,09:10,Colorado Rockies,Athletics,4,7,Coors Field,Clear,41,Final
2025-04-06,10:05,San Francisco Giants,Seattle Mariners,4,1,Oracle Park,Clear,66,Final
2025-04-06,10:38,Los Angeles Angels,Cleveland Guardians,10,4,Angel Stadium,Clear,75,Final
2025-04-06,05:10,Boston Red Sox,St. Louis Cardinals,0,0,Fenway Park,Overcast,47,Final
2025-04-07,02:35,Washington Nationals,Arizona Diamondbacks,5,4,Nationals Park,Overcast,59,Final
2025-04-07,02:35,Boston Red Sox,St. Louis Cardinals,5,4,Fenway Park,Overcast,47,Final
2025-04-07,08:10,Boston Red Sox,St. Louis Cardinals,18,7,Fenway Park,Partly Cloudy,53,Final
2025-04-07,02:35,Philadelphia Phillies,Los Angeles Dodgers,8,7,Citizens Bank Park,Cloudy,56,Final
2025-04-07,02:35,Pittsburgh Pirates,New York Yankees,5,4,PNC Park,Overcast,41,Final
2025-04-07,02:40,New York Mets,Toronto Blue Jays,2,1,Citi Field,Cloudy,52,Final
2025-04-07,02:40,Detroit Tigers,Chicago White Sox,4,3,Comerica Park,Partly Cloudy,45,Final
2025-04-07,03:10,Kansas City Royals,Baltimore Orioles,4,1,Kauffman Stadium,Partly Cloudy,50,Final
2025-04-07,03:10,Minnesota Twins,Houston Astros,7,9,Target Field,Sunny,52,Final
2025-04-07,03:10,Milwaukee Brewers,Cincinnati Reds,8,2,American Family Field,Roof Closed,67,Final
2025-04-07,03:20,Chicago Cubs,San Diego Padres,7,8,Wrigley Field,Sunny,44,Final
2025-04-07,03:35,Texas Rangers,Tampa Bay Rays,4,3,Globe Life Field,Roof Closed,74,Final
2025-04-07,04:10,Colorado Rockies,Athletics,12,5,Coors Field,Partly Cloudy,52,Final
2025-04-07,05:05,San Francisco Giants,Seattle Mariners,5,4,Oracle Park,Partly Cloudy,60,Final
2025-04-07,05:07,Los Angeles Angels,Cleveland Guardians,6,2,Angel Stadium,Sunny,81,Final
2025-04-07,02:35,Atlanta Braves,Miami Marlins,0,0,Truist Park,Partly Cloudy,77,Final
2025-04-08,04:10,Detroit Tigers,New York Yankees,6,2,Comerica Park,Cloudy,38,Final
2025-04-08,07:40,Pittsburgh Pirates,St. Louis Cardinals,8,4,PNC Park,Partly Cloudy,55,Final
2025-04-08,07:45,Washington Nationals,Los Angeles Dodgers,6,4,Nationals Park,Cloudy,45,Final
2025-04-08,07:45,Boston Red Sox,Toronto Blue Jays,2,6,Fenway Park,Overcast,38,Final
2025-04-08,08:10,New York Mets,Miami Marlins,2,0,Citi Field,Cloudy,42,Final
2025-04-08,08:40,Chicago Cubs,Texas Rangers,7,0,Wrigley Field,Cloudy,34,Final
2025-04-08,08:40,Kansas City Royals,Minnesota Twins,4,2,Kauffman Stadium,Clear,52,Final
2025-04-08,10:40,Arizona Diamondbacks,Baltimore Orioles,1,5,Chase Field,Partly Cloudy,82,Final
2025-04-08,10:40,Seattle Mariners,Houston Astros,4,3,T-Mobile Park,Roof Closed,52,Final
2025-04-08,10:45,San Francisco Giants,Cincinnati Reds,0,2,Oracle Park,Partly Cloudy,56,Final
2025-04-08,11:05,Athletics,San Diego Padres,4,5,Sutter Health Park,Partly Cloudy,67,Final
2025-04-09,02:10,Detroit Tigers,New York Yankees,5,0,Comerica Park,Sunny,34,Final
2025-04-09,05:10,Cleveland Guardians,Chicago White Sox,1,0,Progressive Field,Partly Cloudy,35,Final
2025-04-09,05:10,New York Mets,Miami Marlins,10,5,Citi Field,Partly Cloudy,43,Final
2025-04-09,07:40,Pittsburgh Pirates,St. Louis Cardinals,3,5,PNC Park,Partly Cloudy,38,Final
2025-04-09,07:45,Washington Nationals,Los Angeles Dodgers,8,2,Nationals Park,Clear,46,Final
2025-04-09,07:45,Boston Red Sox,Toronto Blue Jays,1,6,Fenway Park,Partly Cloudy,35,Final
2025-04-09,08:05,Tampa Bay Rays,Los Angeles Angels,3,4,George M. Steinbrenner Field,Partly Cloudy,66,Final
2025-04-09,08:15,Atlanta Braves,Philadelphia Phillies,7,5,Truist Park,Clear,60,Final
2025-04-09,08:40,Chicago Cubs,Texas Rangers,10,6,Wrigley Field,Clear,35,Final
2025-04-09,08:40,Kansas City Royals,Minnesota Twins,2,1,Kauffman Stadium,Clear,58,Final
2025-04-09,09:40,Colorado Rockies,Milwaukee Brewers,1,7,Coors Field,Cloudy,71,Final
2025-04-09,10:40,Arizona Diamondbacks,Baltimore Orioles,4,3,Chase Field,Clear,85,Final
2025-04-09,10:40,Seattle Mariners,Houston Astros,1,2,T-Mobile Park,Roof Closed,50,Final
2025-04-09,10:45,San Francisco Giants,Cincinnati Reds,0,1,Oracle Park,Clear,59,Final
2025-04-09,11:05,Athletics,San Diego Padres,10,4,Sutter Health Park,Clear,71,Final
2025-04-10,01:35,Pittsburgh Pirates,St. Louis Cardinals,2,1,PNC Park,Sunny,39,Final
2025-04-10,02:10,New York Mets,Miami Marlins,0,5,Citi Field,Sunny,44,Final
2025-04-10,02:10,Detroit Tigers,New York Yankees,3,4,Comerica Park,Cloudy,42,Final
2025-04-10,03:20,Chicago Cubs,Texas Rangers,2,6,Wrigley Field,Overcast,40,Final
2025-04-10,04:35,Athletics,San Diego Padres,1,2,Sutter Health Park,Sunny,75,Final
2025-04-10,04:40,Arizona Diamondbacks,Baltimore Orioles,9,0,Chase Field,Roof Closed,78,Final
2025-04-10,04:45,San Francisco Giants,Cincinnati Reds,8,6,Oracle Park,Sunny,65,Final
2025-04-10,05:05,Washington Nationals,Los Angeles Dodgers,5,6,Nationals Park,Sunny,52,Final
2025-04-10,05:10,Seattle Mariners,Houston Astros,7,6,T-Mobile Park,Partly Cloudy,52,Final
2025-04-10,07:10,Cleveland Guardians,Chicago White Sox,3,2,Progressive Field,Cloudy,44,Final
2025-04-10,07:45,Boston Red Sox,Toronto Blue Jays,1,2,Fenway Park,Clear,46,Final
2025-04-10,08:05,Tampa Bay Rays,Los Angeles Angels,5,4,George M. Steinbrenner Field,Clear,73,Final
2025-04-10,08:15,Atlanta Braves,Philadelphia Phillies,3,4,Truist Park,Clear,67,Final
2025-04-10,08:40,Kansas City Royals,Minnesota Twins,0,4,Kauffman Stadium,Partly Cloudy,74,Final
2025-04-10,09:40,Colorado Rockies,Milwaukee Brewers,2,17,Coors Field,Clear,71,Final
2025-04-11,02:10,Tampa Bay Rays,Los Angeles Angels,1,11,George M. Steinbrenner Field,Partly Cloudy,75,Final
2025-04-11,02:10,Cleveland Guardians,Chicago White Sox,6,1,Progressive Field,Cloudy,44,Final
2025-04-11,03:10,Kansas City Royals,Minnesota Twins,3,2,Kauffman Stadium,Sunny,67,Final
2025-04-11,04:10,Colorado Rockies,Milwaukee Brewers,7,2,Coors Field,Sunny,64,Final
2025-04-11,05:10,Boston Red Sox,Toronto Blue Jays,4,3,Fenway Park,Cloudy,49,Final
2025-04-11,08:15,Atlanta Braves,Philadelphia Phillies,4,2,Truist Park,Overcast,74,Final
2025-04-12,07:10,Cleveland Guardians,Kansas City Royals,7,0,Progressive Field,Cloudy,42,Final
2025-04-12,07:40,Cincinnati Reds,Pittsburgh Pirates,5,3,Great American Ball Park,Cloudy,48,Final
2025-04-12,08:05,Tampa Bay Rays,Atlanta Braves,6,3,George M. Steinbrenner Field,Clear,73,Final
2025-04-12,08:05,New York Yankees,San Francisco Giants,1,9,Yankee Stadium,Rain,44,Final
2025-04-12,08:10,Miami Marlins,Washington Nationals,4,7,loanDepot park,Clear,79,Final
2025-04-12,08:40,Chicago White Sox,Boston Red Sox,11,1,Rate Field,Clear,48,Final
2025-04-12,09:10,Houston Astros,Los Angeles Angels,14,3,Daikin Park,Roof Closed,73,Final
2025-04-12,09:10,Minnesota Twins,Detroit Tigers,6,7,Target Field,Partly Cloudy,54,Final
2025-04-12,09:15,St. Louis Cardinals,Philadelphia Phillies,2,0,Busch Stadium,Partly Cloudy,54,Final
2025-04-12,10:40,San Diego Padres,Colorado Rockies,8,0,Petco Park,Partly Cloudy,70,Final
2025-04-12,10:40,Seattle Mariners,Texas Rangers,5,3,T-Mobile Park,Partly Cloudy,52,Final
2025-04-12,10:40,Arizona Diamondbacks,Milwaukee Brewers,0,7,Chase Field,Roof Closed,76,Final
2025-04-12,11:05,Athletics,New York Mets,6,7,Sutter Health Park,Partly Cloudy,73,Final
2025-04-12,11:10,Los Angeles Dodgers,Chicago Cubs,3,0,Dodger Stadium,Clear,73,Final
2025-04-12,08:05,Baltimore Orioles,Toronto Blue Jays,0,0,Oriole Park at Camden Yards,Partly Cloudy,97,Final
2025-04-13,03:10,Minnesota Twins,Detroit Tigers,0,4,Target Field,Cloudy,60,Final
2025-04-13,03:15,St. Louis Cardinals,Philadelphia Phillies,1,4,Busch Stadium,Sunny,60,Final
2025-04-13,04:05,New York Yankees,San Francisco Giants,8,4,Yankee Stadium,Drizzle,41,Final
2025-04-13,05:05,Athletics,New York Mets,3,1,Sutter Health Park,Sunny,69,Final
2025-04-13,05:05,Baltimore Orioles,Toronto Blue Jays,5,4,Oriole Park at Camden Yards,Cloudy,52,Final
2025-04-13,05:10,Tampa Bay Rays,Atlanta Braves,4,5,George M. Steinbrenner Field,Sunny,73,Final
2025-04-13,05:10,Chicago White Sox,Boston Red Sox,3,2,Rate Field,Sunny,57,Final
2025-04-13,05:10,Miami Marlins,Washington Nationals,7,6,loanDepot park,Sunny,82,Final
2025-04-13,07:10,Cleveland Guardians,Kansas City Royals,6,3,Progressive Field,Clear,46,Final
2025-04-13,07:40,Cincinnati Reds,Pittsburgh Pirates,5,2,Great American Ball Park,Clear,58,Final
2025-04-13,08:10,Houston Astros,Los Angeles Angels,1,4,Daikin Park,Roof Closed,73,Final
2025-04-13,09:10,Arizona Diamondbacks,Milwaukee Brewers,5,4,Chase Field,Roof Closed,76,Final
2025-04-13,09:40,San Diego Padres,Colorado Rockies,2,0,Petco Park,Cloudy,63,Final
2025-04-13,10:10,Los Angeles Dodgers,Chicago Cubs,0,16,Dodger Stadium,Partly Cloudy,68,Final
2025-04-13,10:40,Seattle Mariners,Texas Rangers,9,2,T-Mobile Park,Partly Cloudy,55,Final
2025-04-14,02:35,Baltimore Orioles,Toronto Blue Jays,6,7,Oriole Park at Camden Yards,Partly Cloudy,61,Final
2025-04-14,02:35,New York Yankees,San Francisco Giants,4,5,Yankee Stadium,Cloudy,54,Final
2025-04-14,02:40,Cleveland Guardians,Kansas City Royals,2,4,Progressive Field,Partly Cloudy,57,Final
2025-04-14,02:40,Cincinnati Reds,Pittsburgh Pirates,4,0,Great American Ball Park,Cloudy,60,Final
2025-04-14,02:40,Tampa Bay Rays,Atlanta Braves,8,3,George M. Steinbrenner Field,Sunny,75,Final
2025-04-14,02:40,Miami Marlins,Washington Nationals,11,4,loanDepot park,Sunny,79,Final
2025-04-14,03:10,Houston Astros,Los Angeles Angels,7,3,Daikin Park,Roof Closed,73,Final
2025-04-14,03:10,Minnesota Twins,Detroit Tigers,5,1,Target Field,Partly Cloudy,64,Final
2025-04-14,03:10,Chicago White Sox,Boston Red Sox,1,3,Rate Field,Cloudy,63,Final
2025-04-14,03:15,St. Louis Cardinals,Philadelphia Phillies,7,0,Busch Stadium,Sunny,73,Final
2025-04-14,05:05,Athletics,New York Mets,0,8,Sutter Health Park,Sunny,79,Final
2025-04-14,05:10,San Diego Padres,Colorado Rockies,6,0,Petco Park,Sunny,64,Final
2025-04-14,05:10,Seattle Mariners,Texas Rangers,3,1,T-Mobile Park,Sunny,54,Final
2025-04-14,05:10,Arizona Diamondbacks,Milwaukee Brewers,5,2,Chase Field,Roof Closed,76,Final
2025-04-14,08:10,Los Angeles Dodgers,Chicago Cubs,2,4,Dodger Stadium,Sunny,73,Final
2025-04-15,07:40,Pittsburgh Pirates,Washington Nationals,10,3,PNC Park,Cloudy,75,Final
2025-04-15,07:45,Philadelphia Phillies,San Francisco Giants,4,10,Citizens Bank Park,Partly Cloudy,68,Final
2025-04-15,08:05,Tampa Bay Rays,Boston Red Sox,16,1,George M. Steinbrenner Field,Clear,78,Final
2025-04-15,08:05,New York Yankees,Kansas City Royals,4,1,Yankee Stadium,Cloudy,59,Final
2025-04-15,08:07,Toronto Blue Jays,Atlanta Braves,4,8,Rogers Centre,Roof Closed,68,Final
2025-04-15,08:40,Minnesota Twins,New York Mets,1,5,Target Field,Cloudy,48,Final
2025-04-15,08:40,Milwaukee Brewers,Detroit Tigers,1,9,American Family Field,Roof Closed,64,Final
2025-04-15,08:45,St. Louis Cardinals,Houston Astros,8,3,Busch Stadium,Cloudy,63,Final
2025-04-15,10:40,San Diego Padres,Chicago Cubs,10,4,Petco Park,Clear,63,Final
2025-04-15,11:10,Los Angeles Dodgers,Colorado Rockies,5,3,Dodger Stadium,Clear,59,Final
2025-04-16,07:40,Pittsburgh Pirates,Washington Nationals,0,3,PNC Park,Cloudy,46,Final
2025-04-16,07:40,Cincinnati Reds,Seattle Mariners,8,4,Great American Ball Park,Partly Cloudy,53,Final
2025-04-16,07:40,Miami Marlins,Arizona Diamondbacks,4,10,loanDepot park,Clear,79,Final
2025-04-16,07:45,Philadelphia Phillies,San Francisco Giants,6,4,Citizens Bank Park,Partly Cloudy,56,Final
2025-04-16,08:05,Baltimore Orioles,Cleveland Guardians,3,6,Oriole Park at Camden Yards,Partly Cloudy,59,Final
2025-04-16,08:05,Tampa Bay Rays,Boston Red Sox,4,7,George M. Steinbrenner Field,Clear,75,Final
2025-04-16,08:05,New York Yankees,Kansas City Royals,4,2,Yankee Stadium,Clear,55,Final
2025-04-16,08:07,Toronto Blue Jays,Atlanta Braves,6,3,Rogers Centre,Roof Closed,68,Final
2025-04-16,08:40,Minnesota Twins,New York Mets,6,3,Target Field,Clear,53,Final
2025-04-16,08:40,Chicago White Sox,Athletics,3,12,Rate Field,Partly Cloudy,54,Final
2025-04-16,08:40,Milwaukee Brewers,Detroit Tigers,5,0,American Family Field,Roof Closed,64,Final
2025-04-16,08:45,St. Louis Cardinals,Houston Astros,0,2,Busch Stadium,Clear,62,Final
2025-04-16,09:05,Texas Rangers,Los Angeles Angels,4,0,Globe Life Field,Clear,74,Final
2025-04-16,10:40,San Diego Padres,Chicago Cubs,1,2,Petco Park,Clear,62,Final
2025-04-16,11:10,Los Angeles Dodgers,Colorado Rockies,6,2,Dodger Stadium,Partly Cloudy,60,Final
2025-04-17,02:07,Toronto Blue Jays,Atlanta Braves,3,1,Rogers Centre,Roof Closed,68,Final
2025-04-17,02:10,Minnesota Twins,New York Mets,4,3,Target Field,Partly Cloudy,53,Final
2025-04-17,02:10,Milwaukee Brewers,Detroit Tigers,5,1,American Family Field,Roof Closed,66,Final
2025-04-17,02:15,St. Louis Cardinals,Houston Astros,4,1,Busch Stadium,Sunny,66,Final
2025-04-17,05:10,San Diego Padres,Chicago Cubs,4,2,Petco Park,Partly Cloudy,65,Final
2025-04-17,07:35,Baltimore Orioles,Cleveland Guardians,9,1,Oriole Park at Camden Yards,Clear,55,Final
2025-04-17,07:40,Pittsburgh Pirates,Washington Nationals,6,1,PNC Park,Clear,52,Final
2025-04-17,07:40,Cincinnati Reds,Seattle Mariners,3,5,Great American Ball Park,Partly Cloudy,58,Final
2025-04-17,07:40,Miami Marlins,Arizona Diamondbacks,2,6,loanDepot park,Clear,78,Final
2025-04-17,07:45,Philadelphia Phillies,San Francisco Giants,4,11,Citizens Bank Park,Partly Cloudy,53,Final
2025-04-17,08:05,Tampa Bay Rays,Boston Red Sox,0,1,George M. Steinbrenner Field,Clear,76,Final
2025-04-17,08:05,New York Yankees,Kansas City Royals,4,3,Yankee Stadium,Partly Cloudy,48,Final
2025-04-17,08:40,Chicago White Sox,Athletics,1,3,Rate Field,Partly Cloudy,42,Final
2025-04-17,09:05,Texas Rangers,Los Angeles Angels,3,1,Globe Life Field,Roof Closed,74,Final
2025-04-17,11:10,Los Angeles Dodgers,Colorado Rockies,8,7,Dodger Stadium,Partly Cloudy,59,Final
2025-04-18,01:10,Miami Marlins,Arizona Diamondbacks,4,6,loanDepot park,Partly Cloudy,78,Final
2025-04-18,01:35,Pittsburgh Pirates,Washington Nationals,1,0,PNC Park,Sunny,47,Final
2025-04-18,01:40,Cincinnati Reds,Seattle Mariners,7,11,Great American Ball Park,Partly Cloudy,62,Final
2025-04-18,03:10,Chicago White Sox,Athletics,0,8,Rate Field,Cloudy,64,Final
2025-04-18,05:05,Philadelphia Phillies,San Francisco Giants,6,4,Citizens Bank Park,Sunny,62,Final
2025-04-18,07:35,Baltimore Orioles,Cleveland Guardians,6,2,Oriole Park at Camden Yards,Clear,65,Final
2025-04-18,07:40,Detroit Tigers,Kansas City Royals,6,1,Comerica Park,Partly Cloudy,60,Final
2025-04-18,08:05,Tampa Bay Rays,New York Yankees,3,6,George M. Steinbrenner Field,Clear,84,Final
2025-04-18,08:10,New York Mets,St. Louis Cardinals,4,1,Citi Field,Partly Cloudy,59,Final
2025-04-18,09:05,Texas Rangers,Los Angeles Angels,5,3,Globe Life Field,Roof Closed,74,Final
2025-04-19,03:20,Chicago Cubs,Arizona Diamondbacks,13,11,Wrigley Field,Cloudy,74,Final
2025-04-19,07:40,Detroit Tigers,Kansas City Royals,7,3,Comerica Park,Partly Cloudy,79,Final
2025-04-19,07:40,Pittsburgh Pirates,Cleveland Guardians,7,10,PNC Park,Partly Cloudy,84,Final
2025-04-19,07:45,Philadelphia Phillies,Miami Marlins,7,2,Citizens Bank Park,Partly Cloudy,67,Final
2025-04-19,08:05,Baltimore Orioles,Cincinnati Reds,3,8,Oriole Park at Camden Yards,Partly Cloudy,72,Final
2025-04-19,08:05,Tampa Bay Rays,New York Yankees,0,1,George M. Steinbrenner Field,Clear,87,Final
2025-04-19,08:07,Toronto Blue Jays,Seattle Mariners,3,1,Rogers Centre,Roof Closed,68,Final
2025-04-19,08:10,New York Mets,St. Louis Cardinals,5,4,Citi Field,Partly Cloudy,57,Final
2025-04-19,08:10,Boston Red Sox,Chicago White Sox,10,3,Fenway Park,Overcast,61,Final
2025-04-19,08:15,Atlanta Braves,Minnesota Twins,6,4,Truist Park,Clear,83,Final
2025-04-19,09:05,Texas Rangers,Los Angeles Dodgers,0,3,Globe Life Field,Roof Closed,74,Final
2025-04-19,09:10,Houston Astros,San Diego Padres,6,4,Daikin Park,Clear,73,Final
2025-04-19,09:10,Milwaukee Brewers,Athletics,5,3,American Family Field,Roof Closed,66,Final
2025-04-19,10:38,Los Angeles Angels,San Francisco Giants,2,0,Angel Stadium,Cloudy,60,Final
2025-04-19,09:40,Colorado Rockies,Washington Nationals,0,0,Coors Field,Partly Cloudy,61,Final
2025-04-20,02:05,Philadelphia Phillies,Miami Marlins,11,10,Citizens Bank Park,Partly Cloudy,75,Final
2025-04-20,02:10,Detroit Tigers,Kansas City Royals,3,1,Comerica Park,Cloudy,62,Final
2025-04-20,03:20,Chicago Cubs,Arizona Diamondbacks,6,2,Wrigley Field,Cloudy,49,Final
2025-04-20,04:07,Toronto Blue Jays,Seattle Mariners,4,8,Rogers Centre,Roof Closed,68,Final
2025-04-20,05:05,Baltimore Orioles,Cincinnati Reds,9,5,Oriole Park at Camden Yards,Overcast,80,Final
2025-04-20,05:05,Pittsburgh Pirates,Cleveland Guardians,0,3,PNC Park,Partly Cloudy,83,Final
2025-04-20,05:05,New York Mets,St. Louis Cardinals,3,0,Citi Field,Partly Cloudy,83,Final
2025-04-20,05:05,Texas Rangers,Los Angeles Dodgers,4,3,Globe Life Field,Roof Closed,74,Final
2025-04-20,05:10,Colorado Rockies,Washington Nationals,11,12,Coors Field,Partly Cloudy,45,Final
2025-04-20,05:10,Boston Red Sox,Chicago White Sox,4,3,Fenway Park,Sunny,83,Final
2025-04-20,05:10,Tampa Bay Rays,New York Yankees,10,8,George M. Steinbrenner Field,Sunny,89,Final
2025-04-20,08:10,Houston Astros,San Diego Padres,3,2,Daikin Park,Roof Closed,73,Final
2025-04-20,08:10,Milwaukee Brewers,Athletics,1,3,American Family Field,Roof Closed,64,Final
2025-04-20,08:15,Atlanta Braves,Minnesota Twins,4,3,Truist Park,Partly Cloudy,83,Final
2025-04-20,10:38,Los Angeles Angels,San Francisco Giants,2,3,Angel Stadium,Clear,69,Final
2025-04-21,02:35,Baltimore Orioles,Cincinnati Reds,2,24,Oriole Park at Camden Yards,Partly Cloudy,72,Final
2025-04-21,02:35,Pittsburgh Pirates,Cleveland Guardians,4,5,PNC Park,Partly Cloudy,58,Final
2025-04-21,02:35,Atlanta Braves,Minnesota Twins,6,2,Truist Park,Partly Cloudy,80,Final
2025-04-21,02:35,Boston Red Sox,Chicago White Sox,4,8,Fenway Park,Sunny,59,Final
2025-04-21,02:35,Philadelphia Phillies,Miami Marlins,5,7,Citizens Bank Park,Partly Cloudy,68,Final
2025-04-21,02:37,Toronto Blue Jays,Seattle Mariners,3,8,Rogers Centre,Roof Closed,68,Final
2025-04-21,02:40,Detroit Tigers,Kansas City Royals,3,4,Comerica Park,Sunny,53,Final
2025-04-21,02:40,New York Mets,St. Louis Cardinals,7,4,Citi Field,Sunny,64,Final
2025-04-21,02:40,Tampa Bay Rays,New York Yankees,0,4,George M. Steinbrenner Field,Partly Cloudy,84,Final
2025-04-21,03:10,Milwaukee Brewers,Athletics,14,1,American Family Field,Roof Closed,63,Final
2025-04-21,03:20,Chicago Cubs,Arizona Diamondbacks,2,3,Wrigley Field,Overcast,50,Final
2025-04-21,03:35,Texas Rangers,Los Angeles Dodgers,0,1,Globe Life Field,Roof Closed,74,Final
2025-04-21,04:10,Colorado Rockies,Washington Nationals,2,3,Coors Field,Cloudy,58,Final
2025-04-21,09:10,Colorado Rockies,Washington Nationals,3,1,Coors Field,Partly Cloudy,61,Final
2025-04-21,05:07,Los Angeles Angels,San Francisco Giants,5,4,Angel Stadium,Sunny,75,Final
2025-04-21,08:10,Houston Astros,San Diego Padres,2,3,Daikin Park,Roof Closed,73,Final
2025-04-22,00:10,Boston Red Sox,Chicago White Sox,4,2,Fenway Park,Partly Cloudy,53,Final
2025-04-22,07:10,Cleveland Guardians,New York Yankees,6,4,Progressive Field,Partly Cloudy,68,Final
2025-04-22,07:40,Detroit Tigers,San Diego Padres,6,4,Comerica Park,Clear,63,Final
2025-04-22,07:40,Miami Marlins,Cincinnati Reds,6,3,loanDepot park,Partly Cloudy,79,Final
2025-04-22,08:10,New York Mets,Philadelphia Phillies,5,4,Citi Field,Cloudy,54,Final
2025-04-22,08:15,Atlanta Braves,St. Louis Cardinals,7,6,Truist Park,Partly Cloudy,79,Final
2025-04-22,09:10,Houston Astros,Toronto Blue Jays,7,0,Daikin Park,Roof Closed,73,Final
2025-04-22,10:45,San Francisco Giants,Milwaukee Brewers,5,2,Oracle Park,Clear,62,Final
2025-04-23,07:10,Cleveland Guardians,New York Yankees,3,2,Progressive Field,Clear,56,Final
2025-04-23,07:40,Detroit Tigers,San Diego Padres,0,2,Comerica Park,Clear,65,Final
2025-04-23,07:40,Miami Marlins,Cincinnati Reds,4,3,loanDepot park,Partly Cloudy,79,Final
2025-04-23,07:45,Washington Nationals,Baltimore Orioles,7,0,Nationals Park,Partly Cloudy,77,Final
2025-04-23,07:45,Boston Red Sox,Seattle Mariners,8,3,Fenway Park,Clear,56,Final
2025-04-23,08:10,New York Mets,Philadelphia Phillies,5,1,Citi Field,Cloudy,73,Final
2025-04-23,08:15,Atlanta Braves,St. Louis Cardinals,4,10,Truist Park,Partly Cloudy,70,Final
2025-04-23,08:40,Kansas City Royals,Colorado Rockies,4,3,Kauffman Stadium,Clear,81,Final
2025-04-23,08:40,Chicago Cubs,Los Angeles Dodgers,11,10,Wrigley Field,Partly Cloudy,71,Final
2025-04-23,08:40,Minnesota Twins,Chicago White Sox,4,2,Target Field,Clear,69,Final
2025-04-23,09:10,Houston Astros,Toronto Blue Jays,5,1,Daikin Park,Roof Closed,73,Final
2025-04-23,10:38,Los Angeles Angels,Pittsburgh Pirates,3,9,Angel Stadium,Clear,64,Final
2025-04-23,10:40,Arizona Diamondbacks,Tampa Bay Rays,5,1,Chase Field,Clear,88,Final
2025-04-23,10:45,San Francisco Giants,Milwaukee Brewers,3,11,Oracle Park,Partly Cloudy,56,Final
2025-04-23,11:05,Athletics,Texas Rangers,5,8,Sutter Health Park,Clear,71,Final
2025-04-24,01:15,Atlanta Braves,St. Louis Cardinals,4,1,Truist Park,Partly Cloudy,76,Final
2025-04-24,02:10,Detroit Tigers,San Diego Padres,6,0,Comerica Park,Sunny,73,Final
2025-04-24,02:10,New York Mets,Philadelphia Phillies,4,3,Citi Field,Sunny,70,Final
2025-04-24,02:10,Miami Marlins,Cincinnati Reds,2,5,loanDepot park,Partly Cloudy,78,Final
2025-04-24,02:10,Cleveland Guardians,New York Yankees,1,5,Progressive Field,Sunny,71,Final
2025-04-24,07:45,Washington Nationals,Baltimore Orioles,4,3,Nationals Park,Clear,75,Final
2025-04-24,07:45,Boston Red Sox,Seattle Mariners,5,8,Fenway Park,Clear,70,Final
2025-04-24,08:00,Chicago Cubs,Los Angeles Dodgers,7,6,Wrigley Field,Clear,66,Final
2025-04-24,08:40,Houston Astros,Toronto Blue Jays,3,1,Daikin Park,Roof Closed,73,Final
2025-04-24,08:40,Minnesota Twins,Chicago White Sox,6,3,Target Field,Partly Cloudy,66,Final
2025-04-24,10:38,Los Angeles Angels,Pittsburgh Pirates,0,3,Angel Stadium,Cloudy,61,Final
2025-04-24,10:40,Arizona Diamondbacks,Tampa Bay Rays,6,7,Chase Field,Clear,87,Final
2025-04-24,10:45,San Francisco Giants,Milwaukee Brewers,4,2,Oracle Park,Cloudy,54,Final
2025-04-24,11:05,Athletics,Texas Rangers,5,2,Sutter Health Park,Clear,65,Final
2025-04-24,08:40,Kansas City Royals,Colorado Rockies,0,0,Kauffman Stadium,Cloudy,76,Final
2025-04-25,02:10,Minnesota Twins,Chicago White Sox,0,3,Target Field,Overcast,52,Final
2025-04-25,02:35,Boston Red Sox,Seattle Mariners,3,4,Fenway Park,Sunny,68,Final
2025-04-25,03:10,Kansas City Royals,Colorado Rockies,7,4,Kauffman Stadium,Partly Cloudy,71,Final
2025-04-25,03:15,Kansas City Royals,Colorado Rockies,6,2,Kauffman Stadium,Cloudy,76,Final
2025-04-25,04:45,San Francisco Giants,Milwaukee Brewers,6,5,Oracle Park,Overcast,54,Final
2025-04-25,07:45,Washington Nationals,Baltimore Orioles,1,2,Nationals Park,Clear,75,Final
2025-04-25,10:29,Los Angeles Angels,Pittsburgh Pirates,4,3,Angel Stadium,Clear,63,Final
2025-04-25,10:40,Arizona Diamondbacks,Tampa Bay Rays,4,7,Chase Field,Clear,85,Final
2025-04-25,11:05,Athletics,Texas Rangers,4,3,Sutter Health Park,Cloudy,57,Final
2025-04-26,03:20,Chicago Cubs,Philadelphia Phillies,4,0,Wrigley Field,Overcast,45,Final
2025-04-26,07:45,Washington Nationals,New York Mets,5,4,Nationals Park,Partly Cloudy,73,Final
2025-04-26,08:05,New York Yankees,Toronto Blue Jays,2,4,Yankee Stadium,Partly Cloudy,68,Final
2025-04-26,08:40,Kansas City Royals,Houston Astros,2,0,Kauffman Stadium,Partly Cloudy,63,Final
2025-04-26,08:40,Minnesota Twins,Los Angeles Angels,11,4,Target Field,Partly Cloudy,57,Final
2025-04-26,09:15,St. Louis Cardinals,Milwaukee Brewers,3,2,Busch Stadium,Partly Cloudy,72,Final
2025-04-26,09:40,Colorado Rockies,Cincinnati Reds,7,8,Coors Field,Overcast,43,Final
2025-04-26,10:40,San Diego Padres,Tampa Bay Rays,0,1,Petco Park,Partly Cloudy,62,Final
2025-04-26,10:40,Arizona Diamondbacks,Atlanta Braves,2,8,Chase Field,Clear,88,Final
2025-04-26,10:40,Seattle Mariners,Miami Marlins,4,8,T-Mobile Park,Partly Cloudy,67,Final
2025-04-26,11:05,Athletics,Chicago White Sox,6,5,Sutter Health Park,Partly Cloudy,60,Final
2025-04-26,11:10,Los Angeles Dodgers,Pittsburgh Pirates,0,3,Dodger Stadium,Partly Cloudy,58,Final
2025-04-26,11:15,San Francisco Giants,Texas Rangers,0,2,Oracle Park,Partly Cloudy,55,Final
2025-04-26,07:40,Detroit Tigers,Baltimore Orioles,0,0,Comerica Park,Cloudy,54,Final
2025-04-26,08:10,Cleveland Guardians,Boston Red Sox,0,0,Progressive Field,Cloudy,47,Final
2025-04-27,02:10,Cleveland Guardians,Boston Red Sox,5,4,Progressive Field,Cloudy,47,Final
2025-04-27,07:10,Cleveland Guardians,Boston Red Sox,3,7,Progressive Field,Overcast,48,Final
2025-04-27,02:10,Detroit Tigers,Baltimore Orioles,4,3,Comerica Park,Cloudy,49,Final
2025-04-27,07:10,Detroit Tigers,Baltimore Orioles,6,2,Comerica Park,Cloudy,54,Final
2025-04-27,03:10,Minnesota Twins,Los Angeles Angels,5,1,Target Field,Sunny,58,Final
2025-04-27,03:15,St. Louis Cardinals,Milwaukee Brewers,6,5,Busch Stadium,Cloudy,63,Final
2025-04-27,04:10,Colorado Rockies,Cincinnati Reds,4,6,Coors Field,Sunny,62,Final
2025-04-27,05:05,Washington Nationals,New York Mets,0,2,Nationals Park,Partly Cloudy,73,Final
2025-04-27,05:05,San Francisco Giants,Texas Rangers,3,2,Oracle Park,Partly Cloudy,58,Final
2025-04-27,05:05,Chicago Cubs,Philadelphia Phillies,4,10,Wrigley Field,Sunny,49,Final
2025-04-27,05:05,Athletics,Chicago White Sox,3,10,Sutter Health Park,Cloudy,60,Final
2025-04-27,08:10,Kansas City Royals,Houston Astros,2,0,Kauffman Stadium,Overcast,61,Final
2025-04-27,09:10,Arizona Diamondbacks,Atlanta Braves,7,8,Chase Field,Clear,83,Final
2025-04-27,09:40,San Diego Padres,Tampa Bay Rays,1,4,Petco Park,Partly Cloudy,62,Final
2025-04-27,10:10,Los Angeles Dodgers,Pittsburgh Pirates,8,4,Dodger Stadium,Cloudy,58,Final
2025-04-27,10:40,Seattle Mariners,Miami Marlins,14,0,T-Mobile Park,Clear,63,Final
2025-04-27,02:05,New York Yankees,Toronto Blue Jays,0,0,Yankee Stadium,Partly Cloudy,58,Final
2025-04-28,02:35,Washington Nationals,New York Mets,8,7,Nationals Park,Sunny,64,Final
2025-04-28,02:35,New York Yankees,Toronto Blue Jays,11,2,Yankee Stadium,Partly Cloudy,59,Final
2025-04-28,02:40,New York Yankees,Toronto Blue Jays,5,1,Yankee Stadium,Partly Cloudy,58,Final
2025-04-28,02:40,Cleveland Guardians,Boston Red Sox,3,13,Progressive Field,Sunny,54,Final
2025-04-28,02:40,Detroit Tigers,Baltimore Orioles,7,0,Comerica Park,Sunny,55,Final
2025-04-28,02:40,Minnesota Twins,Los Angeles Angels,5,0,Target Field,Partly Cloudy,60,Final
2025-04-28,03:10,Kansas City Royals,Houston Astros,3,7,Kauffman Stadium,Cloudy,62,Final
2025-04-28,03:15,St. Louis Cardinals,Milwaukee Brewers,1,7,Busch Stadium,Cloudy,61,Final
2025-04-28,04:10,Colorado Rockies,Cincinnati Reds,1,8,Coors Field,Sunny,76,Final
2025-04-28,05:05,San Francisco Giants,Texas Rangers,3,2,Oracle Park,Partly Cloudy,57,Final
2025-04-28,05:05,Athletics,Chicago White Sox,3,2,Sutter Health Park,Cloudy,58,Final
2025-04-28,05:10,Los Angeles Dodgers,Pittsburgh Pirates,9,2,Dodger Stadium,Partly Cloudy,62,Final
2025-04-28,05:10,San Diego Padres,Tampa Bay Rays,2,4,Petco Park,Partly Cloudy,64,Final
2025-04-28,05:10,Arizona Diamondbacks,Atlanta Braves,6,4,Chase Field,Roof Closed,76,Final
2025-04-28,05:10,Seattle Mariners,Miami Marlins,7,6,T-Mobile Park,Overcast,56,Final
2025-04-28,08:10,Chicago Cubs,Philadelphia Phillies,1,3,Wrigley Field,Clear,59,Final
2025-04-29,05:05,Washington Nationals,New York Mets,5,19,Nationals Park,Sunny,75,Final
2025-04-29,07:10,Cleveland Guardians,Minnesota Twins,1,11,Progressive Field,Clear,71,Final
2025-04-29,07:35,Baltimore Orioles,New York Yankees,4,3,Oriole Park at Camden Yards,Clear,73,Final
2025-04-29,07:40,Cincinnati Reds,St. Louis Cardinals,3,1,Great American Ball Park,Clear,81,Final
2025-04-29,09:05,Texas Rangers,Athletics,1,2,Globe Life Field,Roof Closed,74,Final
2025-04-29,09:10,Houston Astros,Detroit Tigers,8,5,Daikin Park,Roof Closed,73,Final
2025-04-29,09:40,Colorado Rockies,Atlanta Braves,3,6,Coors Field,Partly Cloudy,55,Final
2025-04-29,11:10,Los Angeles Dodgers,Miami Marlins,7,6,Dodger Stadium,Clear,62,Final
2025-04-30,07:10,Cleveland Guardians,Minnesota Twins,2,1,Progressive Field,Overcast,65,Final
2025-04-30,07:35,Baltimore Orioles,New York Yankees,3,15,Oriole Park at Camden Yards,Partly Cloudy,83,Final
2025-04-30,07:40,Pittsburgh Pirates,Chicago Cubs,0,9,PNC Park,Overcast,64,Final
2025-04-30,07:45,Philadelphia Phillies,Washington Nationals,7,6,Citizens Bank Park,Partly Cloudy,80,Final
2025-04-30,08:05,Tampa Bay Rays,Kansas City Royals,1,3,George M. Steinbrenner Field,Partly Cloudy,85,Final
2025-04-30,08:07,Toronto Blue Jays,Boston Red Sox,2,10,Rogers Centre,Roof Closed,68,Final
2025-04-30,08:10,New York Mets,Arizona Diamondbacks,8,3,Citi Field,Clear,71,Final
2025-04-30,08:40,Chicago White Sox,Milwaukee Brewers,2,7,Rate Field,Partly Cloudy,63,Final
2025-04-30,09:05,Texas Rangers,Athletics,15,2,Globe Life Field,Roof Closed,74,Final
2025-04-30,09:10,Houston Astros,Detroit Tigers,6,4,Daikin Park,Roof Closed,73,Final
2025-04-30,09:40,Colorado Rockies,Atlanta Braves,2,8,Coors Field,Cloudy,59,Final
2025-04-30,10:40,Seattle Mariners,Los Angeles Angels,5,3,T-Mobile Park,Roof Closed,54,Final
2025-04-30,10:40,San Diego Padres,San Francisco Giants,7,4,Petco Park,Clear,64,Final
2025-04-30,11:10,Los Angeles Dodgers,Miami Marlins,15,2,Dodger Stadium,Clear,62,Final
2025-04-30,07:40,Cincinnati Reds,St. Louis Cardinals,0,0,Great American Ball Park,Partly Cloudy,69,Final
2025-05-01,01:40,Cincinnati Reds,St. Louis Cardinals,0,6,Great American Ball Park,Partly Cloudy,69,Final
2025-05-01,07:40,Cincinnati Reds,St. Louis Cardinals,1,9,Great American Ball Park,Partly Cloudy,77,Final
2025-05-01,03:10,Houston Astros,Detroit Tigers,4,7,Daikin Park,Roof Closed,73,Final
2025-05-01,04:10,Colorado Rockies,Atlanta Braves,2,1,Coors Field,Partly Cloudy,67,Final
2025-05-01,04:10,Los Angeles Dodgers,Miami Marlins,12,7,Dodger Stadium,Cloudy,67,Final
2025-05-01,05:10,Seattle Mariners,Los Angeles Angels,9,3,T-Mobile Park,Partly Cloudy,56,Final
2025-05-01,05:10,San Diego Padres,San Francisco Giants,5,3,Petco Park,Partly Cloudy,65,Final
2025-05-01,07:10,Cleveland Guardians,Minnesota Twins,4,2,Progressive Field,Partly Cloudy,49,Final
2025-05-01,07:35,Baltimore Orioles,New York Yankees,5,4,Oriole Park at Camden Yards,Clear,84,Final
2025-05-01,07:40,Pittsburgh Pirates,Chicago Cubs,4,3,PNC Park,Partly Cloudy,72,Final
2025-05-01,07:45,Philadelphia Phillies,Washington Nationals,7,2,Citizens Bank Park,Clear,78,Final
2025-05-01,08:05,Tampa Bay Rays,Kansas City Royals,0,3,George M. Steinbrenner Field,Clear,87,Final
2025-05-01,08:07,Toronto Blue Jays,Boston Red Sox,7,6,Rogers Centre,Roof Closed,68,Final
2025-05-01,08:10,New York Mets,Arizona Diamondbacks,3,4,Citi Field,Partly Cloudy,71,Final
2025-05-01,08:40,Chicago White Sox,Milwaukee Brewers,4,6,Rate Field,Cloudy,54,Final
2025-05-01,09:05,Texas Rangers,Athletics,1,7,Globe Life Field,Roof Closed,74,Final
2025-05-02,01:35,Pittsburgh Pirates,Chicago Cubs,3,8,PNC Park,Cloudy,81,Final
2025-05-02,01:40,Cincinnati Reds,St. Louis Cardinals,9,1,Great American Ball Park,Cloudy,76,Final
2025-05-02,02:10,New York Mets,Arizona Diamondbacks,2,4,Citi Field,Partly Cloudy,66,Final
2025-05-02,02:10,Tampa Bay Rays,Kansas City Royals,2,8,George M. Steinbrenner Field,Partly Cloudy,82,Final
2025-05-02,02:10,Cleveland Guardians,Minnesota Twins,4,3,Progressive Field,Partly Cloudy,78,Final
2025-05-02,03:10,Chicago White Sox,Milwaukee Brewers,8,0,Rate Field,Overcast,67,Final
2025-05-02,03:35,Texas Rangers,Athletics,0,3,Globe Life Field,Roof Closed,74,Final
2025-05-02,07:45,Philadelphia Phillies,Washington Nationals,2,4,Citizens Bank Park,Cloudy,75,Final
2025-05-02,08:07,Toronto Blue Jays,Boston Red Sox,4,2,Rogers Centre,Roof Closed,68,Final
2025-05-02,10:38,Los Angeles Angels,Detroit Tigers,4,10,Angel Stadium,Partly Cloudy,67,Final
2025-05-02,10:45,San Francisco Giants,Colorado Rockies,3,4,Oracle Park,Partly Cloudy,54,Final
2025-05-03,07:10,Cincinnati Reds,Washington Nationals,6,1,Great American Ball Park,Overcast,67,Final
2025-05-03,07:40,Pittsburgh Pirates,San Diego Padres,4,9,PNC Park,Overcast,61,Final
2025-05-03,07:45,Philadelphia Phillies,Arizona Diamondbacks,3,2,Citizens Bank Park,Partly Cloudy,84,Final
2025-05-03,08:05,Baltimore Orioles,Kansas City Royals,3,0,Oriole Park at Camden Yards,Clear,82,Final
2025-05-03,08:05,New York Yankees,Tampa Bay Rays,3,0,Yankee Stadium,Partly Cloudy,78,Final
2025-05-03,08:07,Toronto Blue Jays,Cleveland Guardians,5,3,Rogers Centre,Roof Closed,68,Final
2025-05-03,08:10,Boston Red Sox,Minnesota Twins,6,1,Fenway Park,Partly Cloudy,64,Final
2025-05-03,08:10,Miami Marlins,Athletics,1,6,loanDepot park,Clear,80,Final
2025-05-03,08:15,Atlanta Braves,Los Angeles Dodgers,1,2,Truist Park,Partly Cloudy,79,Final
2025-05-03,08:40,Chicago White Sox,Houston Astros,7,3,Rate Field,Cloudy,49,Final
2025-05-03,09:05,Texas Rangers,Seattle Mariners,1,13,Globe Life Field,Roof Closed,74,Final
2025-05-03,09:10,Milwaukee Brewers,Chicago Cubs,0,10,American Family Field,Roof Closed,63,Final
2025-05-03,09:15,St. Louis Cardinals,New York Mets,3,9,Busch Stadium,Partly Cloudy,62,Final
2025-05-03,10:38,Los Angeles Angels,Detroit Tigers,1,9,Angel Stadium,Clear,68,Final
2025-05-03,11:15,San Francisco Giants,Colorado Rockies,4,0,Oracle Park,Partly Cloudy,56,Final
2025-05-04,02:05,New York Yankees,Tampa Bay Rays,2,3,Yankee Stadium,Sunny,79,Final
2025-05-04,03:10,Chicago White Sox,Houston Astros,3,8,Rate Field,Partly Cloudy,50,Final
2025-05-04,04:07,Toronto Blue Jays,Cleveland Guardians,3,5,Rogers Centre,Roof Closed,68,Final
2025-05-04,05:05,Pittsburgh Pirates,San Diego Padres,1,2,PNC Park,Overcast,62,Final
2025-05-04,05:05,San Francisco Giants,Colorado Rockies,6,3,Oracle Park,Partly Cloudy,59,Final
2025-05-04,05:10,Boston Red Sox,Minnesota Twins,3,4,Fenway Park,Sunny,82,Final
2025-05-04,05:10,Miami Marlins,Athletics,9,6,loanDepot park,Roof Closed,72,Final
2025-05-04,07:05,Philadelphia Phillies,Arizona Diamondbacks,7,2,Citizens Bank Park,Partly Cloudy,82,Final
2025-05-04,07:40,Cincinnati Reds,Washington Nationals,6,11,Great American Ball Park,Overcast,53,Final
2025-05-04,08:05,Texas Rangers,Seattle Mariners,1,2,Globe Life Field,Clear,73,Final
2025-05-04,08:10,Milwaukee Brewers,Chicago Cubs,2,6,American Family Field,Roof Closed,68,Final
2025-05-04,08:15,Baltimore Orioles,Kansas City Royals,0,4,Oriole Park at Camden Yards,Cloudy,78,Final
2025-05-04,08:15,Atlanta Braves,Los Angeles Dodgers,3,10,Truist Park,Overcast,59,Final
2025-05-04,10:38,Los Angeles Angels,Detroit Tigers,5,2,Angel Stadium,Overcast,61,Final
2025-05-04,03:15,St. Louis Cardinals,New York Mets,0,0,Busch Stadium,Cloudy,63,Final
2025-05-05,02:15,St. Louis Cardinals,New York Mets,6,5,Busch Stadium,Cloudy,58,Final
2025-05-05,07:15,St. Louis Cardinals,New York Mets,5,4,Busch Stadium,Cloudy,63,Final
2025-05-05,02:35,Baltimore Orioles,Kansas City Royals,6,11,Oriole Park at Camden Yards,Cloudy,72,Final
2025-05-05,02:35,Pittsburgh Pirates,San Diego Padres,0,4,PNC Park,Cloudy,63,Final
2025-05-05,02:35,Boston Red Sox,Minnesota Twins,4,5,Fenway Park,Partly Cloudy,72,Final
2025-05-05,02:35,New York Yankees,Tampa Bay Rays,5,7,Yankee Stadium,Cloudy,67,Final
2025-05-05,02:37,Toronto Blue Jays,Cleveland Guardians,4,5,Rogers Centre,Roof Closed,68,Final
2025-05-05,02:40,Miami Marlins,Athletics,2,3,loanDepot park,Roof Closed,72,Final
2025-05-05,03:05,Philadelphia Phillies,Arizona Diamondbacks,9,11,Citizens Bank Park,Overcast,68,Final
2025-05-05,03:10,Chicago White Sox,Houston Astros,5,4,Rate Field,Partly Cloudy,52,Final
2025-05-05,03:10,Milwaukee Brewers,Chicago Cubs,4,0,American Family Field,Roof Closed,64,Final
2025-05-05,03:35,Texas Rangers,Seattle Mariners,8,1,Globe Life Field,Sunny,74,Final
2025-05-05,05:05,San Francisco Giants,Colorado Rockies,9,3,Oracle Park,Sunny,64,Final
2025-05-05,05:07,Los Angeles Angels,Detroit Tigers,1,13,Angel Stadium,Overcast,65,Final
2025-05-05,05:10,Cincinnati Reds,Washington Nationals,1,4,Great American Ball Park,Overcast,59,Final
2025-05-05,08:10,Atlanta Braves,Los Angeles Dodgers,4,3,Truist Park,Partly Cloudy,66,Final
2025-05-06,07:40,Miami Marlins,Los Angeles Dodgers,4,7,loanDepot park,Roof Closed,72,Final
2025-05-06,08:05,New York Yankees,San Diego Padres,3,4,Yankee Stadium,Rain,59,Final
2025-05-06,08:15,Atlanta Braves,Cincinnati Reds,4,0,Truist Park,Partly Cloudy,68,Final
2025-05-06,08:40,Chicago Cubs,San Francisco Giants,9,2,Wrigley Field,Partly Cloudy,54,Final
2025-05-06,08:40,Kansas City Royals,Chicago White Sox,3,0,Kauffman Stadium,Clear,73,Final
2025-05-06,08:40,Milwaukee Brewers,Houston Astros,5,1,American Family Field,Roof Closed,66,Final
2025-05-06,08:45,St. Louis Cardinals,Pittsburgh Pirates,6,3,Busch Stadium,Partly Cloudy,60,Final
2025-05-06,10:40,Arizona Diamondbacks,New York Mets,4,5,Chase Field,Roof Closed,76,Final
2025-05-06,11:05,Athletics,Seattle Mariners,7,6,Sutter Health Park,Clear,83,Final
2025-05-06,07:45,Washington Nationals,Cleveland Guardians,0,0,Nationals Park,Partly Cloudy,70,Final
2025-05-07,04:35,Washington Nationals,Cleveland Guardians,10,9,Nationals Park,Cloudy,70,Final
2025-05-07,04:40,Washington Nationals,Cleveland Guardians,1,9,Nationals Park,Partly Cloudy,70,Final
2025-05-07,07:40,Miami Marlins,Los Angeles Dodgers,5,4,loanDepot park,Roof Closed,72,Final
2025-05-07,07:45,Boston Red Sox,Texas Rangers,1,6,Fenway Park,Rain,60,Final
2025-05-07,08:05,Tampa Bay Rays,Philadelphia Phillies,4,8,George M. Steinbrenner Field,Partly Cloudy,85,Final
2025-05-07,08:05,New York Yankees,San Diego Padres,12,3,Yankee Stadium,Overcast,60,Final
2025-05-07,08:15,Atlanta Braves,Cincinnati Reds,2,1,Truist Park,Partly Cloudy,77,Final
2025-05-07,08:40,Chicago Cubs,San Francisco Giants,5,14,Wrigley Field,Clear,68,Final
2025-05-07,08:40,Minnesota Twins,Baltimore Orioles,9,1,Target Field,Clear,83,Final
2025-05-07,08:40,Kansas City Royals,Chicago White Sox,4,3,Kauffman Stadium,Partly Cloudy,74,Final
2025-05-07,08:40,Milwaukee Brewers,Houston Astros,4,3,American Family Field,Clear,65,Final
2025-05-07,08:45,St. Louis Cardinals,Pittsburgh Pirates,2,1,Busch Stadium,Partly Cloudy,72,Final
2025-05-07,10:38,Los Angeles Angels,Toronto Blue Jays,8,3,Angel Stadium,Overcast,61,Final
2025-05-07,10:40,Arizona Diamondbacks,New York Mets,5,1,Chase Field,Clear,74,Final
2025-05-07,11:05,Athletics,Seattle Mariners,3,5,Sutter Health Park,Clear,83,Final
2025-05-07,09:40,Colorado Rockies,Detroit Tigers,0,0,Coors Field,Clear,70,Final
2025-05-08,01:05,Washington Nationals,Cleveland Guardians,6,8,Nationals Park,Partly Cloudy,72,Final
2025-05-08,02:10,Milwaukee Brewers,Houston Astros,1,9,American Family Field,Roof Closed,63,Final
2025-05-08,02:15,St. Louis Cardinals,Pittsburgh Pirates,5,0,Busch Stadium,Partly Cloudy,69,Final
2025-05-08,03:20,Chicago Cubs,San Francisco Giants,1,3,Wrigley Field,Partly Cloudy,55,Final
2025-05-08,04:35,Athletics,Seattle Mariners,5,6,Sutter Health Park,Sunny,73,Final
2025-05-08,04:40,Arizona Diamondbacks,New York Mets,1,7,Chase Field,Roof Closed,78,Final
2025-05-08,05:40,Miami Marlins,Los Angeles Dodgers,1,10,loanDepot park,Sunny,85,Final
2025-05-08,07:45,Boston Red Sox,Texas Rangers,6,4,Fenway Park,Partly Cloudy,71,Final
2025-05-08,08:05,Tampa Bay Rays,Philadelphia Phillies,0,7,George M. Steinbrenner Field,Partly Cloudy,84,Final
2025-05-08,08:05,New York Yankees,San Diego Padres,4,3,Yankee Stadium,Overcast,70,Final
2025-05-08,08:15,Atlanta Braves,Cincinnati Reds,3,4,Truist Park,Partly Cloudy,68,Final
2025-05-08,08:40,Minnesota Twins,Baltimore Orioles,5,2,Target Field,Partly Cloudy,69,Final
2025-05-08,08:40,Kansas City Royals,Chicago White Sox,2,1,Kauffman Stadium,Overcast,62,Final
2025-05-08,09:40,Colorado Rockies,Detroit Tigers,6,8,Coors Field,Partly Cloudy,54,Final
2025-05-08,10:38,Los Angeles Angels,Toronto Blue Jays,5,4,Angel Stadium,Clear,72,Final
2025-05-09,02:10,Minnesota Twins,Baltimore Orioles,5,2,Target Field,Sunny,62,Final
2025-05-09,02:35,Boston Red Sox,Texas Rangers,5,0,Fenway Park,Partly Cloudy,73,Final
2025-05-09,03:10,Kansas City Royals,Chicago White Sox,10,0,Kauffman Stadium,Partly Cloudy,69,Final
2025-05-09,04:10,Colorado Rockies,Detroit Tigers,2,10,Coors Field,Sunny,64,Final
2025-05-09,04:15,Colorado Rockies,Detroit Tigers,1,11,Coors Field,Clear,70,Final
2025-05-09,08:05,Tampa Bay Rays,Philadelphia Phillies,6,7,George M. Steinbrenner Field,Partly Cloudy,87,Final
2025-05-09,08:15,Atlanta Braves,Cincinnati Reds,5,4,Truist Park,Clear,83,Final
2025-05-09,10:38,Los Angeles Angels,Toronto Blue Jays,5,8,Angel Stadium,Clear,76,Final
2025-05-09,10:40,Arizona Diamondbacks,Los Angeles Dodgers,5,3,Chase Field,Clear,92,Final
2025-05-10,07:40,Detroit Tigers,Texas Rangers,2,1,Comerica Park,Clear,63,Final
2025-05-10,07:40,Pittsburgh Pirates,Atlanta Braves,3,2,PNC Park,Partly Cloudy,61,Final
2025-05-10,07:45,Washington Nationals,St. Louis Cardinals,0,10,Nationals Park,Clear,59,Final
2025-05-10,08:05,Tampa Bay Rays,Milwaukee Brewers,4,3,George M. Steinbrenner Field,Partly Cloudy,82,Final
2025-05-10,08:10,New York Mets,Chicago Cubs,7,2,Citi Field,Cloudy,57,Final
2025-05-10,08:10,Cleveland Guardians,Philadelphia Phillies,6,0,Progressive Field,Clear,56,Final
2025-05-10,08:40,Kansas City Royals,Boston Red Sox,2,1,Kauffman Stadium,Partly Cloudy,73,Final
2025-05-10,08:40,Chicago White Sox,Miami Marlins,6,2,Rate Field,Clear,58,Final
2025-05-10,09:10,Houston Astros,Cincinnati Reds,3,0,Daikin Park,Roof Closed,73,Final
2025-05-10,09:10,Minnesota Twins,San Francisco Giants,3,1,Target Field,Partly Cloudy,84,Final
2025-05-10,09:40,Colorado Rockies,San Diego Padres,9,13,Coors Field,Partly Cloudy,71,Final
2025-05-10,10:38,Los Angeles Angels,Baltimore Orioles,1,4,Angel Stadium,Clear,85,Final
2025-05-10,10:40,Arizona Diamondbacks,Los Angeles Dodgers,11,14,Chase Field,Clear,94,Final
2025-05-10,10:40,Seattle Mariners,Toronto Blue Jays,3,6,T-Mobile Park,Cloudy,64,Final
2025-05-10,11:05,Athletics,New York Yankees,2,10,Sutter Health Park,Clear,91,Final
2025-05-11,05:05,Washington Nationals,St. Louis Cardinals,2,4,Nationals Park,Sunny,73,Final
2025-05-11,05:05,Pittsburgh Pirates,Atlanta Braves,2,3,PNC Park,Sunny,72,Final
2025-05-11,05:05,Athletics,New York Yankees,11,7,Sutter Health Park,Sunny,88,Final
2025-05-11,05:10,Tampa Bay Rays,Milwaukee Brewers,3,2,George M. Steinbrenner Field,Cloudy,84,Final
2025-05-11,07:10,Detroit Tigers,Texas Rangers,3,10,Comerica Park,Clear,70,Final
2025-05-11,07:10,Cleveland Guardians,Philadelphia Phillies,1,7,Progressive Field,Clear,72,Final
2025-05-11,08:10,Houston Astros,Cincinnati Reds,9,13,Daikin Park,Roof Closed,73,Final
2025-05-11,08:10,Kansas City Royals,Boston Red Sox,1,10,Kauffman Stadium,Clear,80,Final
2025-05-11,08:10,Chicago White Sox,Miami Marlins,1,3,Rate Field,Clear,55,Final
2025-05-11,08:15,New York Mets,Chicago Cubs,5,6,Citi Field,Clear,68,Final
2025-05-11,08:15,Minnesota Twins,San Francisco Giants,2,1,Target Field,Partly Cloudy,75,Final
2025-05-11,09:10,Arizona Diamondbacks,Los Angeles Dodgers,3,0,Chase Field,Roof Closed,76,Final
2025-05-11,09:10,Colorado Rockies,San Diego Padres,0,21,Coors Field,Clear,78,Final
2025-05-11,10:38,Los Angeles Angels,Baltimore Orioles,5,2,Angel Stadium,Clear,89,Final
2025-05-11,10:40,Seattle Mariners,Toronto Blue Jays,3,6,T-Mobile Park,Partly Cloudy,64,Final
2025-05-12,01:05,New York Mets,Chicago Cubs,6,2,Citi Field,Sunny,73,Final
2025-05-12,02:35,Washington Nationals,St. Louis Cardinals,1,6,Nationals Park,Partly Cloudy,81,Final
2025-05-12,02:35,Pittsburgh Pirates,Atlanta Braves,4,3,PNC Park,Sunny,72,Final
2025-05-12,02:40,Detroit Tigers,Texas Rangers,1,6,Comerica Park,Sunny,63,Final
2025-05-12,02:40,Tampa Bay Rays,Milwaukee Brewers,2,4,George M. Steinbrenner Field,Overcast,78,Final
2025-05-12,03:10,Houston Astros,Cincinnati Reds,6,0,Daikin Park,Roof Closed,73,Final
2025-05-12,03:10,Kansas City Royals,Boston Red Sox,1,3,Kauffman Stadium,Sunny,79,Final
2025-05-12,03:10,Minnesota Twins,San Francisco Giants,7,6,Target Field,Sunny,85,Final
2025-05-12,03:10,Chicago White Sox,Miami Marlins,4,2,Rate Field,Sunny,64,Final
2025-05-12,04:10,Colorado Rockies,San Diego Padres,9,3,Coors Field,Sunny,82,Final
2025-05-12,05:05,Athletics,New York Yankees,2,12,Sutter Health Park,Sunny,75,Final
2025-05-12,05:07,Los Angeles Angels,Baltimore Orioles,3,7,Angel Stadium,Partly Cloudy,89,Final
2025-05-12,05:10,Arizona Diamondbacks,Los Angeles Dodgers,1,8,Chase Field,Roof Closed,76,Final
2025-05-12,05:10,Seattle Mariners,Toronto Blue Jays,1,9,T-Mobile Park,Cloudy,58,Final
2025-05-12,08:10,Cleveland Guardians,Philadelphia Phillies,0,3,Progressive Field,Clear,61,Final
2025-05-13,07:10,Cleveland Guardians,Milwaukee Brewers,5,0,Progressive Field,Partly Cloudy,71,Final
2025-05-13,07:40,Detroit Tigers,Boston Red Sox,14,2,Comerica Park,Cloudy,78,Final
2025-05-13,07:45,Philadelphia Phillies,St. Louis Cardinals,2,3,Citizens Bank Park,Cloudy,79,Final
2025-05-13,08:10,New York Mets,Pittsburgh Pirates,4,3,Citi Field,Cloudy,67,Final
2025-05-13,08:15,Atlanta Braves,Washington Nationals,4,3,Truist Park,Cloudy,76,Final
2025-05-13,08:40,Chicago Cubs,Miami Marlins,5,2,Wrigley Field,Partly Cloudy,63,Final
2025-05-13,09:05,Texas Rangers,Colorado Rockies,2,1,Globe Life Field,Clear,82,Final
2025-05-13,09:10,Houston Astros,Kansas City Royals,5,7,Daikin Park,Roof Closed,73,Final
2025-05-13,10:40,San Diego Padres,Los Angeles Angels,5,9,Petco Park,Partly Cloudy,64,Final
2025-05-13,10:40,Seattle Mariners,New York Yankees,5,11,T-Mobile Park,Partly Cloudy,62,Final
2025-05-13,10:45,San Francisco Giants,Arizona Diamondbacks,1,2,Oracle Park,Partly Cloudy,58,Final
2025-05-14,07:10,Cleveland Guardians,Milwaukee Brewers,2,0,Progressive Field,Overcast,71,Final
2025-05-14,07:40,Detroit Tigers,Boston Red Sox,10,9,Comerica Park,Cloudy,67,Final
2025-05-14,07:40,Cincinnati Reds,Chicago White Sox,1,5,Great American Ball Park,Overcast,67,Final
2025-05-14,08:07,Toronto Blue Jays,Tampa Bay Rays,9,11,Rogers Centre,Roof Closed,68,Final
2025-05-14,08:10,New York Mets,Pittsburgh Pirates,2,1,Citi Field,Cloudy,65,Final
2025-05-14,08:15,Atlanta Braves,Washington Nationals,5,2,Truist Park,Partly Cloudy,72,Final
2025-05-14,08:40,Chicago Cubs,Miami Marlins,5,4,Wrigley Field,Partly Cloudy,64,Final
2025-05-14,09:05,Texas Rangers,Colorado Rockies,4,1,Globe Life Field,Roof Closed,74,Final
2025-05-14,09:10,Houston Astros,Kansas City Royals,2,1,Daikin Park,Roof Closed,73,Final
2025-05-14,10:40,San Diego Padres,Los Angeles Angels,6,4,Petco Park,Partly Cloudy,64,Final
2025-05-14,10:40,Seattle Mariners,New York Yankees,2,1,T-Mobile Park,Cloudy,62,Final
2025-05-14,10:45,San Francisco Giants,Arizona Diamondbacks,10,6,Oracle Park,Clear,60,Final
2025-05-14,11:10,Los Angeles Dodgers,Athletics,1,11,Dodger Stadium,Clear,65,Final
2025-05-14,07:35,Baltimore Orioles,Minnesota Twins,0,0,Oriole Park at Camden Yards,Partly Cloudy,70,Final
2025-05-14,07:45,Philadelphia Phillies,St. Louis Cardinals,0,0,Citizens Bank Park,Overcast,64,Final
2025-05-15,01:05,Baltimore Orioles,Minnesota Twins,3,6,Oriole Park at Camden Yards,Cloudy,66,Final
2025-05-15,01:10,Baltimore Orioles,Minnesota Twins,6,8,Oriole Park at Camden Yards,Partly Cloudy,70,Final
2025-05-15,02:05,Philadelphia Phillies,St. Louis Cardinals,2,1,Citizens Bank Park,Drizzle,61,Final
2025-05-15,07:15,Philadelphia Phillies,St. Louis Cardinals,7,14,Citizens Bank Park,Overcast,64,Final
2025-05-15,02:10,Cleveland Guardians,Milwaukee Brewers,5,9,Progressive Field,Partly Cloudy,75,Final
2025-05-15,04:45,San Francisco Giants,Arizona Diamondbacks,7,8,Oracle Park,Partly Cloudy,64,Final
2025-05-15,05:10,Seattle Mariners,New York Yankees,2,3,T-Mobile Park,Roof Closed,54,Final
2025-05-15,07:40,Detroit Tigers,Boston Red Sox,6,5,Comerica Park,Partly Cloudy,75,Final
2025-05-15,08:07,Toronto Blue Jays,Tampa Bay Rays,3,1,Rogers Centre,Roof Closed,68,Final
2025-05-15,08:10,New York Mets,Pittsburgh Pirates,0,4,Citi Field,Cloudy,62,Final
2025-05-15,08:14,Cincinnati Reds,Chicago White Sox,2,4,Great American Ball Park,Partly Cloudy,71,Final
2025-05-15,08:15,Atlanta Braves,Washington Nationals,4,5,Truist Park,Partly Cloudy,81,Final
2025-05-15,08:40,Chicago Cubs,Miami Marlins,1,3,Wrigley Field,Partly Cloudy,60,Final
2025-05-15,09:05,Texas Rangers,Colorado Rockies,8,3,Globe Life Field,Roof Closed,74,Final
2025-05-15,09:10,Houston Astros,Kansas City Royals,4,3,Daikin Park,Roof Closed,73,Final
2025-05-15,10:40,San Diego Padres,Los Angeles Angels,5,1,Petco Park,Partly Cloudy,66,Final
2025-05-15,11:10,Los Angeles Dodgers,Athletics,9,3,Dodger Stadium,Clear,65,Final
2025-05-16,01:15,Atlanta Braves,Washington Nationals,5,2,Truist Park,Partly Cloudy,75,Final
2025-05-16,01:35,Baltimore Orioles,Minnesota Twins,0,4,Oriole Park at Camden Yards,Partly Cloudy,73,Final
2025-05-16,01:40,Cincinnati Reds,Chicago White Sox,7,1,Great American Ball Park,Partly Cloudy,82,Final
2025-05-16,04:07,Toronto Blue Jays,Tampa Bay Rays,3,8,Rogers Centre,Sunny,60,Final
2025-05-16,09:05,Texas Rangers,Houston Astros,1,0,Globe Life Field,Roof Closed,74,Final
2025-05-16,11:10,Los Angeles Dodgers,Athletics,19,2,Dodger Stadium,Clear,67,Final
2025-05-17,03:20,Chicago Cubs,Chicago White Sox,13,3,Wrigley Field,Sunny,82,Final
2025-05-17,06:10,Cincinnati Reds,Cleveland Guardians,5,4,Great American Ball Park,Partly Cloudy,80,Final
2025-05-17,07:45,Philadelphia Phillies,Pittsburgh Pirates,8,4,Citizens Bank Park,Partly Cloudy,73,Final
2025-05-17,08:05,Baltimore Orioles,Washington Nationals,3,4,Oriole Park at Camden Yards,Partly Cloudy,74,Final
2025-05-17,08:05,New York Yankees,New York Mets,6,2,Yankee Stadium,Overcast,68,Final
2025-05-17,08:07,Toronto Blue Jays,Detroit Tigers,4,5,Rogers Centre,Clear,65,Final
2025-05-17,08:10,Boston Red Sox,Atlanta Braves,2,4,Fenway Park,Clear,76,Final
2025-05-17,08:10,Miami Marlins,Tampa Bay Rays,9,4,loanDepot park,Clear,85,Final
2025-05-17,08:40,Kansas City Royals,St. Louis Cardinals,3,10,Kauffman Stadium,Clear,77,Final
2025-05-17,09:05,Texas Rangers,Houston Astros,3,6,Globe Life Field,Roof Closed,74,Final
2025-05-17,09:10,Milwaukee Brewers,Minnesota Twins,0,3,American Family Field,Roof Closed,77,Final
2025-05-17,10:40,Arizona Diamondbacks,Colorado Rockies,8,0,Chase Field,Clear,87,Final
2025-05-17,10:40,San Diego Padres,Seattle Mariners,1,5,Petco Park,Partly Cloudy,62,Final
2025-05-17,11:10,Los Angeles Dodgers,Los Angeles Angels,2,6,Dodger Stadium,Partly Cloudy,63,Final
2025-05-17,11:15,San Francisco Giants,Athletics,9,1,Oracle Park,Clear,60,Final
2025-05-18,02:05,New York Yankees,New York Mets,2,3,Yankee Stadium,Sunny,74,Final
2025-05-18,03:20,Chicago Cubs,Chicago White Sox,7,3,Wrigley Field,Cloudy,64,Final
2025-05-18,04:07,Toronto Blue Jays,Detroit Tigers,2,1,Rogers Centre,Roof Closed,68,Final
2025-05-18,05:05,Baltimore Orioles,Washington Nationals,6,10,Oriole Park at Camden Yards,Partly Cloudy,84,Final
2025-05-18,05:10,Miami Marlins,Tampa Bay Rays,0,4,loanDepot park,Roof Closed,72,Final
2025-05-18,07:05,Philadelphia Phillies,Pittsburgh Pirates,5,2,Citizens Bank Park,Clear,84,Final
2025-05-18,07:40,Cincinnati Reds,Cleveland Guardians,4,1,Great American Ball Park,Partly Cloudy,70,Final
2025-05-18,08:05,Texas Rangers,Houston Astros,5,1,Globe Life Field,Roof Closed,74,Final
2025-05-18,08:10,Kansas City Royals,St. Louis Cardinals,0,1,Kauffman Stadium,Clear,79,Final
2025-05-18,08:15,Boston Red Sox,Atlanta Braves,7,6,Fenway Park,Partly Cloudy,74,Final
2025-05-18,08:15,Milwaukee Brewers,Minnesota Twins,0,7,American Family Field,Roof Closed,70,Final
2025-05-18,09:10,Arizona Diamondbacks,Colorado Rockies,12,14,Chase Field,Cloudy,89,Final
2025-05-18,09:40,San Diego Padres,Seattle Mariners,1,4,Petco Park,Partly Cloudy,62,Final
2025-05-18,10:05,San Francisco Giants,Athletics,1,0,Oracle Park,Clear,62,Final
2025-05-18,10:10,Los Angeles Dodgers,Los Angeles Angels,9,11,Dodger Stadium,Overcast,63,Final
2025-05-19,02:05,Texas Rangers,Houston Astros,3,4,Globe Life Field,Roof Closed,74,Final
2025-05-19,02:35,Baltimore Orioles,Washington Nationals,4,10,Oriole Park at Camden Yards,Partly Cloudy,77,Final
2025-05-19,02:35,Philadelphia Phillies,Pittsburgh Pirates,1,0,Citizens Bank Park,Partly Cloudy,74,Final
2025-05-19,02:35,Boston Red Sox,Atlanta Braves,4,10,Fenway Park,Cloudy,68,Final
2025-05-19,02:37,Toronto Blue Jays,Detroit Tigers,2,3,Rogers Centre,Roof Closed,68,Final
2025-05-19,02:40,Cincinnati Reds,Cleveland Guardians,3,1,Great American Ball Park,Partly Cloudy,73,Final
2025-05-19,02:40,Miami Marlins,Tampa Bay Rays,5,1,loanDepot park,Dome,72,Final
2025-05-19,03:10,Kansas City Royals,St. Louis Cardinals,2,1,Kauffman Stadium,Partly Cloudy,77,Final
2025-05-19,03:10,Milwaukee Brewers,Minnesota Twins,5,2,American Family Field,Roof Closed,63,Final
2025-05-19,03:20,Chicago Cubs,Chicago White Sox,6,2,Wrigley Field,Cloudy,54,Final
2025-05-19,05:05,San Francisco Giants,Athletics,3,2,Oracle Park,Sunny,69,Final
2025-05-19,05:10,Arizona Diamondbacks,Colorado Rockies,1,0,Chase Field,Roof Closed,78,Final
2025-05-19,05:10,Los Angeles Dodgers,Los Angeles Angels,4,6,Dodger Stadium,Partly Cloudy,73,Final
2025-05-19,05:10,San Diego Padres,Seattle Mariners,1,6,Petco Park,Partly Cloudy,64,Final
2025-05-19,08:10,New York Yankees,New York Mets,8,2,Yankee Stadium,Cloudy,70,Final
2025-05-20,07:40,Pittsburgh Pirates,Cincinnati Reds,1,7,PNC Park,Partly Cloudy,65,Final
2025-05-20,07:40,Miami Marlins,Chicago Cubs,8,7,loanDepot park,Roof Closed,72,Final
2025-05-20,07:45,Boston Red Sox,New York Mets,3,1,Fenway Park,Partly Cloudy,55,Final
2025-05-20,08:05,Tampa Bay Rays,Houston Astros,3,4,George M. Steinbrenner Field,Partly Cloudy,87,Final
2025-05-20,08:40,Minnesota Twins,Cleveland Guardians,6,5,Target Field,Overcast,57,Final
2025-05-20,08:40,Chicago White Sox,Seattle Mariners,1,5,Rate Field,Partly Cloudy,49,Final
2025-05-20,08:40,Milwaukee Brewers,Baltimore Orioles,5,4,American Family Field,Roof Closed,65,Final
2025-05-20,08:45,St. Louis Cardinals,Detroit Tigers,11,4,Busch Stadium,Partly Cloudy,83,Final
2025-05-20,09:40,Colorado Rockies,Philadelphia Phillies,3,9,Coors Field,Cloudy,61,Final
2025-05-20,10:45,San Francisco Giants,Kansas City Royals,1,3,Oracle Park,Clear,65,Final
2025-05-20,11:05,Athletics,Los Angeles Angels,3,4,Sutter Health Park,Clear,81,Final
2025-05-20,11:10,Los Angeles Dodgers,Arizona Diamondbacks,5,9,Dodger Stadium,Clear,71,Final
2025-05-21,07:40,Pittsburgh Pirates,Cincinnati Reds,1,0,PNC Park,Cloudy,66,Final
2025-05-21,07:40,Miami Marlins,Chicago Cubs,1,14,loanDepot park,Roof Closed,72,Final
2025-05-21,07:45,Boston Red Sox,New York Mets,2,0,Fenway Park,Cloudy,52,Final
2025-05-21,07:45,Washington Nationals,Atlanta Braves,5,3,Nationals Park,Cloudy,68,Final
2025-05-21,08:05,Tampa Bay Rays,Houston Astros,3,2,George M. Steinbrenner Field,Clear,87,Final
2025-05-21,08:05,New York Yankees,Texas Rangers,5,2,Yankee Stadium,Clear,65,Final
2025-05-21,08:07,Toronto Blue Jays,San Diego Padres,3,0,Rogers Centre,Roof Closed,68,Final
2025-05-21,08:40,Chicago White Sox,Seattle Mariners,1,0,Rate Field,Drizzle,54,Final
2025-05-21,08:40,Milwaukee Brewers,Baltimore Orioles,5,2,American Family Field,Roof Closed,62,Final
2025-05-21,08:45,St. Louis Cardinals,Detroit Tigers,4,5,Busch Stadium,Partly Cloudy,81,Final
2025-05-21,09:40,Colorado Rockies,Philadelphia Phillies,4,7,Coors Field,Clear,70,Final
2025-05-21,10:45,San Francisco Giants,Kansas City Royals,3,2,Oracle Park,Clear,63,Final
2025-05-21,11:05,Athletics,Los Angeles Angels,5,7,Sutter Health Park,Clear,84,Final
2025-05-21,11:10,Los Angeles Dodgers,Arizona Diamondbacks,4,3,Dodger Stadium,Clear,77,Final
2025-05-21,08:40,Minnesota Twins,Cleveland Guardians,0,0,Target Field,Cloudy,71,Final
2025-05-22,01:35,Pittsburgh Pirates,Cincinnati Reds,3,1,PNC Park,Partly Cloudy,65,Final
2025-05-22,02:10,Tampa Bay Rays,Houston Astros,8,4,George M. Steinbrenner Field,Partly Cloudy,91,Final
2025-05-22,02:10,Minnesota Twins,Cleveland Guardians,6,5,Target Field,Overcast,57,Final
2025-05-22,02:10,Miami Marlins,Chicago Cubs,1,2,loanDepot park,Roof Closed,72,Final
2025-05-22,02:10,Milwaukee Brewers,Baltimore Orioles,4,8,American Family Field,Roof Closed,64,Final
2025-05-22,02:15,St. Louis Cardinals,Detroit Tigers,1,5,Busch Stadium,Sunny,66,Final
2025-05-22,03:10,Chicago White Sox,Seattle Mariners,5,6,Rate Field,Overcast,51,Final
2025-05-22,04:45,San Francisco Giants,Kansas City Royals,4,8,Oracle Park,Sunny,65,Final
2025-05-22,04:55,Minnesota Twins,Cleveland Guardians,1,5,Target Field,Overcast,46,Final
2025-05-22,07:45,Boston Red Sox,New York Mets,1,5,Fenway Park,Overcast,52,Final
2025-05-22,08:05,New York Yankees,Texas Rangers,4,3,Yankee Stadium,Drizzle,53,Final
2025-05-22,08:07,Toronto Blue Jays,San Diego Padres,14,0,Rogers Centre,Roof Closed,68,Final
2025-05-22,09:40,Colorado Rockies,Philadelphia Phillies,5,9,Coors Field,Partly Cloudy,75,Final
2025-05-22,11:05,Athletics,Los Angeles Angels,5,10,Sutter Health Park,Clear,85,Final
2025-05-22,11:10,Los Angeles Dodgers,Arizona Diamondbacks,3,1,Dodger Stadium,Clear,75,Final
2025-05-22,07:45,Washington Nationals,Atlanta Braves,0,0,Nationals Park,Cloudy,69,Final
2025-05-23,01:35,New York Yankees,Texas Rangers,1,0,Yankee Stadium,Overcast,50,Final
2025-05-23,02:07,Toronto Blue Jays,San Diego Padres,7,6,Rogers Centre,Roof Closed,68,Final
2025-05-23,04:10,Colorado Rockies,Philadelphia Phillies,0,2,Coors Field,Sunny,67,Final
2025-05-23,04:35,Athletics,Los Angeles Angels,5,10,Sutter Health Park,Sunny,81,Final
2025-05-23,07:40,Detroit Tigers,Cleveland Guardians,0,7,Comerica Park,Partly Cloudy,54,Final
2025-05-23,07:40,Pittsburgh Pirates,Milwaukee Brewers,5,8,PNC Park,Overcast,53,Final
2025-05-23,07:45,Washington Nationals,Atlanta Braves,8,7,Nationals Park,Cloudy,62,Final
2025-05-23,09:10,Houston Astros,Seattle Mariners,9,2,Daikin Park,Roof Closed,73,Final
2025-05-23,07:45,Boston Red Sox,Baltimore Orioles,0,0,Fenway Park,Cloudy,55,Final
2025-05-24,02:35,Boston Red Sox,Baltimore Orioles,19,5,Fenway Park,Cloudy,55,Final
2025-05-24,07:40,Cincinnati Reds,Chicago Cubs,6,13,Great American Ball Park,Partly Cloudy,65,Final
2025-05-24,07:40,Pittsburgh Pirates,Milwaukee Brewers,6,5,PNC Park,Partly Cloudy,58,Final
2025-05-24,07:45,Washington Nationals,San Francisco Giants,0,4,Nationals Park,Cloudy,66,Final
2025-05-24,08:05,Tampa Bay Rays,Toronto Blue Jays,3,1,George M. Steinbrenner Field,Partly Cloudy,87,Final
2025-05-24,08:10,Detroit Tigers,Cleveland Guardians,1,3,Comerica Park,Partly Cloudy,56,Final
2025-05-24,08:10,New York Mets,Los Angeles Dodgers,5,7,Citi Field,Rain,59,Final
2025-05-24,08:15,Atlanta Braves,San Diego Padres,1,2,Truist Park,Clear,75,Final
2025-05-24,08:40,Chicago White Sox,Texas Rangers,4,1,Rate Field,Partly Cloudy,55,Final
2025-05-24,09:10,Houston Astros,Seattle Mariners,3,5,Daikin Park,Roof Closed,73,Final
2025-05-24,09:10,Minnesota Twins,Kansas City Royals,3,1,Target Field,Partly Cloudy,62,Final
2025-05-24,09:15,St. Louis Cardinals,Arizona Diamondbacks,4,3,Busch Stadium,Partly Cloudy,71,Final
2025-05-24,09:40,Colorado Rockies,New York Yankees,3,2,Coors Field,Partly Cloudy,81,Final
2025-05-24,10:38,Los Angeles Angels,Miami Marlins,7,4,Angel Stadium,Clear,70,Final
2025-05-24,11:05,Athletics,Philadelphia Phillies,3,4,Sutter Health Park,Clear,77,Final
2025-05-24,08:10,Boston Red Sox,Baltimore Orioles,0,0,Fenway Park,Cloudy,59,Final
2025-05-25,02:05,Boston Red Sox,Baltimore Orioles,6,5,Fenway Park,Cloudy,59,Final
2025-05-25,07:35,Boston Red Sox,Baltimore Orioles,1,2,Fenway Park,Partly Cloudy,60,Final
2025-05-25,03:10,Minnesota Twins,Kansas City Royals,5,4,Target Field,Cloudy,63,Final
2025-05-25,03:15,St. Louis Cardinals,Arizona Diamondbacks,6,5,Busch Stadium,Cloudy,70,Final
2025-05-25,05:05,Washington Nationals,San Francisco Giants,3,0,Nationals Park,Partly Cloudy,70,Final
2025-05-25,05:05,Pittsburgh Pirates,Milwaukee Brewers,2,1,PNC Park,Partly Cloudy,61,Final
2025-05-25,05:10,Cincinnati Reds,Chicago Cubs,6,4,Great American Ball Park,Partly Cloudy,70,Final
2025-05-25,05:10,Houston Astros,Seattle Mariners,2,1,Daikin Park,Roof Closed,73,Final
2025-05-25,05:10,Atlanta Braves,San Diego Padres,7,1,Truist Park,Partly Cloudy,74,Final
2025-05-25,05:10,Chicago White Sox,Texas Rangers,10,5,Rate Field,Sunny,60,Final
2025-05-25,05:10,Colorado Rockies,New York Yankees,1,13,Coors Field,Cloudy,66,Final
2025-05-25,08:05,Tampa Bay Rays,Toronto Blue Jays,3,1,George M. Steinbrenner Field,Partly Cloudy,89,Final
2025-05-25,08:15,Detroit Tigers,Cleveland Guardians,5,7,Comerica Park,Partly Cloudy,63,Final
2025-05-25,08:15,New York Mets,Los Angeles Dodgers,5,2,Citi Field,Partly Cloudy,61,Final
2025-05-25,11:05,Athletics,Philadelphia Phillies,6,9,Sutter Health Park,Clear,73,Final
2025-05-25,11:07,Los Angeles Angels,Miami Marlins,2,6,Angel Stadium,Clear,68,Final
2025-05-26,00:35,Detroit Tigers,Cleveland Guardians,5,0,Comerica Park,Sunny,59,Final
2025-05-26,02:35,Boston Red Sox,Baltimore Orioles,1,5,Fenway Park,Cloudy,59,Final
2025-05-26,02:35,Washington Nationals,San Francisco Giants,2,3,Nationals Park,Partly Cloudy,70,Final
2025-05-26,02:35,Pittsburgh Pirates,Milwaukee Brewers,5,6,PNC Park,Partly Cloudy,63,Final
2025-05-26,02:40,Cincinnati Reds,Chicago Cubs,8,11,Great American Ball Park,Cloudy,68,Final
2025-05-26,02:40,Tampa Bay Rays,Toronto Blue Jays,13,0,George M. Steinbrenner Field,Sunny,89,Final
2025-05-26,03:10,Houston Astros,Seattle Mariners,5,3,Daikin Park,Roof Closed,73,Final
2025-05-26,03:10,Minnesota Twins,Kansas City Royals,1,2,Target Field,Partly Cloudy,67,Final
2025-05-26,03:10,Chicago White Sox,Texas Rangers,4,5,Rate Field,Cloudy,58,Final
2025-05-26,03:15,St. Louis Cardinals,Arizona Diamondbacks,4,3,Busch Stadium,Overcast,62,Final
2025-05-26,04:10,Colorado Rockies,New York Yankees,4,5,Coors Field,Overcast,59,Final
2025-05-26,05:05,Athletics,Philadelphia Phillies,5,4,Sutter Health Park,Sunny,74,Final
2025-05-26,05:07,Los Angeles Angels,Miami Marlins,0,3,Angel Stadium,Partly Cloudy,73,Final
2025-05-26,05:10,Atlanta Braves,San Diego Padres,3,5,Truist Park,Cloudy,74,Final
2025-05-26,08:10,New York Mets,Los Angeles Dodgers,3,1,Citi Field,Cloudy,64,Final
2025-05-27,02:10,Detroit Tigers,San Francisco Giants,3,1,Comerica Park,Sunny,67,Final
2025-05-27,03:10,Milwaukee Brewers,Boston Red Sox,3,2,American Family Field,Sunny,62,Final
2025-05-27,03:20,Chicago Cubs,Colorado Rockies,3,1,Wrigley Field,Partly Cloudy,56,Final
2025-05-27,04:05,Baltimore Orioles,St. Louis Cardinals,5,2,Oriole Park at Camden Yards,Partly Cloudy,72,Final
2025-05-27,05:05,Texas Rangers,Toronto Blue Jays,1,2,Globe Life Field,Roof Closed,74,Final
2025-05-27,05:10,Kansas City Royals,Cincinnati Reds,4,7,Kauffman Stadium,Drizzle,64,Final
2025-05-27,05:10,New York Mets,Chicago White Sox,2,1,Citi Field,Sunny,73,Final
2025-05-27,07:10,Cleveland Guardians,Los Angeles Dodgers,2,7,Progressive Field,Partly Cloudy,63,Final
2025-05-27,08:05,Tampa Bay Rays,Minnesota Twins,7,2,George M. Steinbrenner Field,Clear,89,Final
2025-05-27,09:10,Arizona Diamondbacks,Pittsburgh Pirates,5,0,Chase Field,Roof Closed,76,Final
2025-05-27,09:40,San Diego Padres,Miami Marlins,4,3,Petco Park,Partly Cloudy,66,Final
2025-05-27,10:38,Los Angeles Angels,New York Yankees,1,5,Angel Stadium,Partly Cloudy,68,Final
2025-05-28,07:10,Cleveland Guardians,Los Angeles Dodgers,5,9,Progressive Field,Cloudy,68,Final
2025-05-28,07:35,Baltimore Orioles,St. Louis Cardinals,4,7,Oriole Park at Camden Yards,Overcast,64,Final
2025-05-28,07:40,Detroit Tigers,San Francisco Giants,3,1,Comerica Park,Partly Cloudy,70,Final
2025-05-28,07:45,Philadelphia Phillies,Atlanta Braves,2,0,Citizens Bank Park,Cloudy,69,Final
2025-05-28,08:05,Tampa Bay Rays,Minnesota Twins,2,4,George M. Steinbrenner Field,Partly Cloudy,89,Final
2025-05-28,08:10,New York Mets,Chicago White Sox,6,4,Citi Field,Cloudy,68,Final
2025-05-28,08:40,Kansas City Royals,Cincinnati Reds,2,7,Kauffman Stadium,Partly Cloudy,63,Final
2025-05-28,08:40,Milwaukee Brewers,Boston Red Sox,5,1,American Family Field,Roof Closed,69,Final
2025-05-28,09:05,Chicago Cubs,Colorado Rockies,4,3,Wrigley Field,Partly Cloudy,59,Final
2025-05-28,09:05,Texas Rangers,Toronto Blue Jays,2,0,Globe Life Field,Roof Closed,74,Final
2025-05-28,09:10,Houston Astros,Athletics,11,1,Daikin Park,Roof Closed,73,Final
2025-05-28,10:38,Los Angeles Angels,New York Yankees,2,3,Angel Stadium,Clear,68,Final
2025-05-28,10:40,Arizona Diamondbacks,Pittsburgh Pirates,6,9,Chase Field,Roof Closed,76,Final
2025-05-28,10:40,Seattle Mariners,Washington Nationals,9,1,T-Mobile Park,Clear,69,Final
2025-05-28,10:40,San Diego Padres,Miami Marlins,8,6,Petco Park,Overcast,64,Final
2025-05-29,02:10,Cleveland Guardians,Los Angeles Dodgers,7,4,Progressive Field,Overcast,59,Final
2025-05-29,02:10,Detroit Tigers,San Francisco Giants,4,3,Comerica Park,Cloudy,58,Final
2025-05-29,02:10,Tampa Bay Rays,Minnesota Twins,5,0,George M. Steinbrenner Field,Partly Cloudy,89,Final
2025-05-29,02:10,New York Mets,Chicago White Sox,4,9,Citi Field,Drizzle,63,Final
2025-05-29,02:10,Milwaukee Brewers,Boston Red Sox,6,5,American Family Field,Roof Closed,66,Final
2025-05-29,03:10,Houston Astros,Athletics,5,3,Daikin Park,Roof Closed,73,Final
2025-05-29,04:40,Arizona Diamondbacks,Pittsburgh Pirates,1,10,Chase Field,Roof Closed,76,Final
2025-05-29,05:10,San Diego Padres,Miami Marlins,8,10,Petco Park,Partly Cloudy,65,Final
2025-05-29,07:35,Baltimore Orioles,St. Louis Cardinals,4,6,Oriole Park at Camden Yards,Drizzle,61,Final
2025-05-29,08:40,Kansas City Royals,Cincinnati Reds,3,2,Kauffman Stadium,Partly Cloudy,72,Final
2025-05-29,09:05,Chicago Cubs,Colorado Rockies,2,1,Wrigley Field,Partly Cloudy,56,Final
2025-05-29,09:05,Texas Rangers,Toronto Blue Jays,0,2,Globe Life Field,Roof Closed,74,Final
2025-05-29,10:38,Los Angeles Angels,New York Yankees,0,1,Angel Stadium,Partly Cloudy,65,Final
2025-05-29,10:40,Seattle Mariners,Washington Nationals,0,9,T-Mobile Park,Clear,78,Final
2025-05-29,07:45,Philadelphia Phillies,Atlanta Braves,0,0,Citizens Bank Park,Cloudy,67,Final
2025-05-30,02:05,Philadelphia Phillies,Atlanta Braves,5,4,Citizens Bank Park,Cloudy,67,Final
2025-05-30,07:45,Philadelphia Phillies,Atlanta Braves,3,9,Citizens Bank Park,Cloudy,71,Final
2025-05-30,08:07,Toronto Blue Jays,Athletics,12,0,Rogers Centre,Roof Closed,68,Final
2025-05-30,09:10,Houston Astros,Tampa Bay Rays,3,13,Daikin Park,Roof Closed,73,Final
2025-05-30,10:40,Seattle Mariners,Washington Nationals,3,9,T-Mobile Park,Clear,63,Final
2025-05-31,03:20,Chicago Cubs,Cincinnati Reds,2,6,Wrigley Field,Overcast,70,Final
2025-05-31,05:30,Baltimore Orioles,Chicago White Sox,2,1,Oriole Park at Camden Yards,Partly Cloudy,74,Final
2025-05-31,07:45,Philadelphia Phillies,Milwaukee Brewers,2,6,Citizens Bank Park,Partly Cloudy,75,Final
2025-05-31,08:07,Toronto Blue Jays,Athletics,11,7,Rogers Centre,Cloudy,64,Final
2025-05-31,08:10,Cleveland Guardians,Los Angeles Angels,1,4,Progressive Field,Cloudy,66,Final
2025-05-31,08:10,New York Mets,Colorado Rockies,4,2,Citi Field,Cloudy,66,Final
2025-05-31,08:10,Miami Marlins,San Francisco Giants,0,2,loanDepot park,Roof Closed,72,Final
2025-05-31,08:15,Atlanta Braves,Boston Red Sox,1,5,Truist Park,Cloudy,75,Final
2025-05-31,09:05,Texas Rangers,St. Louis Cardinals,11,1,Globe Life Field,Clear,81,Final
2025-05-31,09:10,Kansas City Royals,Detroit Tigers,5,7,Kauffman Stadium,Clear,76,Final
2025-05-31,09:10,Houston Astros,Tampa Bay Rays,2,1,Daikin Park,Roof Closed,73,Final
2025-05-31,10:40,Arizona Diamondbacks,Washington Nationals,7,9,Chase Field,Roof Closed,76,Final
2025-05-31,10:40,San Diego Padres,Pittsburgh Pirates,3,2,Petco Park,Partly Cloudy,68,Final
2025-05-31,11:10,Seattle Mariners,Minnesota Twins,6,12,T-Mobile Park,Partly Cloudy,72,Final
2025-05-31,11:10,Los Angeles Dodgers,New York Yankees,8,5,Dodger Stadium,Clear,76,Final
2025-06-01,03:20,Chicago Cubs,Cincinnati Reds,2,0,Wrigley Field,Partly Cloudy,56,Final
2025-06-01,04:07,Toronto Blue Jays,Athletics,8,7,Rogers Centre,Roof Closed,68,Final
2025-06-01,05:05,Texas Rangers,St. Louis Cardinals,0,2,Globe Life Field,Sunny,86,Final
2025-06-01,05:05,Baltimore Orioles,Chicago White Sox,4,2,Oriole Park at Camden Yards,Partly Cloudy,74,Final
2025-06-01,05:05,Philadelphia Phillies,Milwaukee Brewers,7,17,Citizens Bank Park,Overcast,71,Final
2025-06-01,05:10,Cleveland Guardians,Los Angeles Angels,7,5,Progressive Field,Partly Cloudy,55,Final
2025-06-01,05:10,Kansas City Royals,Detroit Tigers,1,0,Kauffman Stadium,Sunny,84,Final
2025-06-01,05:10,New York Mets,Colorado Rockies,8,2,Citi Field,Partly Cloudy,66,Final
2025-06-01,05:10,Houston Astros,Tampa Bay Rays,3,16,Daikin Park,Roof Closed,73,Final
2025-06-01,05:10,Atlanta Braves,Boston Red Sox,5,0,Truist Park,Sunny,77,Final
2025-06-01,05:10,Miami Marlins,San Francisco Giants,1,0,loanDepot park,Roof Closed,72,Final
2025-06-01,08:15,Seattle Mariners,Minnesota Twins,5,4,T-Mobile Park,Roof Closed,57,Final
2025-06-01,08:15,Los Angeles Dodgers,New York Yankees,18,2,Dodger Stadium,Partly Cloudy,84,Final
2025-06-01,10:40,San Diego Padres,Pittsburgh Pirates,0,5,Petco Park,Partly Cloudy,71,Final
2025-06-01,11:10,Arizona Diamondbacks,Washington Nationals,7,11,Chase Field,Roof Closed,76,Final
2025-06-02,02:05,Texas Rangers,St. Louis Cardinals,8,1,Globe Life Field,Roof Closed,74,Final
2025-06-02,02:35,Atlanta Braves,Boston Red Sox,1,3,Truist Park,Partly Cloudy,77,Final
2025-06-02,02:35,Baltimore Orioles,Chicago White Sox,3,2,Oriole Park at Camden Yards,Sunny,70,Final
2025-06-02,02:35,Philadelphia Phillies,Milwaukee Brewers,2,5,Citizens Bank Park,Partly Cloudy,68,Final
2025-06-02,02:37,Toronto Blue Jays,Athletics,8,4,Rogers Centre,Roof Closed,68,Final
2025-06-02,02:40,Cleveland Guardians,Los Angeles Angels,4,2,Progressive Field,Partly Cloudy,58,Final
2025-06-02,02:40,New York Mets,Colorado Rockies,5,3,Citi Field,Partly Cloudy,64,Final
2025-06-02,02:40,Miami Marlins,San Francisco Giants,2,4,loanDepot park,Roof Closed,72,Final
2025-06-02,03:10,Kansas City Royals,Detroit Tigers,0,1,Kauffman Stadium,Partly Cloudy,84,Final
2025-06-02,03:10,Houston Astros,Tampa Bay Rays,1,0,Daikin Park,Roof Closed,73,Final
2025-06-02,03:20,Chicago Cubs,Cincinnati Reds,7,3,Wrigley Field,Sunny,59,Final
2025-06-02,05:10,Arizona Diamondbacks,Washington Nationals,3,1,Chase Field,Roof Closed,76,Final
2025-06-02,05:10,Seattle Mariners,Minnesota Twins,2,1,T-Mobile Park,Partly Cloudy,63,Final
2025-06-02,06:10,San Diego Padres,Pittsburgh Pirates,6,4,Petco Park,Overcast,72,Final
2025-06-02,08:10,Los Angeles Dodgers,New York Yankees,3,7,Dodger Stadium,Cloudy,81,Final
2025-06-03,07:40,Miami Marlins,Colorado Rockies,4,6,loanDepot park,Roof Closed,72,Final
2025-06-03,08:10,Boston Red Sox,Los Angeles Angels,6,7,Fenway Park,Partly Cloudy,70,Final
2025-06-03,08:10,Cincinnati Reds,Milwaukee Brewers,2,3,Great American Ball Park,Clear,77,Final
2025-06-03,08:40,Chicago White Sox,Detroit Tigers,1,13,Rate Field,Partly Cloudy,84,Final
2025-06-03,10:45,San Francisco Giants,San Diego Padres,0,1,Oracle Park,Partly Cloudy,60,Final
2025-06-03,11:05,Athletics,Minnesota Twins,4,10,Sutter Health Park,Clear,78,Final
2025-06-03,11:10,Los Angeles Dodgers,New York Mets,3,4,Dodger Stadium,Clear,69,Final
2025-06-04,07:40,Pittsburgh Pirates,Houston Astros,0,3,PNC Park,Clear,83,Final
2025-06-04,07:40,Miami Marlins,Colorado Rockies,2,3,loanDepot park,Roof Closed,72,Final
2025-06-04,07:45,Washington Nationals,Chicago Cubs,3,8,Nationals Park,Clear,81,Final
2025-06-04,08:05,New York Yankees,Cleveland Guardians,3,2,Yankee Stadium,Clear,74,Final
2025-06-04,08:07,Toronto Blue Jays,Philadelphia Phillies,3,8,Rogers Centre,Clear,69,Final
2025-06-04,08:10,Boston Red Sox,Los Angeles Angels,3,4,Fenway Park,Clear,71,Final
2025-06-04,08:10,Cincinnati Reds,Milwaukee Brewers,4,2,Great American Ball Park,Clear,84,Final
2025-06-04,08:15,Atlanta Braves,Arizona Diamondbacks,3,8,Truist Park,Clear,84,Final
2025-06-04,08:35,Tampa Bay Rays,Texas Rangers,5,1,George M. Steinbrenner Field,Cloudy,78,Final
2025-06-04,08:40,Chicago White Sox,Detroit Tigers,8,1,Rate Field,Cloudy,84,Final
2025-06-04,08:45,St. Louis Cardinals,Kansas City Royals,7,10,Busch Stadium,Clear,86,Final
2025-06-04,10:40,Seattle Mariners,Baltimore Orioles,1,5,T-Mobile Park,Clear,73,Final
2025-06-04,10:45,San Francisco Giants,San Diego Padres,2,3,Oracle Park,Clear,61,Final
2025-06-04,11:05,Athletics,Minnesota Twins,3,10,Sutter Health Park,Clear,84,Final
2025-06-04,11:10,Los Angeles Dodgers,New York Mets,6,5,Dodger Stadium,Overcast,62,Final
2025-06-05,01:10,Miami Marlins,Colorado Rockies,2,3,loanDepot park,Roof Closed,72,Final
2025-06-05,01:40,Cincinnati Reds,Milwaukee Brewers,1,9,Great American Ball Park,Sunny,85,Final
2025-06-05,02:35,Boston Red Sox,Los Angeles Angels,11,9,Fenway Park,Cloudy,84,Final
2025-06-05,07:40,Pittsburgh Pirates,Houston Astros,3,0,PNC Park,Partly Cloudy,86,Final
2025-06-05,07:45,Washington Nationals,Chicago Cubs,2,0,Nationals Park,Clear,86,Final
2025-06-05,08:05,New York Yankees,Cleveland Guardians,0,4,Yankee Stadium,Clear,78,Final
2025-06-05,08:07,Toronto Blue Jays,Philadelphia Phillies,2,1,Rogers Centre,Roof Closed,68,Final
2025-06-05,08:15,Atlanta Braves,Arizona Diamondbacks,1,2,Truist Park,Rain,70,Final
2025-06-05,08:35,Tampa Bay Rays,Texas Rangers,5,4,George M. Steinbrenner Field,Cloudy,76,Final
2025-06-05,08:40,Chicago White Sox,Detroit Tigers,4,5,Rate Field,Partly Cloudy,59,Final
2025-06-05,10:40,Seattle Mariners,Baltimore Orioles,2,3,T-Mobile Park,Partly Cloudy,68,Final
2025-06-05,10:45,San Francisco Giants,San Diego Padres,6,5,Oracle Park,Partly Cloudy,58,Final
2025-06-05,11:05,Athletics,Minnesota Twins,1,6,Sutter Health Park,Clear,85,Final
2025-06-05,11:10,Los Angeles Dodgers,New York Mets,1,6,Dodger Stadium,Clear,66,Final
2025-06-05,02:45,St. Louis Cardinals,Kansas City Royals,0,0,Busch Stadium,Partly Cloudy,67,Final
2025-06-06,01:15,Atlanta Braves,Arizona Diamondbacks,10,11,Truist Park,Cloudy,74,Final
2025-06-06,02:45,St. Louis Cardinals,Kansas City Royals,6,5,Busch Stadium,Partly Cloudy,67,Final
2025-06-06,08:45,St. Louis Cardinals,Kansas City Royals,5,7,Busch Stadium,Cloudy,73,Final
2025-06-06,03:10,Chicago White Sox,Detroit Tigers,3,2,Rate Field,Cloudy,65,Final
2025-06-06,04:07,Toronto Blue Jays,Philadelphia Phillies,9,1,Rogers Centre,Roof Closed,68,Final
2025-06-06,04:35,Athletics,Minnesota Twins,14,3,Sutter Health Park,Sunny,80,Final
2025-06-06,04:40,Seattle Mariners,Baltimore Orioles,3,4,T-Mobile Park,Sunny,67,Final
2025-06-06,04:45,San Francisco Giants,San Diego Padres,3,2,Oracle Park,Sunny,64,Final
2025-06-06,05:10,Los Angeles Dodgers,New York Mets,6,5,Dodger Stadium,Sunny,74,Final
2025-06-06,07:40,Pittsburgh Pirates,Houston Astros,2,8,PNC Park,Overcast,69,Final
2025-06-06,07:45,Washington Nationals,Chicago Cubs,1,7,Nationals Park,Partly Cloudy,84,Final
2025-06-06,08:05,New York Yankees,Cleveland Guardians,4,0,Yankee Stadium,Partly Cloudy,86,Final
2025-06-06,08:35,Tampa Bay Rays,Texas Rangers,4,3,George M. Steinbrenner Field,Overcast,87,Final
2025-06-07,02:10,Tampa Bay Rays,Miami Marlins,4,3,George M. Steinbrenner Field,Partly Cloudy,87,Final
2025-06-07,07:40,Pittsburgh Pirates,Philadelphia Phillies,5,4,PNC Park,Rain,69,Final
2025-06-07,07:45,Washington Nationals,Texas Rangers,2,0,Nationals Park,Cloudy,81,Final
2025-06-07,08:05,New York Yankees,Boston Red Sox,9,6,Yankee Stadium,Cloudy,79,Final
2025-06-07,08:10,Cincinnati Reds,Arizona Diamondbacks,4,3,Great American Ball Park,Partly Cloudy,79,Final
2025-06-07,08:10,Detroit Tigers,Chicago Cubs,3,1,Comerica Park,Partly Cloudy,72,Final
2025-06-07,08:10,Cleveland Guardians,Houston Astros,2,4,Progressive Field,Overcast,66,Final
2025-06-07,08:40,Chicago White Sox,Kansas City Royals,7,2,Rate Field,Partly Cloudy,67,Final
2025-06-07,09:10,Minnesota Twins,Toronto Blue Jays,4,6,Target Field,Partly Cloudy,71,Final
2025-06-07,09:10,Milwaukee Brewers,San Diego Padres,0,2,American Family Field,Clear,70,Final
2025-06-07,09:15,St. Louis Cardinals,Los Angeles Dodgers,5,0,Busch Stadium,Cloudy,71,Final
2025-06-07,09:40,Colorado Rockies,New York Mets,2,4,Coors Field,Partly Cloudy,54,Final
2025-06-07,10:38,Los Angeles Angels,Seattle Mariners,5,4,Angel Stadium,Partly Cloudy,70,Final
2025-06-07,11:05,Athletics,Baltimore Orioles,5,4,Sutter Health Park,Clear,85,Final
2025-06-07,11:15,San Francisco Giants,Atlanta Braves,5,4,Oracle Park,Partly Cloudy,61,Final
2025-06-08,02:10,Detroit Tigers,Chicago Cubs,1,6,Comerica Park,Sunny,77,Final
2025-06-08,03:10,Cincinnati Reds,Arizona Diamondbacks,4,3,Great American Ball Park,Partly Cloudy,79,Final
2025-06-08,03:10,Minnesota Twins,Toronto Blue Jays,4,5,Target Field,Partly Cloudy,77,Final
2025-06-08,03:15,St. Louis Cardinals,Los Angeles Dodgers,2,1,Busch Stadium,Overcast,71,Final
2025-06-08,05:05,Washington Nationals,Texas Rangers,0,5,Nationals Park,Partly Cloudy,82,Final
2025-06-08,05:05,Pittsburgh Pirates,Philadelphia Phillies,2,1,PNC Park,Partly Cloudy,77,Final
2025-06-08,05:05,San Francisco Giants,Atlanta Braves,3,2,Oracle Park,Partly Cloudy,61,Final
2025-06-08,05:10,Cincinnati Reds,Arizona Diamondbacks,13,1,Great American Ball Park,Partly Cloudy,77,Final
2025-06-08,05:10,Cleveland Guardians,Houston Astros,3,5,Progressive Field,Partly Cloudy,68,Final
2025-06-08,05:10,Chicago White Sox,Kansas City Royals,4,1,Rate Field,Partly Cloudy,72,Final
2025-06-08,05:10,Tampa Bay Rays,Miami Marlins,10,11,George M. Steinbrenner Field,Partly Cloudy,89,Final
2025-06-08,08:35,New York Yankees,Boston Red Sox,7,10,Yankee Stadium,Partly Cloudy,73,Final
2025-06-08,08:35,Milwaukee Brewers,San Diego Padres,4,3,American Family Field,Cloudy,69,Final
2025-06-08,10:38,Los Angeles Angels,Seattle Mariners,8,6,Angel Stadium,Clear,72,Final
2025-06-08,10:40,Colorado Rockies,New York Mets,1,8,Coors Field,Clear,81,Final
2025-06-08,11:05,Athletics,Baltimore Orioles,4,7,Sutter Health Park,Partly Cloudy,83,Final
2025-06-09,01:10,Tampa Bay Rays,Miami Marlins,3,2,George M. Steinbrenner Field,Partly Cloudy,89,Final
2025-06-09,02:05,Milwaukee Brewers,San Diego Padres,0,1,American Family Field,Partly Cloudy,77,Final
2025-06-09,02:35,Washington Nationals,Texas Rangers,2,4,Nationals Park,Overcast,72,Final
2025-06-09,02:35,Pittsburgh Pirates,Philadelphia Phillies,2,1,PNC Park,Overcast,64,Final
2025-06-09,02:40,Cincinnati Reds,Arizona Diamondbacks,4,2,Great American Ball Park,Overcast,72,Final
2025-06-09,02:40,Detroit Tigers,Chicago Cubs,4,0,Comerica Park,Partly Cloudy,71,Final
2025-06-09,02:40,Cleveland Guardians,Houston Astros,4,2,Progressive Field,Cloudy,69,Final
2025-06-09,03:10,Minnesota Twins,Toronto Blue Jays,6,3,Target Field,Partly Cloudy,70,Final
2025-06-09,03:10,Chicago White Sox,Kansas City Royals,5,7,Rate Field,Partly Cloudy,78,Final
2025-06-09,03:15,St. Louis Cardinals,Los Angeles Dodgers,3,7,Busch Stadium,Sunny,78,Final
2025-06-09,04:10,Colorado Rockies,New York Mets,5,13,Coors Field,Cloudy,67,Final
2025-06-09,05:05,Athletics,Baltimore Orioles,5,1,Sutter Health Park,Sunny,82,Final
2025-06-09,05:05,San Francisco Giants,Atlanta Braves,4,3,Oracle Park,Partly Cloudy,60,Final
2025-06-09,05:07,Los Angeles Angels,Seattle Mariners,2,3,Angel Stadium,Sunny,75,Final
2025-06-09,08:10,New York Yankees,Boston Red Sox,7,11,Yankee Stadium,Cloudy,68,Final
2025-06-10,07:40,Cleveland Guardians,Cincinnati Reds,4,7,Progressive Field,Partly Cloudy,71,Final
2025-06-10,07:40,Pittsburgh Pirates,Miami Marlins,10,3,PNC Park,Cloudy,73,Final
2025-06-10,07:45,Philadelphia Phillies,Chicago Cubs,4,3,Citizens Bank Park,Cloudy,71,Final
2025-06-10,08:10,Boston Red Sox,Tampa Bay Rays,8,10,Fenway Park,Overcast,61,Final
2025-06-10,08:40,Milwaukee Brewers,Atlanta Braves,1,7,American Family Field,Roof Closed,70,Final
2025-06-10,08:45,St. Louis Cardinals,Toronto Blue Jays,4,5,Busch Stadium,Partly Cloudy,76,Final
2025-06-10,10:38,Los Angeles Angels,Athletics,7,4,Angel Stadium,Clear,70,Final
2025-06-10,10:40,San Diego Padres,Los Angeles Dodgers,7,8,Petco Park,Partly Cloudy,65,Final
2025-06-10,10:40,Arizona Diamondbacks,Seattle Mariners,8,4,Chase Field,Roof Closed,78,Final
2025-06-11,07:35,Baltimore Orioles,Detroit Tigers,3,5,Oriole Park at Camden Yards,Partly Cloudy,81,Final
2025-06-11,07:40,Cleveland Guardians,Cincinnati Reds,0,1,Progressive Field,Cloudy,72,Final
2025-06-11,07:40,Pittsburgh Pirates,Miami Marlins,2,3,PNC Park,Clear,74,Final
2025-06-11,07:45,Philadelphia Phillies,Chicago Cubs,4,8,Citizens Bank Park,Partly Cloudy,77,Final
2025-06-11,08:10,New York Mets,Washington Nationals,5,4,Citi Field,Partly Cloudy,73,Final
2025-06-11,08:10,Boston Red Sox,Tampa Bay Rays,3,1,Fenway Park,Overcast,59,Final
2025-06-11,08:40,Minnesota Twins,Texas Rangers,4,16,Target Field,Partly Cloudy,81,Final
2025-06-11,08:40,Kansas City Royals,New York Yankees,2,10,Kauffman Stadium,Clear,84,Final
2025-06-11,08:40,Milwaukee Brewers,Atlanta Braves,4,1,American Family Field,Partly Cloudy,69,Final
2025-06-11,08:45,St. Louis Cardinals,Toronto Blue Jays,9,10,Busch Stadium,Clear,79,Final
2025-06-11,09:10,Houston Astros,Chicago White Sox,2,4,Daikin Park,Roof Closed,73,Final
2025-06-11,09:40,Colorado Rockies,San Francisco Giants,5,6,Coors Field,Cloudy,84,Final
2025-06-11,10:38,Los Angeles Angels,Athletics,2,1,Angel Stadium,Clear,73,Final
2025-06-11,10:40,San Diego Padres,Los Angeles Dodgers,11,1,Petco Park,Cloudy,65,Final
2025-06-11,10:40,Arizona Diamondbacks,Seattle Mariners,10,3,Chase Field,Roof Closed,78,Final
2025-06-12,01:35,Pittsburgh Pirates,Miami Marlins,5,2,PNC Park,Sunny,73,Final
2025-06-12,02:05,Philadelphia Phillies,Chicago Cubs,7,2,Citizens Bank Park,Sunny,81,Final
2025-06-12,02:10,Cleveland Guardians,Cincinnati Reds,11,2,Progressive Field,Sunny,77,Final
2025-06-12,03:10,Milwaukee Brewers,Atlanta Braves,2,6,American Family Field,Cloudy,83,Final
2025-06-12,03:15,St. Louis Cardinals,Toronto Blue Jays,2,5,Busch Stadium,Partly Cloudy,83,Final
2025-06-12,04:40,Arizona Diamondbacks,Seattle Mariners,5,2,Chase Field,Roof Closed,78,Final
2025-06-12,05:07,Los Angeles Angels,Athletics,6,5,Angel Stadium,Sunny,78,Final
2025-06-12,05:10,San Diego Padres,Los Angeles Dodgers,2,5,Petco Park,Partly Cloudy,66,Final
2025-06-12,07:35,Baltimore Orioles,Detroit Tigers,10,1,Oriole Park at Camden Yards,Clear,84,Final
2025-06-12,08:10,New York Mets,Washington Nationals,5,0,Citi Field,Clear,81,Final
2025-06-12,08:10,Boston Red Sox,Tampa Bay Rays,4,3,Fenway Park,Partly Cloudy,80,Final
2025-06-12,08:40,Minnesota Twins,Texas Rangers,6,2,Target Field,Partly Cloudy,68,Final
2025-06-12,08:40,Kansas City Royals,New York Yankees,3,6,Kauffman Stadium,Partly Cloudy,86,Final
2025-06-12,09:10,Houston Astros,Chicago White Sox,10,2,Daikin Park,Roof Closed,73,Final
2025-06-12,09:40,Colorado Rockies,San Francisco Giants,7,10,Coors Field,Partly Cloudy,81,Final
2025-06-13,02:10,New York Mets,Washington Nationals,4,3,Citi Field,Sunny,87,Final
2025-06-13,02:10,Minnesota Twins,Texas Rangers,3,16,Target Field,Overcast,68,Final
2025-06-13,04:10,Colorado Rockies,San Francisco Giants,8,7,Coors Field,Partly Cloudy,87,Final
2025-06-13,07:35,Baltimore Orioles,Detroit Tigers,1,4,Oriole Park at Camden Yards,Partly Cloudy,88,Final
2025-06-13,08:40,Kansas City Royals,New York Yankees,0,1,Kauffman Stadium,Cloudy,78,Final
2025-06-13,08:40,Milwaukee Brewers,St. Louis Cardinals,6,0,American Family Field,Roof Closed,72,Final
2025-06-13,09:05,Chicago Cubs,Pittsburgh Pirates,3,2,Wrigley Field,Cloudy,64,Final
2025-06-13,09:10,Houston Astros,Chicago White Sox,4,3,Daikin Park,Roof Closed,73,Final
2025-06-14,03:20,Chicago Cubs,Pittsburgh Pirates,1,2,Wrigley Field,Cloudy,69,Final
2025-06-14,07:45,Philadelphia Phillies,Toronto Blue Jays,8,0,Citizens Bank Park,Partly Cloudy,82,Final
2025-06-14,07:45,Washington Nationals,Miami Marlins,9,11,Nationals Park,Cloudy,86,Final
2025-06-14,08:08,Baltimore Orioles,Los Angeles Angels,2,0,Oriole Park at Camden Yards,Cloudy,86,Final
2025-06-14,08:10,Detroit Tigers,Cincinnati Reds,11,5,Comerica Park,Overcast,68,Final
2025-06-14,08:10,New York Mets,Tampa Bay Rays,5,7,Citi Field,Cloudy,77,Final
2025-06-14,08:10,Boston Red Sox,New York Yankees,2,1,Fenway Park,Clear,65,Final
2025-06-14,08:15,Atlanta Braves,Colorado Rockies,12,4,Truist Park,Partly Cloudy,84,Final
2025-06-14,09:05,Texas Rangers,Chicago White Sox,3,1,Globe Life Field,Roof Closed,74,Final
2025-06-14,09:10,Kansas City Royals,Athletics,4,6,Kauffman Stadium,Cloudy,80,Final
2025-06-14,09:10,Houston Astros,Minnesota Twins,10,3,Daikin Park,Roof Closed,73,Final
2025-06-14,09:10,Milwaukee Brewers,St. Louis Cardinals,3,2,American Family Field,Roof Closed,70,Final
2025-06-14,10:40,Arizona Diamondbacks,San Diego Padres,5,1,Chase Field,Roof Closed,78,Final
2025-06-14,11:10,Seattle Mariners,Cleveland Guardians,7,2,T-Mobile Park,Cloudy,62,Final
2025-06-14,11:10,Los Angeles Dodgers,San Francisco Giants,2,6,Dodger Stadium,Partly Cloudy,70,Final
2025-06-15,02:05,Washington Nationals,Miami Marlins,3,4,Nationals Park,Partly Cloudy,80,Final
2025-06-15,02:10,Detroit Tigers,Cincinnati Reds,1,11,Comerica Park,Partly Cloudy,71,Final
2025-06-15,03:20,Chicago Cubs,Pittsburgh Pirates,2,1,Wrigley Field,Cloudy,64,Final
2025-06-15,05:05,Baltimore Orioles,Los Angeles Angels,6,5,Oriole Park at Camden Yards,Overcast,83,Final
2025-06-15,05:05,Philadelphia Phillies,Toronto Blue Jays,3,2,Citizens Bank Park,Overcast,65,Final
2025-06-15,05:05,Texas Rangers,Chicago White Sox,5,4,Globe Life Field,Roof Closed,74,Final
2025-06-15,05:10,Kansas City Royals,Athletics,0,4,Kauffman Stadium,Partly Cloudy,86,Final
2025-06-15,05:10,New York Mets,Tampa Bay Rays,4,8,Citi Field,Cloudy,64,Final
2025-06-15,05:10,Houston Astros,Minnesota Twins,3,2,Daikin Park,Roof Closed,73,Final
2025-06-15,05:10,Atlanta Braves,Colorado Rockies,4,1,Truist Park,Overcast,86,Final
2025-06-15,05:10,Milwaukee Brewers,St. Louis Cardinals,5,8,American Family Field,Sunny,67,Final
2025-06-15,08:15,Arizona Diamondbacks,San Diego Padres,8,7,Chase Field,Roof Closed,78,Final
2025-06-15,08:15,Boston Red Sox,New York Yankees,4,3,Fenway Park,Cloudy,61,Final
2025-06-15,10:40,Seattle Mariners,Cleveland Guardians,4,3,T-Mobile Park,Partly Cloudy,67,Final
2025-06-15,11:10,Los Angeles Dodgers,San Francisco Giants,11,5,Dodger Stadium,Partly Cloudy,72,Final
2025-06-16,01:05,Detroit Tigers,Cincinnati Reds,4,8,Comerica Park,Sunny,75,Final
2025-06-16,02:35,Baltimore Orioles,Los Angeles Angels,11,2,Oriole Park at Camden Yards,Cloudy,68,Final
2025-06-16,02:35,Philadelphia Phillies,Toronto Blue Jays,11,4,Citizens Bank Park,Cloudy,62,Final
2025-06-16,02:35,Atlanta Braves,Colorado Rockies,1,10,Truist Park,Partly Cloudy,81,Final
2025-06-16,02:35,Washington Nationals,Miami Marlins,1,3,Nationals Park,Cloudy,65,Final
2025-06-16,02:35,Boston Red Sox,New York Yankees,2,0,Fenway Park,Partly Cloudy,64,Final
2025-06-16,02:40,New York Mets,Tampa Bay Rays,0,9,Citi Field,Cloudy,62,Final
2025-06-16,03:10,Kansas City Royals,Athletics,2,3,Kauffman Stadium,Partly Cloudy,83,Final
2025-06-16,03:10,Houston Astros,Minnesota Twins,2,1,Daikin Park,Roof Closed,73,Final
2025-06-16,03:10,Milwaukee Brewers,St. Louis Cardinals,3,2,American Family Field,Partly Cloudy,70,Final
2025-06-16,03:20,Chicago Cubs,Pittsburgh Pirates,3,2,Wrigley Field,Partly Cloudy,75,Final
2025-06-16,03:35,Texas Rangers,Chicago White Sox,2,1,Globe Life Field,Roof Closed,74,Final
2025-06-16,05:10,Arizona Diamondbacks,San Diego Padres,2,8,Chase Field,Roof Closed,78,Final
2025-06-16,05:10,Seattle Mariners,Cleveland Guardians,6,0,T-Mobile Park,Partly Cloudy,65,Final
2025-06-16,08:10,Los Angeles Dodgers,San Francisco Giants,5,4,Dodger Stadium,Sunny,81,Final
2025-06-17,07:40,Miami Marlins,Philadelphia Phillies,2,5,loanDepot park,Roof Closed,72,Final
2025-06-17,07:45,Washington Nationals,Colorado Rockies,4,6,Nationals Park,Cloudy,66,Final
2025-06-17,08:05,New York Yankees,Los Angeles Angels,0,1,Yankee Stadium,Cloudy,68,Final
2025-06-17,08:35,Tampa Bay Rays,Baltimore Orioles,7,1,George M. Steinbrenner Field,Partly Cloudy,89,Final
2025-06-17,10:40,Seattle Mariners,Boston Red Sox,0,2,T-Mobile Park,Clear,69,Final
2025-06-17,11:05,Athletics,Houston Astros,3,1,Sutter Health Park,Clear,82,Final
2025-06-17,11:10,Los Angeles Dodgers,San Diego Padres,6,3,Dodger Stadium,Clear,77,Final
2025-06-18,07:10,Miami Marlins,Philadelphia Phillies,8,3,loanDepot park,Roof Closed,72,Final
2025-06-18,07:40,Detroit Tigers,Pittsburgh Pirates,7,3,Comerica Park,Clear,83,Final
2025-06-18,07:45,Washington Nationals,Colorado Rockies,6,10,Nationals Park,Partly Cloudy,80,Final
2025-06-18,08:05,New York Yankees,Los Angeles Angels,0,4,Yankee Stadium,Overcast,67,Final
2025-06-18,08:07,Toronto Blue Jays,Arizona Diamondbacks,5,4,Rogers Centre,Clear,69,Final
2025-06-18,08:10,Cincinnati Reds,Minnesota Twins,6,5,Great American Ball Park,Overcast,77,Final
2025-06-18,08:15,Atlanta Braves,New York Mets,5,4,Truist Park,Cloudy,72,Final
2025-06-18,08:35,Tampa Bay Rays,Baltimore Orioles,1,5,George M. Steinbrenner Field,Partly Cloudy,87,Final
2025-06-18,08:40,Chicago White Sox,St. Louis Cardinals,2,12,Rate Field,Partly Cloudy,85,Final
2025-06-18,09:05,Texas Rangers,Kansas City Royals,1,6,Globe Life Field,Roof Closed,74,Final
2025-06-18,09:05,Chicago Cubs,Milwaukee Brewers,5,3,Wrigley Field,Partly Cloudy,90,Final
2025-06-18,10:40,Seattle Mariners,Boston Red Sox,8,0,T-Mobile Park,Partly Cloudy,73,Final
2025-06-18,10:45,San Francisco Giants,Cleveland Guardians,2,3,Oracle Park,Clear,63,Final
2025-06-18,11:05,Athletics,Houston Astros,3,13,Sutter Health Park,Clear,89,Final
2025-06-18,11:10,Los Angeles Dodgers,San Diego Padres,8,6,Dodger Stadium,Clear,81,Final
2025-06-19,05:10,Seattle Mariners,Boston Red Sox,1,3,T-Mobile Park,Partly Cloudy,70,Final
2025-06-19,07:40,Miami Marlins,Philadelphia Phillies,2,4,loanDepot park,Roof Closed,72,Final
2025-06-19,07:45,Washington Nationals,Colorado Rockies,1,3,Nationals Park,Cloudy,78,Final
2025-06-19,08:05,New York Yankees,Los Angeles Angels,2,3,Yankee Stadium,Overcast,80,Final
2025-06-19,08:07,Toronto Blue Jays,Arizona Diamondbacks,8,1,Rogers Centre,Roof Closed,68,Final
2025-06-19,08:10,Cincinnati Reds,Minnesota Twins,4,2,Great American Ball Park,Overcast,75,Final
2025-06-19,08:15,Atlanta Braves,New York Mets,5,0,Truist Park,Partly Cloudy,77,Final
2025-06-19,08:35,Tampa Bay Rays,Baltimore Orioles,12,8,George M. Steinbrenner Field,Partly Cloudy,87,Final
2025-06-19,09:05,Texas Rangers,Kansas City Royals,3,6,Globe Life Field,Roof Closed,74,Final
2025-06-19,10:45,San Francisco Giants,Cleveland Guardians,2,4,Oracle Park,Clear,69,Final
2025-06-19,11:05,Athletics,Houston Astros,4,11,Sutter Health Park,Clear,95,Final
2025-06-19,11:10,Los Angeles Dodgers,San Diego Padres,4,3,Dodger Stadium,Clear,77,Final
2025-06-19,07:40,Detroit Tigers,Pittsburgh Pirates,0,0,Comerica Park,Clear,71,Final
2025-06-19,08:40,Chicago White Sox,St. Louis Cardinals,0,0,Rate Field,Partly Cloudy,79,Final
2025-06-19,09:05,Chicago Cubs,Milwaukee Brewers,0,0,Wrigley Field,Partly Cloudy,79,Final
2025-06-20,01:40,Cincinnati Reds,Minnesota Twins,5,12,Great American Ball Park,Partly Cloudy,75,Final
2025-06-20,02:05,Washington Nationals,Colorado Rockies,4,3,Nationals Park,Cloudy,90,Final
2025-06-20,02:05,New York Yankees,Los Angeles Angels,7,3,Yankee Stadium,Partly Cloudy,89,Final
2025-06-20,02:10,Detroit Tigers,Pittsburgh Pirates,9,2,Comerica Park,Cloudy,64,Final
2025-06-20,07:10,Detroit Tigers,Pittsburgh Pirates,4,8,Comerica Park,Clear,71,Final
2025-06-20,03:10,Chicago White Sox,St. Louis Cardinals,4,5,Rate Field,Partly Cloudy,76,Final
2025-06-20,03:15,Chicago White Sox,St. Louis Cardinals,6,8,Rate Field,Partly Cloudy,79,Final
2025-06-20,03:20,Chicago Cubs,Milwaukee Brewers,7,8,Wrigley Field,Sunny,79,Final
2025-06-20,03:35,Texas Rangers,Kansas City Royals,1,4,Globe Life Field,Roof Closed,74,Final
2025-06-20,04:07,Toronto Blue Jays,Arizona Diamondbacks,5,9,Rogers Centre,Cloudy,74,Final
2025-06-20,05:05,San Francisco Giants,Cleveland Guardians,2,1,Oracle Park,Sunny,61,Final
2025-06-20,07:40,Miami Marlins,Philadelphia Phillies,1,2,loanDepot park,Roof Closed,72,Final
2025-06-20,08:15,Atlanta Braves,New York Mets,7,1,Truist Park,Partly Cloudy,82,Final
2025-06-20,08:35,Tampa Bay Rays,Baltimore Orioles,1,4,George M. Steinbrenner Field,Cloudy,82,Final
2025-06-20,11:05,Athletics,Houston Astros,6,4,Sutter Health Park,Clear,77,Final
2025-06-20,11:10,Los Angeles Dodgers,San Diego Padres,3,5,Dodger Stadium,Clear,70,Final
2025-06-21,03:20,Chicago Cubs,Seattle Mariners,4,9,Wrigley Field,Partly Cloudy,82,Final
2025-06-21,07:40,Pittsburgh Pirates,Texas Rangers,2,6,PNC Park,Cloudy,78,Final
2025-06-21,08:05,Tampa Bay Rays,Detroit Tigers,14,8,George M. Steinbrenner Field,Rain,77,Final
2025-06-21,08:05,New York Yankees,Baltimore Orioles,3,5,Yankee Stadium,Partly Cloudy,82,Final
2025-06-21,08:07,Toronto Blue Jays,Chicago White Sox,1,7,Rogers Centre,Cloudy,69,Final
2025-06-21,08:10,Miami Marlins,Atlanta Braves,6,2,loanDepot park,Roof Closed,72,Final
2025-06-21,08:15,St. Louis Cardinals,Cincinnati Reds,6,1,Busch Stadium,Clear,89,Final
2025-06-21,08:15,Philadelphia Phillies,New York Mets,10,2,Citizens Bank Park,Partly Cloudy,84,Final
2025-06-21,09:10,Minnesota Twins,Milwaukee Brewers,6,17,Target Field,Partly Cloudy,85,Final
2025-06-21,09:40,Colorado Rockies,Arizona Diamondbacks,8,14,Coors Field,Clear,98,Final
2025-06-21,10:38,Los Angeles Angels,Houston Astros,2,3,Angel Stadium,Clear,71,Final
2025-06-21,10:40,San Diego Padres,Kansas City Royals,5,6,Petco Park,Partly Cloudy,67,Final
2025-06-21,11:05,Athletics,Cleveland Guardians,5,1,Sutter Health Park,Clear,75,Final
2025-06-21,11:10,Los Angeles Dodgers,Washington Nationals,6,5,Dodger Stadium,Clear,69,Final
2025-06-21,11:15,San Francisco Giants,Boston Red Sox,5,7,Oracle Park,Partly Cloudy,61,Final
2025-06-22,01:10,Tampa Bay Rays,Detroit Tigers,8,3,George M. Steinbrenner Field,Partly Cloudy,87,Final
2025-06-22,02:05,New York Yankees,Baltimore Orioles,9,0,Yankee Stadium,Sunny,86,Final
2025-06-22,03:10,Minnesota Twins,Milwaukee Brewers,0,9,Target Field,Partly Cloudy,89,Final
2025-06-22,03:15,St. Louis Cardinals,Cincinnati Reds,6,5,Busch Stadium,Sunny,92,Final
2025-06-22,03:20,Chicago Cubs,Seattle Mariners,10,7,Wrigley Field,Sunny,94,Final
2025-06-22,04:07,Toronto Blue Jays,Chicago White Sox,7,1,Rogers Centre,Roof Closed,68,Final
2025-06-22,05:05,San Francisco Giants,Boston Red Sox,3,2,Oracle Park,Sunny,67,Final
2025-06-22,05:05,Pittsburgh Pirates,Texas Rangers,2,3,PNC Park,Partly Cloudy,85,Final
2025-06-22,05:10,Miami Marlins,Atlanta Braves,0,7,loanDepot park,Roof Closed,72,Final
2025-06-22,08:15,San Diego Padres,Kansas City Royals,5,1,Petco Park,Cloudy,66,Final
2025-06-22,08:15,Philadelphia Phillies,New York Mets,4,11,Citizens Bank Park,Partly Cloudy,88,Final
2025-06-22,10:10,Colorado Rockies,Arizona Diamondbacks,3,5,Coors Field,Clear,98,Final
2025-06-22,10:38,Los Angeles Angels,Houston Astros,9,1,Angel Stadium,Clear,72,Final
2025-06-22,11:05,Athletics,Cleveland Guardians,2,4,Sutter Health Park,Clear,79,Final
2025-06-22,11:10,Los Angeles Dodgers,Washington Nationals,3,7,Dodger Stadium,Clear,69,Final
2025-06-23,00:35,New York Yankees,Baltimore Orioles,4,2,Yankee Stadium,Partly Cloudy,74,Final
2025-06-23,01:10,Tampa Bay Rays,Detroit Tigers,3,9,George M. Steinbrenner Field,Sunny,89,Final
2025-06-23,02:35,Pittsburgh Pirates,Texas Rangers,8,3,PNC Park,Sunny,91,Final
2025-06-23,02:37,Toronto Blue Jays,Chicago White Sox,2,4,Rogers Centre,Roof Closed,68,Final
2025-06-23,02:40,Miami Marlins,Atlanta Braves,5,3,loanDepot park,Roof Closed,72,Final
2025-06-23,03:10,Minnesota Twins,Milwaukee Brewers,8,9,Target Field,Partly Cloudy,92,Final
2025-06-23,03:15,St. Louis Cardinals,Cincinnati Reds,1,4,Busch Stadium,Sunny,93,Final
2025-06-23,03:20,Chicago Cubs,Seattle Mariners,6,14,Wrigley Field,Sunny,92,Final
2025-06-23,04:10,Colorado Rockies,Arizona Diamondbacks,4,2,Coors Field,Sunny,89,Final
2025-06-23,05:05,Athletics,Cleveland Guardians,0,3,Sutter Health Park,Sunny,77,Final
2025-06-23,05:05,San Francisco Giants,Boston Red Sox,9,5,Oracle Park,Sunny,69,Final
2025-06-23,05:07,Los Angeles Angels,Houston Astros,7,8,Angel Stadium,Sunny,77,Final
2025-06-23,05:10,Los Angeles Dodgers,Washington Nationals,13,7,Dodger Stadium,Sunny,77,Final
2025-06-23,05:10,San Diego Padres,Kansas City Royals,3,2,Petco Park,Sunny,70,Final
2025-06-23,08:10,Philadelphia Phillies,New York Mets,7,1,Citizens Bank Park,Clear,87,Final
2025-06-24,07:35,Baltimore Orioles,Texas Rangers,6,0,Oriole Park at Camden Yards,Clear,100,Final
2025-06-24,08:10,New York Mets,Atlanta Braves,2,3,Citi Field,Partly Cloudy,87,Final
2025-06-24,08:10,Cincinnati Reds,New York Yankees,6,1,Great American Ball Park,Clear,92,Final
2025-06-24,08:40,Minnesota Twins,Seattle Mariners,2,11,Target Field,Clear,80,Final
2025-06-24,08:40,Chicago White Sox,Arizona Diamondbacks,0,10,Rate Field,Clear,93,Final
2025-06-24,08:40,Milwaukee Brewers,Pittsburgh Pirates,4,5,American Family Field,Clear,91,Final
2025-06-24,08:45,St. Louis Cardinals,Chicago Cubs,8,2,Busch Stadium,Clear,94,Final
2025-06-24,10:38,Los Angeles Angels,Boston Red Sox,9,5,Angel Stadium,Clear,70,Final
2025-06-24,10:40,San Diego Padres,Washington Nationals,6,10,Petco Park,Partly Cloudy,64,Final
2025-06-25,07:35,Baltimore Orioles,Texas Rangers,5,6,Oriole Park at Camden Yards,Clear,100,Final
2025-06-25,07:40,Detroit Tigers,Athletics,11,4,Comerica Park,Cloudy,84,Final
2025-06-25,07:40,Cleveland Guardians,Toronto Blue Jays,6,10,Progressive Field,Partly Cloudy,90,Final
2025-06-25,08:10,New York Mets,Atlanta Braves,4,7,Citi Field,Clear,97,Final
2025-06-25,08:10,Cincinnati Reds,New York Yankees,5,4,Great American Ball Park,Clear,91,Final
2025-06-25,08:40,Kansas City Royals,Tampa Bay Rays,1,5,Kauffman Stadium,Clear,90,Final
2025-06-25,08:40,Minnesota Twins,Seattle Mariners,5,6,Target Field,Partly Cloudy,80,Final
2025-06-25,08:40,Chicago White Sox,Arizona Diamondbacks,1,4,Rate Field,Partly Cloudy,79,Final
2025-06-25,08:40,Milwaukee Brewers,Pittsburgh Pirates,9,3,American Family Field,Roof Closed,82,Final
2025-06-25,08:45,St. Louis Cardinals,Chicago Cubs,8,7,Busch Stadium,Partly Cloudy,93,Final
2025-06-25,09:10,Houston Astros,Philadelphia Phillies,1,0,Daikin Park,Roof Closed,73,Final
2025-06-25,09:40,Colorado Rockies,Los Angeles Dodgers,7,9,Coors Field,Cloudy,70,Final
2025-06-25,10:38,Los Angeles Angels,Boston Red Sox,3,2,Angel Stadium,Clear,73,Final
2025-06-25,10:40,San Diego Padres,Washington Nationals,4,3,Petco Park,Clear,67,Final
2025-06-25,10:45,San Francisco Giants,Miami Marlins,2,4,Oracle Park,Partly Cloudy,57,Final
2025-06-26,03:10,Chicago White Sox,Arizona Diamondbacks,7,3,Rate Field,Partly Cloudy,78,Final
2025-06-26,03:10,Milwaukee Brewers,Pittsburgh Pirates,4,2,American Family Field,Overcast,74,Final
2025-06-26,05:07,Los Angeles Angels,Boston Red Sox,5,2,Angel Stadium,Sunny,78,Final
2025-06-26,05:10,San Diego Padres,Washington Nationals,1,0,Petco Park,Sunny,71,Final
2025-06-26,07:35,Baltimore Orioles,Texas Rangers,0,7,Oriole Park at Camden Yards,Partly Cloudy,89,Final
2025-06-26,07:40,Detroit Tigers,Athletics,0,3,Comerica Park,Partly Cloudy,76,Final
2025-06-26,07:40,Cleveland Guardians,Toronto Blue Jays,5,4,Progressive Field,Partly Cloudy,82,Final
2025-06-26,08:10,New York Mets,Atlanta Braves,7,3,Citi Field,Clear,93,Final
2025-06-26,08:10,Cincinnati Reds,New York Yankees,1,7,Great American Ball Park,Partly Cloudy,89,Final
2025-06-26,08:40,Kansas City Royals,Tampa Bay Rays,0,3,Kauffman Stadium,Clear,90,Final
2025-06-26,08:40,Minnesota Twins,Seattle Mariners,2,0,Target Field,Overcast,66,Final
2025-06-26,08:45,St. Louis Cardinals,Chicago Cubs,0,8,Busch Stadium,Partly Cloudy,88,Final
2025-06-26,09:10,Houston Astros,Philadelphia Phillies,2,0,Daikin Park,Roof Closed,73,Final
2025-06-26,09:40,Colorado Rockies,Los Angeles Dodgers,1,8,Coors Field,Partly Cloudy,80,Final
2025-06-26,10:45,San Francisco Giants,Miami Marlins,5,8,Oracle Park,Partly Cloudy,60,Final
2025-06-27,02:10,Detroit Tigers,Athletics,8,0,Comerica Park,Cloudy,88,Final
2025-06-27,02:10,Cleveland Guardians,Toronto Blue Jays,0,6,Progressive Field,Partly Cloudy,85,Final
2025-06-27,02:10,Minnesota Twins,Seattle Mariners,10,1,Target Field,Overcast,63,Final
2025-06-27,03:10,Kansas City Royals,Tampa Bay Rays,0,4,Kauffman Stadium,Partly Cloudy,87,Final
2025-06-27,03:10,Houston Astros,Philadelphia Phillies,2,1,Daikin Park,Roof Closed,73,Final
2025-06-27,03:15,St. Louis Cardinals,Chicago Cubs,0,3,Busch Stadium,Cloudy,89,Final
2025-06-27,04:10,Colorado Rockies,Los Angeles Dodgers,1,3,Coors Field,Partly Cloudy,83,Final
2025-06-27,04:45,San Francisco Giants,Miami Marlins,5,12,Oracle Park,Sunny,63,Final
2025-06-27,08:10,New York Mets,Atlanta Braves,4,0,Citi Field,Cloudy,69,Final
2025-06-28,07:40,Pittsburgh Pirates,New York Mets,9,1,PNC Park,Partly Cloudy,73,Final
2025-06-28,08:05,Baltimore Orioles,Tampa Bay Rays,22,8,Oriole Park at Camden Yards,Cloudy,75,Final
2025-06-28,08:05,New York Yankees,Athletics,3,0,Yankee Stadium,Cloudy,71,Final
2025-06-28,08:10,Cincinnati Reds,San Diego Padres,8,1,Great American Ball Park,Partly Cloudy,84,Final
2025-06-28,08:10,Cleveland Guardians,St. Louis Cardinals,0,5,Progressive Field,Cloudy,87,Final
2025-06-28,08:10,Boston Red Sox,Toronto Blue Jays,0,9,Fenway Park,Partly Cloudy,71,Final
2025-06-28,08:10,Detroit Tigers,Minnesota Twins,1,4,Comerica Park,Clear,84,Final
2025-06-28,08:15,Atlanta Braves,Philadelphia Phillies,0,13,Truist Park,Rain,71,Final
2025-06-28,08:40,Chicago White Sox,San Francisco Giants,1,3,Rate Field,Partly Cloudy,87,Final
2025-06-28,09:05,Texas Rangers,Seattle Mariners,6,7,Globe Life Field,Roof Closed,74,Final
2025-06-28,09:10,Houston Astros,Chicago Cubs,7,4,Daikin Park,Roof Closed,73,Final
2025-06-28,09:10,Kansas City Royals,Los Angeles Dodgers,4,5,Kauffman Stadium,Clear,87,Final
2025-06-28,09:10,Milwaukee Brewers,Colorado Rockies,10,6,American Family Field,Partly Cloudy,79,Final
2025-06-28,10:38,Los Angeles Angels,Washington Nationals,9,15,Angel Stadium,Clear,75,Final
2025-06-28,10:40,Arizona Diamondbacks,Miami Marlins,8,9,Chase Field,Roof Closed,76,Final
2025-06-29,02:05,New York Yankees,Athletics,0,7,Yankee Stadium,Partly Cloudy,76,Final
2025-06-29,02:10,Detroit Tigers,Minnesota Twins,10,5,Comerica Park,Sunny,82,Final
2025-06-29,05:05,Pittsburgh Pirates,New York Mets,9,2,PNC Park,Overcast,82,Final
2025-06-29,05:05,Baltimore Orioles,Tampa Bay Rays,3,11,Oriole Park at Camden Yards,Partly Cloudy,91,Final
2025-06-29,05:05,Texas Rangers,Seattle Mariners,3,2,Globe Life Field,Roof Closed,74,Final
2025-06-29,05:10,Kansas City Royals,Los Angeles Dodgers,9,5,Kauffman Stadium,Partly Cloudy,87,Final
2025-06-29,05:10,Cincinnati Reds,San Diego Padres,4,6,Great American Ball Park,Overcast,91,Final
2025-06-29,05:10,Cleveland Guardians,St. Louis Cardinals,6,9,Progressive Field,Partly Cloudy,82,Final
2025-06-29,05:10,Boston Red Sox,Toronto Blue Jays,15,1,Fenway Park,Overcast,70,Final
2025-06-29,05:10,Chicago White Sox,San Francisco Giants,1,0,Rate Field,Sunny,81,Final
2025-06-29,05:10,Arizona Diamondbacks,Miami Marlins,7,8,Chase Field,Roof Closed,76,Final
2025-06-29,05:10,Milwaukee Brewers,Colorado Rockies,5,0,American Family Field,Sunny,75,Final
2025-06-29,08:15,Houston Astros,Chicago Cubs,3,12,Daikin Park,Roof Closed,73,Final
2025-06-29,08:15,Atlanta Braves,Philadelphia Phillies,6,1,Truist Park,Cloudy,88,Final
2025-06-29,10:38,Los Angeles Angels,Washington Nationals,8,2,Angel Stadium,Clear,80,Final
2025-06-30,01:05,Cleveland Guardians,St. Louis Cardinals,0,7,Progressive Field,Sunny,82,Final
2025-06-30,02:35,Pittsburgh Pirates,New York Mets,12,1,PNC Park,Partly Cloudy,80,Final
2025-06-30,02:35,Baltimore Orioles,Tampa Bay Rays,5,1,Oriole Park at Camden Yards,Partly Cloudy,94,Final
2025-06-30,02:35,Boston Red Sox,Toronto Blue Jays,3,5,Fenway Park,Sunny,85,Final
2025-06-30,02:35,Atlanta Braves,Philadelphia Phillies,1,2,Truist Park,Sunny,87,Final
2025-06-30,02:35,New York Yankees,Athletics,12,5,Yankee Stadium,Partly Cloudy,88,Final
2025-06-30,02:40,Cincinnati Reds,San Diego Padres,3,2,Great American Ball Park,Partly Cloudy,84,Final
2025-06-30,03:10,Houston Astros,Chicago Cubs,2,0,Daikin Park,Roof Closed,73,Final
2025-06-30,03:10,Kansas City Royals,Los Angeles Dodgers,1,5,Kauffman Stadium,Cloudy,84,Final
2025-06-30,03:10,Chicago White Sox,San Francisco Giants,5,2,Rate Field,Partly Cloudy,89,Final
2025-06-30,03:10,Milwaukee Brewers,Colorado Rockies,3,4,American Family Field,Partly Cloudy,88,Final
2025-06-30,03:35,Texas Rangers,Seattle Mariners,4,6,Globe Life Field,Roof Closed,74,Final
2025-06-30,05:07,Los Angeles Angels,Washington Nationals,4,7,Angel Stadium,Sunny,82,Final
2025-06-30,05:10,Arizona Diamondbacks,Miami Marlins,4,6,Chase Field,Roof Closed,76,Final
2025-06-30,08:10,Detroit Tigers,Minnesota Twins,3,0,Comerica Park,Clear,86,Final
2025-07-01,07:35,Philadelphia Phillies,San Diego Padres,4,0,Citizens Bank Park,Cloudy,77,Final
2025-07-01,07:40,Pittsburgh Pirates,St. Louis Cardinals,7,0,PNC Park,Partly Cloudy,76,Final
2025-07-01,08:07,Toronto Blue Jays,New York Yankees,5,4,Rogers Centre,Roof Closed,68,Final
2025-07-01,08:10,Boston Red Sox,Cincinnati Reds,13,6,Fenway Park,Clear,82,Final
2025-07-01,08:35,Tampa Bay Rays,Athletics,4,6,George M. Steinbrenner Field,Partly Cloudy,82,Final
2025-07-01,09:05,Texas Rangers,Baltimore Orioles,6,10,Globe Life Field,Roof Closed,74,Final
2025-07-01,10:40,Seattle Mariners,Kansas City Royals,6,2,T-Mobile Park,Clear,82,Final
2025-07-01,10:40,Arizona Diamondbacks,San Francisco Giants,4,2,Chase Field,Roof Closed,78,Final
2025-07-02,04:07,Toronto Blue Jays,New York Yankees,12,5,Rogers Centre,Sunny,77,Final
2025-07-02,07:40,Pittsburgh Pirates,St. Louis Cardinals,1,0,PNC Park,Partly Cloudy,76,Final
2025-07-02,07:40,Miami Marlins,Minnesota Twins,2,0,loanDepot park,Roof Closed,72,Final
2025-07-02,08:05,Tampa Bay Rays,Athletics,3,4,George M. Steinbrenner Field,Partly Cloudy,84,Final
2025-07-02,08:10,Boston Red Sox,Cincinnati Reds,5,3,Fenway Park,Partly Cloudy,84,Final
2025-07-02,08:15,Atlanta Braves,Los Angeles Angels,0,4,Truist Park,Partly Cloudy,78,Final
2025-07-02,09:05,Chicago Cubs,Cleveland Guardians,5,2,Wrigley Field,Clear,80,Final
2025-07-02,09:05,Texas Rangers,Baltimore Orioles,10,2,Globe Life Field,Roof Closed,74,Final
2025-07-02,09:40,Colorado Rockies,Houston Astros,5,6,Coors Field,Cloudy,85,Final
2025-07-02,10:40,Seattle Mariners,Kansas City Royals,3,6,T-Mobile Park,Clear,80,Final
2025-07-02,10:40,Arizona Diamondbacks,San Francisco Giants,8,2,Chase Field,Roof Closed,76,Final
2025-07-02,11:10,Los Angeles Dodgers,Chicago White Sox,6,1,Dodger Stadium,Clear,69,Final
2025-07-02,07:35,Philadelphia Phillies,San Diego Padres,0,0,Citizens Bank Park,Partly Cloudy,84,Final
2025-07-02,07:45,Washington Nationals,Detroit Tigers,0,0,Nationals Park,Partly Cloudy,80,Final
2025-07-02,08:10,New York Mets,Milwaukee Brewers,0,0,Citi Field,Cloudy,81,Final
2025-07-03,01:10,Tampa Bay Rays,Athletics,6,5,George M. Steinbrenner Field,Overcast,84,Final
2025-07-03,01:35,Pittsburgh Pirates,St. Louis Cardinals,5,0,PNC Park,Sunny,78,Final
2025-07-03,02:05,Washington Nationals,Detroit Tigers,2,11,Nationals Park,Partly Cloudy,80,Final
2025-07-03,07:45,Washington Nationals,Detroit Tigers,9,4,Nationals Park,Partly Cloudy,84,Final
2025-07-03,02:05,Philadelphia Phillies,San Diego Padres,4,6,Citizens Bank Park,Cloudy,80,Final
2025-07-03,07:15,Philadelphia Phillies,San Diego Padres,5,1,Citizens Bank Park,Partly Cloudy,84,Final
2025-07-03,02:10,New York Mets,Milwaukee Brewers,2,7,Citi Field,Cloudy,81,Final
2025-07-03,08:10,New York Mets,Milwaukee Brewers,7,3,Citi Field,Clear,81,Final
2025-07-03,03:30,Boston Red Sox,Cincinnati Reds,5,3,Fenway Park,Partly Cloudy,84,Final
2025-07-03,07:40,Miami Marlins,Minnesota Twins,1,2,loanDepot park,Roof Closed,72,Final
2025-07-03,08:07,Toronto Blue Jays,New York Yankees,11,9,Rogers Centre,Partly Cloudy,74,Final
2025-07-03,08:10,Boston Red Sox,Cincinnati Reds,4,8,Fenway Park,Cloudy,82,Final
2025-07-03,08:15,Atlanta Braves,Los Angeles Angels,8,3,Truist Park,Clear,89,Final
2025-07-03,09:05,Chicago Cubs,Cleveland Guardians,5,4,Wrigley Field,Partly Cloudy,84,Final
2025-07-03,09:05,Texas Rangers,Baltimore Orioles,6,0,Globe Life Field,Roof Closed,74,Final
2025-07-03,09:40,Colorado Rockies,Houston Astros,3,5,Coors Field,Partly Cloudy,92,Final
2025-07-03,10:40,Seattle Mariners,Kansas City Royals,3,2,T-Mobile Park,Cloudy,71,Final
2025-07-03,10:40,Arizona Diamondbacks,San Francisco Giants,5,6,Chase Field,Roof Closed,78,Final
2025-07-03,11:10,Los Angeles Dodgers,Chicago White Sox,5,4,Dodger Stadium,Clear,69,Final
2025-07-04,01:10,Miami Marlins,Minnesota Twins,4,1,loanDepot park,Roof Closed,72,Final
2025-07-04,04:10,Colorado Rockies,Houston Astros,7,6,Coors Field,Partly Cloudy,90,Final
2025-07-04,07:45,Washington Nationals,Detroit Tigers,11,7,Nationals Park,Clear,92,Final
2025-07-04,08:07,Toronto Blue Jays,New York Yankees,8,5,Rogers Centre,Clear,74,Final
2025-07-04,08:10,New York Mets,Milwaukee Brewers,3,2,Citi Field,Cloudy,71,Final
2025-07-04,08:15,Atlanta Braves,Los Angeles Angels,1,5,Truist Park,Partly Cloudy,88,Final
2025-07-04,09:05,Chicago Cubs,Cleveland Guardians,1,0,Wrigley Field,Clear,84,Final
2025-07-04,10:40,Arizona Diamondbacks,San Francisco Giants,2,7,Chase Field,Roof Closed,78,Final
2025-07-04,11:10,Seattle Mariners,Kansas City Royals,2,3,T-Mobile Park,Clear,68,Final
2025-07-04,11:10,Los Angeles Dodgers,Chicago White Sox,6,2,Dodger Stadium,Clear,73,Final
2025-07-05,00:05,Washington Nationals,Boston Red Sox,2,11,Nationals Park,Sunny,83,Final
2025-07-05,02:05,Philadelphia Phillies,Cincinnati Reds,6,9,Citizens Bank Park,Sunny,82,Final
2025-07-05,03:20,Chicago Cubs,St. Louis Cardinals,11,3,Wrigley Field,Cloudy,80,Final
2025-07-05,04:10,New York Mets,New York Yankees,6,5,Citi Field,Sunny,82,Final
2025-07-05,05:10,Seattle Mariners,Pittsburgh Pirates,6,0,T-Mobile Park,Partly Cloudy,71,Final
2025-07-05,05:10,Minnesota Twins,Tampa Bay Rays,4,3,Target Field,Partly Cloudy,92,Final
2025-07-05,07:40,San Diego Padres,Texas Rangers,3,2,Petco Park,Sunny,74,Final
2025-07-05,08:07,Toronto Blue Jays,Los Angeles Angels,4,3,Rogers Centre,Clear,75,Final
2025-07-05,08:10,Cleveland Guardians,Detroit Tigers,1,2,Progressive Field,Clear,85,Final
2025-07-05,08:10,Miami Marlins,Milwaukee Brewers,5,6,loanDepot park,Roof Closed,72,Final
2025-07-05,08:15,Atlanta Braves,Baltimore Orioles,2,3,Truist Park,Partly Cloudy,90,Final
2025-07-05,09:10,Colorado Rockies,Chicago White Sox,2,3,Coors Field,Clear,87,Final
2025-07-05,10:10,Los Angeles Dodgers,Houston Astros,1,18,Dodger Stadium,Clear,77,Final
2025-07-05,10:40,Arizona Diamondbacks,Kansas City Royals,3,9,Chase Field,Roof Closed,76,Final
2025-07-05,11:05,Athletics,San Francisco Giants,11,2,Sutter Health Park,Clear,77,Final
2025-07-06,03:10,Minnesota Twins,Tampa Bay Rays,6,5,Target Field,Overcast,80,Final
2025-07-06,03:20,Chicago Cubs,St. Louis Cardinals,6,8,Wrigley Field,Partly Cloudy,85,Final
2025-07-06,04:07,Toronto Blue Jays,Los Angeles Angels,4,3,Rogers Centre,Sunny,75,Final
2025-07-06,05:05,Washington Nationals,Boston Red Sox,3,10,Nationals Park,Partly Cloudy,89,Final
2025-07-06,05:05,Philadelphia Phillies,Cincinnati Reds,5,1,Citizens Bank Park,Sunny,88,Final
2025-07-06,05:10,Arizona Diamondbacks,Kansas City Royals,7,1,Chase Field,Roof Closed,78,Final
2025-07-06,05:10,Atlanta Braves,Baltimore Orioles,6,9,Truist Park,Sunny,91,Final
2025-07-06,05:10,New York Mets,New York Yankees,12,6,Citi Field,Sunny,85,Final
2025-07-06,05:10,Miami Marlins,Milwaukee Brewers,4,2,loanDepot park,Roof Closed,72,Final
2025-07-06,08:15,Cleveland Guardians,Detroit Tigers,0,1,Progressive Field,Clear,89,Final
2025-07-06,08:15,Los Angeles Dodgers,Houston Astros,4,6,Dodger Stadium,Sunny,82,Final
2025-07-06,10:10,Colorado Rockies,Chicago White Sox,3,10,Coors Field,Cloudy,78,Final
2025-07-06,10:40,San Diego Padres,Texas Rangers,4,7,Petco Park,Clear,70,Final
2025-07-06,11:05,Athletics,San Francisco Giants,2,7,Sutter Health Park,Clear,86,Final
2025-07-06,11:10,Seattle Mariners,Pittsburgh Pirates,1,0,T-Mobile Park,Clear,72,Final
2025-07-07,00:35,Atlanta Braves,Baltimore Orioles,1,2,Truist Park,Sunny,86,Final
2025-07-07,02:35,Washington Nationals,Boston Red Sox,4,6,Nationals Park,Partly Cloudy,86,Final
2025-07-07,02:35,Philadelphia Phillies,Cincinnati Reds,3,1,Citizens Bank Park,Partly Cloudy,88,Final
2025-07-07,02:37,Toronto Blue Jays,Los Angeles Angels,3,2,Rogers Centre,Roof Closed,68,Final
2025-07-07,02:40,Cleveland Guardians,Detroit Tigers,2,7,Progressive Field,Partly Cloudy,91,Final
2025-07-07,02:40,New York Mets,New York Yankees,4,6,Citi Field,Sunny,87,Final
2025-07-07,02:40,Miami Marlins,Milwaukee Brewers,1,3,loanDepot park,Roof Closed,72,Final
2025-07-07,03:10,Minnesota Twins,Tampa Bay Rays,5,7,Target Field,Sunny,80,Final
2025-07-07,04:10,Colorado Rockies,Chicago White Sox,6,4,Coors Field,Partly Cloudy,88,Final
2025-07-07,05:10,Arizona Diamondbacks,Kansas City Royals,0,4,Chase Field,Roof Closed,76,Final
2025-07-07,05:10,Los Angeles Dodgers,Houston Astros,1,5,Dodger Stadium,Sunny,84,Final
2025-07-07,05:10,Seattle Mariners,Pittsburgh Pirates,1,0,T-Mobile Park,Sunny,72,Final
2025-07-07,07:10,Chicago Cubs,St. Louis Cardinals,11,0,Wrigley Field,Overcast,69,Final
2025-07-07,10:10,San Diego Padres,Texas Rangers,4,1,Petco Park,Clear,70,Final
2025-07-07,11:05,Athletics,San Francisco Giants,2,6,Sutter Health Park,Clear,88,Final
2025-07-08,07:40,Detroit Tigers,Tampa Bay Rays,5,1,Comerica Park,Partly Cloudy,74,Final
2025-07-08,08:10,Boston Red Sox,Colorado Rockies,9,3,Fenway Park,Partly Cloudy,83,Final
2025-07-08,08:10,Cincinnati Reds,Miami Marlins,1,5,Great American Ball Park,Overcast,78,Final
2025-07-08,08:40,Kansas City Royals,Pittsburgh Pirates,9,3,Kauffman Stadium,Partly Cloudy,89,Final
2025-07-08,08:40,Chicago White Sox,Toronto Blue Jays,4,8,Rate Field,Clear,75,Final
2025-07-08,08:40,Milwaukee Brewers,Los Angeles Dodgers,9,1,American Family Field,Partly Cloudy,68,Final
2025-07-08,09:10,Houston Astros,Cleveland Guardians,5,7,Daikin Park,Roof Closed,73,Final
2025-07-08,10:38,Los Angeles Angels,Texas Rangers,6,5,Angel Stadium,Clear,76,Final
2025-07-08,10:40,San Diego Padres,Arizona Diamondbacks,3,6,Petco Park,Clear,70,Final
2025-07-08,10:45,San Francisco Giants,Philadelphia Phillies,3,1,Oracle Park,Clear,61,Final
2025-07-09,07:35,Baltimore Orioles,New York Mets,6,7,Oriole Park at Camden Yards,Overcast,81,Final
2025-07-09,07:40,Detroit Tigers,Tampa Bay Rays,4,2,Comerica Park,Clear,83,Final
2025-07-09,08:05,New York Yankees,Seattle Mariners,10,3,Yankee Stadium,Cloudy,88,Final
2025-07-09,08:10,Boston Red Sox,Colorado Rockies,10,2,Fenway Park,Partly Cloudy,90,Final
2025-07-09,08:10,Cincinnati Reds,Miami Marlins,2,12,Great American Ball Park,Partly Cloudy,86,Final
2025-07-09,08:40,Kansas City Royals,Pittsburgh Pirates,4,3,Kauffman Stadium,Partly Cloudy,86,Final
2025-07-09,08:40,Minnesota Twins,Chicago Cubs,8,1,Target Field,Partly Cloudy,82,Final
2025-07-09,08:40,Chicago White Sox,Toronto Blue Jays,1,6,Rate Field,Cloudy,77,Final
2025-07-09,08:40,Milwaukee Brewers,Los Angeles Dodgers,3,1,American Family Field,Partly Cloudy,79,Final
2025-07-09,08:45,St. Louis Cardinals,Washington Nationals,4,2,Busch Stadium,Overcast,73,Final
2025-07-09,09:10,Houston Astros,Cleveland Guardians,6,10,Daikin Park,Roof Closed,73,Final
2025-07-09,10:38,Los Angeles Angels,Texas Rangers,1,13,Angel Stadium,Clear,83,Final
2025-07-09,10:40,San Diego Padres,Arizona Diamondbacks,1,0,Petco Park,Clear,72,Final
2025-07-09,10:45,San Francisco Giants,Philadelphia Phillies,4,3,Oracle Park,Partly Cloudy,63,Final
2025-07-09,11:05,Athletics,Atlanta Braves,10,1,Sutter Health Park,Clear,85,Final
2025-07-10,03:10,Chicago White Sox,Toronto Blue Jays,2,1,Rate Field,Cloudy,80,Final
2025-07-10,03:10,Milwaukee Brewers,Los Angeles Dodgers,3,2,American Family Field,Sunny,71,Final
2025-07-10,04:45,San Francisco Giants,Philadelphia Phillies,0,13,Oracle Park,Partly Cloudy,64,Final
2025-07-10,06:10,Detroit Tigers,Tampa Bay Rays,3,7,Comerica Park,Partly Cloudy,80,Final
2025-07-10,08:05,New York Yankees,Seattle Mariners,9,6,Yankee Stadium,Partly Cloudy,88,Final
2025-07-10,08:10,Boston Red Sox,Colorado Rockies,10,2,Fenway Park,Partly Cloudy,72,Final
2025-07-10,08:10,Cincinnati Reds,Miami Marlins,7,2,Great American Ball Park,Partly Cloudy,82,Final
2025-07-10,08:40,Kansas City Royals,Pittsburgh Pirates,4,3,Kauffman Stadium,Clear,91,Final
2025-07-10,08:40,Minnesota Twins,Chicago Cubs,4,2,Target Field,Partly Cloudy,85,Final
2025-07-10,08:45,St. Louis Cardinals,Washington Nationals,2,8,Busch Stadium,Clear,87,Final
2025-07-10,09:10,Houston Astros,Cleveland Guardians,2,4,Daikin Park,Roof Closed,73,Final
2025-07-10,10:38,Los Angeles Angels,Texas Rangers,11,8,Angel Stadium,Clear,82,Final
2025-07-10,10:40,San Diego Padres,Arizona Diamondbacks,2,8,Petco Park,Clear,72,Final
2025-07-10,11:05,Athletics,Atlanta Braves,2,9,Sutter Health Park,Clear,90,Final
2025-07-10,08:05,Baltimore Orioles,New York Mets,0,0,Oriole Park at Camden Yards,Partly Cloudy,82,Final
2025-07-11,01:05,Baltimore Orioles,New York Mets,3,1,Oriole Park at Camden Yards,Cloudy,81,Final
2025-07-11,06:05,Baltimore Orioles,New York Mets,7,3,Oriole Park at Camden Yards,Partly Cloudy,82,Final
2025-07-11,02:10,Minnesota Twins,Chicago Cubs,1,8,Target Field,Overcast,81,Final
2025-07-11,06:10,Cincinnati Reds,Miami Marlins,6,0,Great American Ball Park,Partly Cloudy,87,Final
2025-07-11,08:05,New York Yankees,Seattle Mariners,6,5,Yankee Stadium,Partly Cloudy,80,Final
2025-07-11,08:10,Boston Red Sox,Tampa Bay Rays,4,3,Fenway Park,Overcast,69,Final
2025-07-11,08:45,St. Louis Cardinals,Washington Nationals,8,1,Busch Stadium,Clear,87,Final
2025-07-11,10:05,Athletics,Atlanta Braves,5,4,Sutter Health Park,Clear,99,Final
2025-07-11,10:38,Los Angeles Angels,Texas Rangers,4,11,Angel Stadium,Partly Cloudy,79,Final
2025-07-11,10:40,San Diego Padres,Arizona Diamondbacks,4,3,Petco Park,Clear,72,Final
2025-07-11,08:40,Chicago White Sox,Cleveland Guardians,0,0,Rate Field,Cloudy,84,Final
2025-07-12,04:10,Chicago White Sox,Cleveland Guardians,2,4,Rate Field,Cloudy,84,Final
2025-07-12,09:10,Chicago White Sox,Cleveland Guardians,5,4,Rate Field,Cloudy,85,Final
2025-07-12,08:05,Baltimore Orioles,Miami Marlins,5,2,Oriole Park at Camden Yards,Partly Cloudy,87,Final
2025-07-12,08:05,New York Yankees,Chicago Cubs,11,0,Yankee Stadium,Partly Cloudy,81,Final
2025-07-12,08:10,Cincinnati Reds,Colorado Rockies,2,3,Great American Ball Park,Clear,89,Final
2025-07-12,08:10,Detroit Tigers,Seattle Mariners,3,12,Comerica Park,Partly Cloudy,83,Final
2025-07-12,08:10,Boston Red Sox,Tampa Bay Rays,5,4,Fenway Park,Partly Cloudy,78,Final
2025-07-12,09:10,Kansas City Royals,New York Mets,3,8,Kauffman Stadium,Overcast,83,Final
2025-07-12,09:10,Houston Astros,Texas Rangers,3,7,Daikin Park,Roof Closed,73,Final
2025-07-12,09:10,Minnesota Twins,Pittsburgh Pirates,2,1,Target Field,Overcast,83,Final
2025-07-12,09:10,Milwaukee Brewers,Washington Nationals,8,3,American Family Field,Roof Closed,76,Final
2025-07-12,09:15,St. Louis Cardinals,Atlanta Braves,5,6,Busch Stadium,Partly Cloudy,91,Final
2025-07-12,10:38,Los Angeles Angels,Arizona Diamondbacks,6,5,Angel Stadium,Clear,74,Final
2025-07-12,10:40,San Diego Padres,Philadelphia Phillies,4,2,Petco Park,Partly Cloudy,68,Final
2025-07-12,11:05,Athletics,Toronto Blue Jays,6,7,Sutter Health Park,Clear,96,Final
2025-07-12,11:15,San Francisco Giants,Los Angeles Dodgers,8,7,Oracle Park,Clear,60,Final
2025-07-13,02:05,New York Yankees,Chicago Cubs,2,5,Yankee Stadium,Partly Cloudy,84,Final
2025-07-13,02:10,Detroit Tigers,Seattle Mariners,7,15,Comerica Park,Partly Cloudy,80,Final
2025-07-13,03:10,Minnesota Twins,Pittsburgh Pirates,12,4,Target Field,Cloudy,77,Final
2025-07-13,03:15,St. Louis Cardinals,Atlanta Braves,6,7,Busch Stadium,Overcast,83,Final
2025-07-13,05:05,San Francisco Giants,Los Angeles Dodgers,1,2,Oracle Park,Sunny,62,Final
2025-07-13,05:05,Baltimore Orioles,Miami Marlins,0,6,Oriole Park at Camden Yards,Partly Cloudy,89,Final
2025-07-13,05:10,Cincinnati Reds,Colorado Rockies,4,3,Great American Ball Park,Cloudy,86,Final
2025-07-13,05:10,Kansas City Royals,New York Mets,1,3,Kauffman Stadium,Partly Cloudy,84,Final
2025-07-13,05:10,Boston Red Sox,Tampa Bay Rays,1,0,Fenway Park,Partly Cloudy,80,Final
2025-07-13,05:10,Chicago White Sox,Cleveland Guardians,2,6,Rate Field,Cloudy,83,Final
2025-07-13,05:10,Milwaukee Brewers,Washington Nationals,6,5,American Family Field,Partly Cloudy,83,Final
2025-07-13,08:35,Houston Astros,Texas Rangers,5,4,Daikin Park,Roof Closed,73,Final
2025-07-13,08:35,San Diego Padres,Philadelphia Phillies,5,4,Petco Park,Sunny,71,Final
2025-07-13,10:38,Los Angeles Angels,Arizona Diamondbacks,10,5,Angel Stadium,Clear,74,Final
2025-07-13,11:05,Athletics,Toronto Blue Jays,4,3,Sutter Health Park,Clear,87,Final
2025-07-14,02:35,Boston Red Sox,Tampa Bay Rays,4,1,Fenway Park,Sunny,77,Final
2025-07-14,02:35,Baltimore Orioles,Miami Marlins,1,11,Oriole Park at Camden Yards,Overcast,87,Final
2025-07-14,02:35,New York Yankees,Chicago Cubs,1,4,Yankee Stadium,Partly Cloudy,81,Final
2025-07-14,02:40,Cincinnati Reds,Colorado Rockies,4,2,Great American Ball Park,Partly Cloudy,78,Final
2025-07-14,02:40,Detroit Tigers,Seattle Mariners,4,8,Comerica Park,Sunny,86,Final
2025-07-14,03:10,Kansas City Royals,New York Mets,3,2,Kauffman Stadium,Sunny,85,Final
2025-07-14,03:10,Houston Astros,Texas Rangers,1,5,Daikin Park,Roof Closed,73,Final
2025-07-14,03:10,Minnesota Twins,Pittsburgh Pirates,1,2,Target Field,Partly Cloudy,84,Final
2025-07-14,03:10,Chicago White Sox,Cleveland Guardians,5,6,Rate Field,Cloudy,83,Final
2025-07-14,03:10,Milwaukee Brewers,Washington Nationals,8,1,American Family Field,Sunny,80,Final
2025-07-14,03:15,St. Louis Cardinals,Atlanta Braves,5,4,Busch Stadium,Rain,78,Final
2025-07-14,05:05,San Francisco Giants,Los Angeles Dodgers,2,5,Oracle Park,Sunny,64,Final
2025-07-14,05:05,Athletics,Toronto Blue Jays,6,3,Sutter Health Park,Sunny,85,Final
2025-07-14,05:07,Los Angeles Angels,Arizona Diamondbacks,1,5,Angel Stadium,Sunny,79,Final
2025-07-14,05:10,San Diego Padres,Philadelphia Phillies,1,2,Petco Park,Sunny,72,Final
2025-07-19,03:20,Chicago Cubs,Boston Red Sox,4,1,Wrigley Field,Sunny,75,Final
2025-07-19,07:40,Pittsburgh Pirates,Chicago White Sox,1,10,PNC Park,Partly Cloudy,75,Final
2025-07-19,07:45,Washington Nationals,San Diego Padres,2,7,Nationals Park,Partly Cloudy,86,Final
2025-07-19,07:45,Philadelphia Phillies,Los Angeles Angels,5,6,Citizens Bank Park,Partly Cloudy,84,Final
2025-07-19,08:07,Toronto Blue Jays,San Francisco Giants,4,0,Rogers Centre,Clear,72,Final
2025-07-19,08:10,New York Mets,Cincinnati Reds,4,8,Citi Field,Clear,82,Final
2025-07-19,08:10,Cleveland Guardians,Athletics,8,6,Progressive Field,Clear,74,Final
2025-07-19,08:10,Miami Marlins,Kansas City Royals,8,7,loanDepot park,Roof Closed,72,Final
2025-07-19,08:15,Atlanta Braves,New York Yankees,7,3,Truist Park,Cloudy,79,Final
2025-07-19,08:35,Tampa Bay Rays,Baltimore Orioles,11,1,George M. Steinbrenner Field,Partly Cloudy,91,Final
2025-07-19,09:05,Texas Rangers,Detroit Tigers,2,0,Globe Life Field,Roof Closed,74,Final
2025-07-19,09:40,Colorado Rockies,Minnesota Twins,6,4,Coors Field,Cloudy,74,Final
2025-07-19,10:40,Arizona Diamondbacks,St. Louis Cardinals,7,3,Chase Field,Roof Closed,76,Final
2025-07-19,11:10,Seattle Mariners,Houston Astros,6,1,T-Mobile Park,Partly Cloudy,71,Final
2025-07-19,11:10,Los Angeles Dodgers,Milwaukee Brewers,0,2,Dodger Stadium,Partly Cloudy,73,Final
2025-07-20,04:07,Toronto Blue Jays,San Francisco Giants,6,3,Rogers Centre,Sunny,74,Final
2025-07-20,05:10,New York Mets,Cincinnati Reds,2,5,Citi Field,Cloudy,81,Final
2025-07-20,05:10,Miami Marlins,Kansas City Royals,3,1,loanDepot park,Roof Closed,72,Final
2025-07-20,07:05,Philadelphia Phillies,Los Angeles Angels,9,5,Citizens Bank Park,Partly Cloudy,78,Final
2025-07-20,07:40,Pittsburgh Pirates,Chicago White Sox,4,10,PNC Park,Partly Cloudy,84,Final
2025-07-20,07:45,Washington Nationals,San Diego Padres,4,2,Nationals Park,Cloudy,76,Final
2025-07-20,08:05,Tampa Bay Rays,Baltimore Orioles,4,3,George M. Steinbrenner Field,Partly Cloudy,91,Final
2025-07-20,08:05,Texas Rangers,Detroit Tigers,4,1,Globe Life Field,Roof Closed,74,Final
2025-07-20,08:10,Cleveland Guardians,Athletics,2,8,Progressive Field,Overcast,80,Final
2025-07-20,08:15,Chicago Cubs,Boston Red Sox,6,0,Wrigley Field,Partly Cloudy,85,Final
2025-07-20,08:15,Arizona Diamondbacks,St. Louis Cardinals,10,1,Chase Field,Roof Closed,78,Final
2025-07-20,08:15,Atlanta Braves,New York Yankees,9,12,Truist Park,Cloudy,91,Final
2025-07-20,09:10,Colorado Rockies,Minnesota Twins,10,6,Coors Field,Partly Cloudy,81,Final
2025-07-20,10:10,Los Angeles Dodgers,Milwaukee Brewers,7,8,Dodger Stadium,Clear,74,Final
2025-07-20,10:40,Seattle Mariners,Houston Astros,7,6,T-Mobile Park,Clear,69,Final
2025-07-21,01:05,Toronto Blue Jays,San Francisco Giants,8,6,Rogers Centre,Partly Cloudy,74,Final
2025-07-21,01:10,Tampa Bay Rays,Baltimore Orioles,3,5,George M. Steinbrenner Field,Sunny,93,Final
2025-07-21,02:35,Washington Nationals,San Diego Padres,1,8,Nationals Park,Partly Cloudy,87,Final
2025-07-21,02:35,Philadelphia Phillies,Los Angeles Angels,2,8,Citizens Bank Park,Partly Cloudy,84,Final
2025-07-21,02:35,Pittsburgh Pirates,Chicago White Sox,2,7,PNC Park,Partly Cloudy,83,Final
2025-07-21,02:35,Atlanta Braves,New York Yankees,2,4,Truist Park,Partly Cloudy,90,Final
2025-07-21,02:40,New York Mets,Cincinnati Reds,3,2,Citi Field,Partly Cloudy,87,Final
2025-07-21,02:40,Cleveland Guardians,Athletics,8,2,Progressive Field,Cloudy,78,Final
2025-07-21,02:40,Miami Marlins,Kansas City Royals,4,7,loanDepot park,Roof Closed,72,Final
2025-07-21,03:20,Chicago Cubs,Boston Red Sox,1,6,Wrigley Field,Cloudy,73,Final
2025-07-21,04:10,Colorado Rockies,Minnesota Twins,1,7,Coors Field,Partly Cloudy,91,Final
2025-07-21,05:10,Seattle Mariners,Houston Astros,3,11,T-Mobile Park,Partly Cloudy,67,Final
2025-07-21,05:10,Arizona Diamondbacks,St. Louis Cardinals,5,3,Chase Field,Roof Closed,78,Final
2025-07-21,05:10,Los Angeles Dodgers,Milwaukee Brewers,5,6,Dodger Stadium,Sunny,78,Final
2025-07-21,08:10,Texas Rangers,Detroit Tigers,1,2,Globe Life Field,Roof Closed,74,Final
2025-07-22,07:40,Cleveland Guardians,Baltimore Orioles,10,5,Progressive Field,Clear,75,Final
2025-07-22,07:40,Pittsburgh Pirates,Detroit Tigers,3,0,PNC Park,Clear,81,Final
2025-07-22,07:40,Miami Marlins,San Diego Padres,1,2,loanDepot park,Roof Closed,72,Final
2025-07-22,07:45,Washington Nationals,Cincinnati Reds,10,8,Nationals Park,Partly Cloudy,86,Final
2025-07-22,07:45,Philadelphia Phillies,Boston Red Sox,3,2,Citizens Bank Park,Partly Cloudy,84,Final
2025-07-22,08:07,Toronto Blue Jays,New York Yankees,4,1,Rogers Centre,Clear,70,Final
2025-07-22,08:10,New York Mets,Los Angeles Angels,7,5,Citi Field,Cloudy,81,Final
2025-07-22,08:15,Atlanta Braves,San Francisco Giants,9,5,Truist Park,Cloudy,83,Final
2025-07-22,08:35,Tampa Bay Rays,Chicago White Sox,3,8,George M. Steinbrenner Field,Partly Cloudy,89,Final
2025-07-22,09:05,Chicago Cubs,Kansas City Royals,4,12,Wrigley Field,Partly Cloudy,74,Final
2025-07-22,09:05,Texas Rangers,Athletics,7,2,Globe Life Field,Roof Closed,74,Final
2025-07-22,09:40,Colorado Rockies,St. Louis Cardinals,2,6,Coors Field,Cloudy,88,Final
2025-07-22,10:40,Arizona Diamondbacks,Houston Astros,3,6,Chase Field,Roof Closed,76,Final
2025-07-22,10:40,Seattle Mariners,Milwaukee Brewers,0,6,T-Mobile Park,Partly Cloudy,78,Final
2025-07-22,11:10,Los Angeles Dodgers,Minnesota Twins,5,2,Dodger Stadium,Clear,70,Final
2025-07-23,07:40,Cleveland Guardians,Baltimore Orioles,6,3,Progressive Field,Partly Cloudy,76,Final
2025-07-23,07:40,Pittsburgh Pirates,Detroit Tigers,8,5,PNC Park,Clear,81,Final
2025-07-23,07:40,Miami Marlins,San Diego Padres,4,3,loanDepot park,Roof Closed,72,Final
2025-07-23,07:45,Washington Nationals,Cincinnati Reds,6,1,Nationals Park,Partly Cloudy,84,Final
2025-07-23,07:45,Philadelphia Phillies,Boston Red Sox,4,1,Citizens Bank Park,Cloudy,79,Final
2025-07-23,08:05,Tampa Bay Rays,Chicago White Sox,4,3,George M. Steinbrenner Field,Partly Cloudy,87,Final
2025-07-23,08:07,Toronto Blue Jays,New York Yankees,4,5,Rogers Centre,Clear,73,Final
2025-07-23,08:10,New York Mets,Los Angeles Angels,3,2,Citi Field,Partly Cloudy,76,Final
2025-07-23,08:15,Atlanta Braves,San Francisco Giants,0,9,Truist Park,Partly Cloudy,94,Final
2025-07-23,09:05,Chicago Cubs,Kansas City Royals,6,0,Wrigley Field,Clear,83,Final
2025-07-23,09:05,Texas Rangers,Athletics,6,2,Globe Life Field,Roof Closed,74,Final
2025-07-23,09:40,Colorado Rockies,St. Louis Cardinals,8,4,Coors Field,Cloudy,79,Final
2025-07-23,10:40,Arizona Diamondbacks,Houston Astros,1,3,Chase Field,Roof Closed,76,Final
2025-07-23,10:40,Seattle Mariners,Milwaukee Brewers,1,0,T-Mobile Park,Clear,77,Final
2025-07-23,11:10,Los Angeles Dodgers,Minnesota Twins,7,10,Dodger Stadium,Clear,70,Final
2025-07-24,01:05,Washington Nationals,Cincinnati Reds,0,5,Nationals Park,Cloudy,82,Final
2025-07-24,01:10,Miami Marlins,San Diego Padres,3,2,loanDepot park,Roof Closed,72,Final
2025-07-24,01:15,Atlanta Braves,San Francisco Giants,3,9,Truist Park,Cloudy,79,Final
2025-07-24,01:35,Pittsburgh Pirates,Detroit Tigers,6,1,PNC Park,Sunny,77,Final
2025-07-24,02:10,New York Mets,Los Angeles Angels,6,3,Citi Field,Sunny,80,Final
2025-07-24,03:20,Chicago Cubs,Kansas City Royals,4,8,Wrigley Field,Partly Cloudy,92,Final
2025-07-24,04:10,Colorado Rockies,St. Louis Cardinals,6,0,Coors Field,Partly Cloudy,82,Final
2025-07-24,04:40,Arizona Diamondbacks,Houston Astros,3,4,Chase Field,Roof Closed,76,Final
2025-07-24,04:40,Seattle Mariners,Milwaukee Brewers,2,10,T-Mobile Park,Sunny,73,Final
2025-07-24,05:10,Los Angeles Dodgers,Minnesota Twins,4,3,Dodger Stadium,Sunny,79,Final
2025-07-24,07:40,Cleveland Guardians,Baltimore Orioles,3,2,Progressive Field,Clear,82,Final
2025-07-24,08:07,Toronto Blue Jays,New York Yankees,8,4,Rogers Centre,Clear,74,Final
2025-07-24,08:10,Philadelphia Phillies,Boston Red Sox,8,9,Citizens Bank Park,Partly Cloudy,81,Final
2025-07-24,08:35,Tampa Bay Rays,Chicago White Sox,9,11,George M. Steinbrenner Field,Cloudy,80,Final
2025-07-24,09:05,Texas Rangers,Athletics,2,1,Globe Life Field,Roof Closed,74,Final
2025-07-25,02:10,Cleveland Guardians,Baltimore Orioles,3,4,Progressive Field,Partly Cloudy,88,Final
2025-07-25,07:40,Detroit Tigers,Toronto Blue Jays,4,11,Comerica Park,Partly Cloudy,95,Final
2025-07-25,08:45,St. Louis Cardinals,San Diego Padres,9,7,Busch Stadium,Clear,93,Final
2025-07-25,09:10,Houston Astros,Athletics,2,5,Daikin Park,Roof Closed,73,Final
2025-07-25,10:38,Los Angeles Angels,Seattle Mariners,2,4,Angel Stadium,Partly Cloudy,80,Final
2025-07-26,05:10,Milwaukee Brewers,Miami Marlins,1,5,American Family Field,Cloudy,75,Final
2025-07-26,07:40,Pittsburgh Pirates,Arizona Diamondbacks,0,1,PNC Park,Partly Cloudy,84,Final
2025-07-26,08:05,Baltimore Orioles,Colorado Rockies,5,6,Oriole Park at Camden Yards,Partly Cloudy,92,Final
2025-07-26,08:05,New York Yankees,Philadelphia Phillies,5,12,Yankee Stadium,Partly Cloudy,85,Final
2025-07-26,08:10,Boston Red Sox,Los Angeles Dodgers,2,5,Fenway Park,Cloudy,86,Final
2025-07-26,08:10,Cincinnati Reds,Tampa Bay Rays,7,2,Great American Ball Park,Partly Cloudy,90,Final
2025-07-26,08:10,Detroit Tigers,Toronto Blue Jays,2,6,Comerica Park,Partly Cloudy,79,Final
2025-07-26,08:15,St. Louis Cardinals,San Diego Padres,3,0,Busch Stadium,Partly Cloudy,88,Final
2025-07-26,08:40,Chicago White Sox,Chicago Cubs,12,5,Rate Field,Partly Cloudy,78,Final
2025-07-26,09:05,Texas Rangers,Atlanta Braves,8,3,Globe Life Field,Roof Closed,74,Final
2025-07-26,09:10,Houston Astros,Athletics,3,15,Daikin Park,Roof Closed,73,Final
2025-07-26,09:10,Minnesota Twins,Washington Nationals,1,0,Target Field,Cloudy,83,Final
2025-07-26,10:38,Los Angeles Angels,Seattle Mariners,3,2,Angel Stadium,Clear,73,Final
2025-07-26,11:15,San Francisco Giants,New York Mets,1,8,Oracle Park,Partly Cloudy,60,Final
2025-07-26,09:10,Kansas City Royals,Cleveland Guardians,0,0,Kauffman Stadium,Sunny,86,Final
2025-07-27,02:05,New York Yankees,Philadelphia Phillies,4,9,Yankee Stadium,Cloudy,83,Final
2025-07-27,03:40,Kansas City Royals,Cleveland Guardians,5,3,Kauffman Stadium,Sunny,86,Final
2025-07-27,08:15,Kansas City Royals,Cleveland Guardians,4,6,Kauffman Stadium,Partly Cloudy,87,Final
2025-07-27,07:10,Detroit Tigers,Toronto Blue Jays,1,6,Comerica Park,Overcast,82,Final
2025-07-27,07:40,Pittsburgh Pirates,Arizona Diamondbacks,2,0,PNC Park,Partly Cloudy,88,Final
2025-07-27,07:40,Cincinnati Reds,Tampa Bay Rays,6,2,Great American Ball Park,Cloudy,87,Final
2025-07-27,08:05,Baltimore Orioles,Colorado Rockies,18,0,Oriole Park at Camden Yards,Partly Cloudy,85,Final
2025-07-27,08:05,Texas Rangers,Atlanta Braves,6,5,Globe Life Field,Roof Closed,74,Final
2025-07-27,08:10,Houston Astros,Athletics,1,5,Daikin Park,Roof Closed,73,Final
2025-07-27,08:10,Minnesota Twins,Washington Nationals,3,9,Target Field,Clear,89,Final
2025-07-27,08:10,Chicago White Sox,Chicago Cubs,1,6,Rate Field,Overcast,81,Final
2025-07-27,08:10,Milwaukee Brewers,Miami Marlins,4,7,American Family Field,Partly Cloudy,83,Final
2025-07-27,08:15,Boston Red Sox,Los Angeles Dodgers,4,2,Fenway Park,Partly Cloudy,78,Final
2025-07-27,08:15,St. Louis Cardinals,San Diego Padres,1,3,Busch Stadium,Cloudy,93,Final
2025-07-27,10:05,San Francisco Giants,New York Mets,1,2,Oracle Park,Cloudy,61,Final
2025-07-27,10:38,Los Angeles Angels,Seattle Mariners,2,7,Angel Stadium,Partly Cloudy,74,Final
2025-07-28,02:35,Baltimore Orioles,Colorado Rockies,5,1,Oriole Park at Camden Yards,Partly Cloudy,93,Final
2025-07-28,02:35,Boston Red Sox,Los Angeles Dodgers,4,3,Fenway Park,Cloudy,72,Final
2025-07-28,02:35,Pittsburgh Pirates,Arizona Diamondbacks,6,0,PNC Park,Partly Cloudy,83,Final
2025-07-28,02:35,New York Yankees,Philadelphia Phillies,4,3,Yankee Stadium,Cloudy,80,Final
2025-07-28,02:40,Cincinnati Reds,Tampa Bay Rays,2,1,Great American Ball Park,Partly Cloudy,88,Final
2025-07-28,02:40,Detroit Tigers,Toronto Blue Jays,10,4,Comerica Park,Sunny,88,Final
2025-07-28,03:10,Kansas City Royals,Cleveland Guardians,4,1,Kauffman Stadium,Sunny,90,Final
2025-07-28,03:10,Houston Astros,Athletics,1,7,Daikin Park,Roof Closed,73,Final
2025-07-28,03:10,Minnesota Twins,Washington Nationals,2,7,Target Field,Partly Cloudy,89,Final
2025-07-28,03:10,Chicago White Sox,Chicago Cubs,4,5,Rate Field,Partly Cloudy,85,Final
2025-07-28,03:10,Milwaukee Brewers,Miami Marlins,3,2,American Family Field,Sunny,86,Final
2025-07-28,03:15,St. Louis Cardinals,San Diego Padres,2,9,Busch Stadium,Cloudy,86,Final
2025-07-28,03:35,Texas Rangers,Atlanta Braves,8,1,Globe Life Field,Roof Closed,74,Final
2025-07-28,05:07,Los Angeles Angels,Seattle Mariners,4,1,Angel Stadium,Sunny,78,Final
2025-07-28,08:10,San Francisco Giants,New York Mets,3,5,Oracle Park,Partly Cloudy,64,Final
2025-07-29,07:35,Baltimore Orioles,Toronto Blue Jays,11,4,Oriole Park at Camden Yards,Clear,97,Final
2025-07-29,07:40,Cleveland Guardians,Colorado Rockies,6,8,Progressive Field,Cloudy,77,Final
2025-07-29,07:40,Detroit Tigers,Arizona Diamondbacks,5,1,Comerica Park,Partly Cloudy,81,Final
2025-07-29,08:05,New York Yankees,Tampa Bay Rays,2,4,Yankee Stadium,Clear,92,Final
2025-07-29,08:10,Cincinnati Reds,Los Angeles Dodgers,2,5,Great American Ball Park,Partly Cloudy,85,Final
2025-07-29,08:40,Minnesota Twins,Boston Red Sox,5,4,Target Field,Clear,87,Final
2025-07-29,08:40,Kansas City Royals,Atlanta Braves,7,10,Kauffman Stadium,Partly Cloudy,93,Final
2025-07-29,08:40,Chicago White Sox,Philadelphia Phillies,6,2,Rate Field,Partly Cloudy,87,Final
2025-07-29,08:40,Milwaukee Brewers,Chicago Cubs,8,4,American Family Field,Clear,85,Final
2025-07-29,08:45,St. Louis Cardinals,Miami Marlins,7,1,Busch Stadium,Partly Cloudy,92,Final
2025-07-29,09:10,Houston Astros,Washington Nationals,1,2,Daikin Park,Roof Closed,73,Final
2025-07-29,10:38,Los Angeles Angels,Texas Rangers,6,4,Angel Stadium,Clear,77,Final
2025-07-29,10:40,San Diego Padres,New York Mets,7,6,Petco Park,Clear,68,Final
2025-07-29,10:45,San Francisco Giants,Pittsburgh Pirates,5,6,Oracle Park,Clear,64,Final
2025-07-29,11:05,Athletics,Seattle Mariners,1,3,Sutter Health Park,Clear,88,Final
2025-07-30,01:35,Baltimore Orioles,Toronto Blue Jays,16,4,Oriole Park at Camden Yards,Partly Cloudy,97,Final
2025-07-30,07:35,Baltimore Orioles,Toronto Blue Jays,3,2,Oriole Park at Camden Yards,Partly Cloudy,93,Final
2025-07-30,07:40,Cleveland Guardians,Colorado Rockies,10,4,Progressive Field,Partly Cloudy,84,Final
2025-07-30,07:40,Detroit Tigers,Arizona Diamondbacks,12,2,Comerica Park,Clear,87,Final
2025-07-30,08:05,New York Yankees,Tampa Bay Rays,7,5,Yankee Stadium,Cloudy,92,Final
2025-07-30,08:10,Cincinnati Reds,Los Angeles Dodgers,4,5,Great American Ball Park,Partly Cloudy,91,Final
2025-07-30,08:40,Minnesota Twins,Boston Red Sox,5,8,Target Field,Partly Cloudy,87,Final
2025-07-30,08:40,Kansas City Royals,Atlanta Braves,9,6,Kauffman Stadium,Clear,97,Final
2025-07-30,08:40,Chicago White Sox,Philadelphia Phillies,3,6,Rate Field,Partly Cloudy,86,Final
2025-07-30,08:40,Milwaukee Brewers,Chicago Cubs,9,3,American Family Field,Clear,83,Final
2025-07-30,08:45,St. Louis Cardinals,Miami Marlins,0,5,Busch Stadium,Partly Cloudy,93,Final
2025-07-30,09:10,Houston Astros,Washington Nationals,7,4,Daikin Park,Roof Closed,73,Final
2025-07-30,10:38,Los Angeles Angels,Texas Rangers,8,5,Angel Stadium,Clear,78,Final
2025-07-30,10:40,San Diego Padres,New York Mets,7,1,Petco Park,Clear,70,Final
2025-07-30,10:45,San Francisco Giants,Pittsburgh Pirates,1,3,Oracle Park,Partly Cloudy,63,Final
2025-07-30,11:05,Athletics,Seattle Mariners,6,1,Sutter Health Park,Partly Cloudy,87,Final
2025-07-31,01:35,Baltimore Orioles,Toronto Blue Jays,8,9,Oriole Park at Camden Yards,Partly Cloudy,97,Final
2025-07-31,02:10,Detroit Tigers,Arizona Diamondbacks,7,2,Comerica Park,Sunny,85,Final
2025-07-31,02:10,Minnesota Twins,Boston Red Sox,1,13,Target Field,Partly Cloudy,77,Final
2025-07-31,03:10,Houston Astros,Washington Nationals,9,1,Daikin Park,Roof Closed,73,Final
2025-07-31,03:10,Kansas City Royals,Atlanta Braves,1,0,Kauffman Stadium,Partly Cloudy,85,Final
2025-07-31,03:10,Chicago White Sox,Philadelphia Phillies,9,3,Rate Field,Overcast,73,Final
2025-07-31,03:10,Milwaukee Brewers,Chicago Cubs,3,10,American Family Field,Roof Closed,80,Final
2025-07-31,04:45,San Francisco Giants,Pittsburgh Pirates,1,2,Oracle Park,Overcast,62,Final
2025-07-31,05:10,San Diego Padres,New York Mets,5,0,Petco Park,Sunny,73,Final
2025-07-31,07:40,Cleveland Guardians,Colorado Rockies,5,0,Progressive Field,Partly Cloudy,83,Final
2025-07-31,08:05,New York Yankees,Tampa Bay Rays,5,4,Yankee Stadium,Overcast,89,Final
2025-07-31,08:10,Cincinnati Reds,Los Angeles Dodgers,5,2,Great American Ball Park,Clear,90,Final
2025-07-31,08:45,St. Louis Cardinals,Miami Marlins,0,2,Busch Stadium,Cloudy,85,Final
2025-07-31,10:38,Los Angeles Angels,Texas Rangers,3,6,Angel Stadium,Clear,78,Final
2025-07-31,11:05,Athletics,Seattle Mariners,5,4,Sutter Health Park,Clear,81,Final
2025-08-01,02:05,New York Yankees,Tampa Bay Rays,7,4,Yankee Stadium,Partly Cloudy,86,Final
2025-08-01,08:10,Cincinnati Reds,Atlanta Braves,11,12,Great American Ball Park,Overcast,73,Final
2025-08-01,10:40,Seattle Mariners,Texas Rangers,6,0,T-Mobile Park,Partly Cloudy,77,Final
2025-08-02,01:40,Cincinnati Reds,Atlanta Braves,3,2,Great American Ball Park,Sunny,75,Final
2025-08-02,03:20,Chicago Cubs,Baltimore Orioles,1,0,Wrigley Field,Sunny,72,Final
2025-08-02,07:45,Philadelphia Phillies,Detroit Tigers,5,4,Citizens Bank Park,Partly Cloudy,72,Final
2025-08-02,07:45,Washington Nationals,Milwaukee Brewers,9,16,Nationals Park,Cloudy,73,Final
2025-08-02,08:07,Toronto Blue Jays,Kansas City Royals,3,9,Rogers Centre,Clear,72,Final
2025-08-02,08:10,Boston Red Sox,Houston Astros,2,1,Fenway Park,Clear,72,Final
2025-08-02,08:10,New York Mets,San Francisco Giants,3,4,Citi Field,Partly Cloudy,73,Final
2025-08-02,08:10,Cleveland Guardians,Minnesota Twins,3,2,Progressive Field,Partly Cloudy,71,Final
2025-08-02,08:10,Miami Marlins,New York Yankees,13,12,loanDepot park,Roof Closed,72,Final
2025-08-02,08:35,Tampa Bay Rays,Los Angeles Dodgers,0,5,George M. Steinbrenner Field,Partly Cloudy,89,Final
2025-08-02,09:10,Colorado Rockies,Pittsburgh Pirates,17,16,Coors Field,Partly Cloudy,84,Final
2025-08-02,10:38,Los Angeles Angels,Chicago White Sox,3,6,Angel Stadium,Clear,75,Final
2025-08-02,10:40,San Diego Padres,St. Louis Cardinals,4,1,Petco Park,Clear,71,Final
2025-08-02,11:05,Athletics,Arizona Diamondbacks,5,1,Sutter Health Park,Clear,85,Final
2025-08-02,11:10,Seattle Mariners,Texas Rangers,4,3,T-Mobile Park,Cloudy,75,Final
2025-08-03,02:10,Tampa Bay Rays,Los Angeles Dodgers,4,0,George M. Steinbrenner Field,Partly Cloudy,91,Final
2025-08-03,03:20,Chicago Cubs,Baltimore Orioles,3,4,Wrigley Field,Partly Cloudy,74,Final
2025-08-03,04:07,Toronto Blue Jays,Kansas City Royals,4,2,Rogers Centre,Sunny,75,Final
2025-08-03,04:10,Colorado Rockies,Pittsburgh Pirates,8,5,Coors Field,Partly Cloudy,88,Final
2025-08-03,05:05,Philadelphia Phillies,Detroit Tigers,5,7,Citizens Bank Park,Partly Cloudy,79,Final
2025-08-03,05:05,Washington Nationals,Milwaukee Brewers,2,8,Nationals Park,Partly Cloudy,79,Final
2025-08-03,05:10,Boston Red Sox,Houston Astros,7,3,Fenway Park,Sunny,73,Final
2025-08-03,05:10,New York Mets,San Francisco Giants,12,6,Citi Field,Partly Cloudy,79,Final
2025-08-03,05:10,Seattle Mariners,Texas Rangers,4,6,T-Mobile Park,Cloudy,67,Final
2025-08-03,05:10,Cleveland Guardians,Minnesota Twins,5,4,Progressive Field,Partly Cloudy,74,Final
2025-08-03,05:10,Miami Marlins,New York Yankees,2,0,loanDepot park,Roof Closed,72,Final
2025-08-03,08:15,Cincinnati Reds,Atlanta Braves,2,4,Bristol Motor Speedway,Overcast,68,Final
2025-08-03,11:05,Athletics,Arizona Diamondbacks,2,7,Sutter Health Park,Clear,88,Final
2025-08-03,11:07,Los Angeles Angels,Chicago White Sox,0,1,Angel Stadium,Clear,77,Final
2025-08-03,11:10,San Diego Padres,St. Louis Cardinals,5,8,Petco Park,Clear,70,Final
2025-08-04,00:35,Boston Red Sox,Houston Astros,6,1,Fenway Park,Sunny,80,Final
2025-08-04,01:10,Tampa Bay Rays,Los Angeles Dodgers,0,3,George M. Steinbrenner Field,Partly Cloudy,91,Final
2025-08-04,02:05,Cincinnati Reds,Atlanta Braves,2,4,Bristol Motor Speedway,Overcast,68,Final
2025-08-04,02:35,Washington Nationals,Milwaukee Brewers,3,14,Nationals Park,Partly Cloudy,79,Final
2025-08-04,02:37,Toronto Blue Jays,Kansas City Royals,4,7,Rogers Centre,Sunny,77,Final
2025-08-04,02:40,New York Mets,San Francisco Giants,4,12,Citi Field,Sunny,83,Final
2025-08-04,02:40,Cleveland Guardians,Minnesota Twins,4,5,Progressive Field,Sunny,77,Final
2025-08-04,02:40,Miami Marlins,New York Yankees,7,3,loanDepot park,Roof Closed,72,Final
2025-08-04,03:20,Chicago Cubs,Baltimore Orioles,5,3,Wrigley Field,Sunny,77,Final
2025-08-04,04:10,Colorado Rockies,Pittsburgh Pirates,5,9,Coors Field,Sunny,83,Final
2025-08-04,05:05,Athletics,Arizona Diamondbacks,4,6,Sutter Health Park,Sunny,84,Final
2025-08-04,05:07,Los Angeles Angels,Chicago White Sox,8,5,Angel Stadium,Sunny,82,Final
2025-08-04,05:10,San Diego Padres,St. Louis Cardinals,7,3,Petco Park,Sunny,72,Final
2025-08-04,05:10,Seattle Mariners,Texas Rangers,5,4,T-Mobile Park,Cloudy,67,Final
2025-08-04,08:10,Philadelphia Phillies,Detroit Tigers,2,0,Citizens Bank Park,Clear,80,Final
2025-08-05,07:40,Pittsburgh Pirates,San Francisco Giants,5,4,PNC Park,Partly Cloudy,81,Final
2025-08-05,07:40,Detroit Tigers,Minnesota Twins,6,3,Comerica Park,Partly Cloudy,78,Final
2025-08-05,07:40,Miami Marlins,Houston Astros,2,8,loanDepot park,Roof Closed,72,Final
2025-08-05,07:45,Philadelphia Phillies,Baltimore Orioles,13,3,Citizens Bank Park,Clear,87,Final
2025-08-05,08:10,Boston Red Sox,Kansas City Royals,8,5,Fenway Park,Clear,82,Final
2025-08-05,08:10,New York Mets,Cleveland Guardians,6,7,Citi Field,Clear,82,Final
2025-08-05,08:15,Atlanta Braves,Milwaukee Brewers,1,3,Truist Park,Overcast,66,Final
2025-08-05,09:05,Chicago Cubs,Cincinnati Reds,2,3,Wrigley Field,Partly Cloudy,77,Final
2025-08-05,09:05,Texas Rangers,New York Yankees,8,5,Globe Life Field,Roof Closed,74,Final
2025-08-05,09:40,Colorado Rockies,Toronto Blue Jays,1,15,Coors Field,Partly Cloudy,94,Final
2025-08-05,10:38,Los Angeles Angels,Tampa Bay Rays,5,1,Angel Stadium,Partly Cloudy,78,Final
2025-08-05,10:40,Arizona Diamondbacks,San Diego Padres,6,2,Chase Field,Roof Closed,78,Final
2025-08-05,11:10,Los Angeles Dodgers,St. Louis Cardinals,2,3,Dodger Stadium,Partly Cloudy,75,Final
2025-08-06,07:40,Pittsburgh Pirates,San Francisco Giants,1,8,PNC Park,Partly Cloudy,81,Final
2025-08-06,07:40,Detroit Tigers,Minnesota Twins,3,6,Comerica Park,Clear,80,Final
2025-08-06,07:40,Miami Marlins,Houston Astros,3,7,loanDepot park,Roof Closed,72,Final
2025-08-06,07:45,Washington Nationals,Athletics,7,16,Nationals Park,Cloudy,79,Final
2025-08-06,07:45,Philadelphia Phillies,Baltimore Orioles,5,0,Citizens Bank Park,Partly Cloudy,79,Final
2025-08-06,08:10,Boston Red Sox,Kansas City Royals,6,2,Fenway Park,Partly Cloudy,70,Final
2025-08-06,08:10,New York Mets,Cleveland Guardians,2,3,Citi Field,Cloudy,78,Final
2025-08-06,08:15,Atlanta Braves,Milwaukee Brewers,2,7,Truist Park,Overcast,68,Final
2025-08-06,09:05,Chicago Cubs,Cincinnati Reds,1,5,Wrigley Field,Clear,77,Final
2025-08-06,09:05,Texas Rangers,New York Yankees,2,0,Globe Life Field,Roof Closed,74,Final
2025-08-06,09:40,Colorado Rockies,Toronto Blue Jays,4,10,Coors Field,Cloudy,96,Final
2025-08-06,10:38,Los Angeles Angels,Tampa Bay Rays,3,7,Angel Stadium,Partly Cloudy,79,Final
2025-08-06,10:40,Arizona Diamondbacks,San Diego Padres,5,10,Chase Field,Roof Closed,76,Final
2025-08-06,10:40,Seattle Mariners,Chicago White Sox,8,3,T-Mobile Park,Cloudy,77,Final
2025-08-06,11:10,Los Angeles Dodgers,St. Louis Cardinals,12,6,Dodger Stadium,Clear,76,Final
2025-08-07,01:35,Pittsburgh Pirates,San Francisco Giants,2,4,PNC Park,Partly Cloudy,79,Final
2025-08-07,01:35,Philadelphia Phillies,Baltimore Orioles,1,5,Citizens Bank Park,Cloudy,80,Final
2025-08-07,02:10,New York Mets,Cleveland Guardians,1,4,Citi Field,Cloudy,77,Final
2025-08-07,02:10,Detroit Tigers,Minnesota Twins,4,9,Comerica Park,Sunny,83,Final
2025-08-07,03:20,Chicago Cubs,Cincinnati Reds,6,1,Wrigley Field,Partly Cloudy,81,Final
2025-08-07,03:35,Texas Rangers,New York Yankees,2,3,Globe Life Field,Roof Closed,74,Final
2025-08-07,04:10,Colorado Rockies,Toronto Blue Jays,1,20,Coors Field,Partly Cloudy,95,Final
2025-08-07,05:07,Los Angeles Angels,Tampa Bay Rays,4,5,Angel Stadium,Sunny,89,Final
2025-08-07,05:10,Los Angeles Dodgers,St. Louis Cardinals,3,5,Dodger Stadium,Sunny,90,Final
2025-08-07,05:40,Miami Marlins,Houston Astros,6,4,loanDepot park,Roof Closed,72,Final
2025-08-07,07:45,Washington Nationals,Athletics,2,1,Nationals Park,Partly Cloudy,75,Final
2025-08-07,08:10,Boston Red Sox,Kansas City Royals,3,7,Fenway Park,Clear,72,Final
2025-08-07,08:15,Atlanta Braves,Milwaukee Brewers,4,5,Truist Park,Clear,80,Final
2025-08-07,10:40,Arizona Diamondbacks,San Diego Padres,2,3,Chase Field,Roof Closed,78,Final
2025-08-07,10:40,Seattle Mariners,Chicago White Sox,8,6,T-Mobile Park,Partly Cloudy,71,Final
2025-08-08,01:05,Washington Nationals,Athletics,0,6,Nationals Park,Partly Cloudy,77,Final
2025-08-08,05:10,Seattle Mariners,Chicago White Sox,4,3,T-Mobile Park,Partly Cloudy,63,Final
2025-08-08,07:40,Pittsburgh Pirates,Cincinnati Reds,7,0,PNC Park,Partly Cloudy,81,Final
2025-08-08,08:15,Atlanta Braves,Miami Marlins,8,6,Truist Park,Partly Cloudy,79,Final
2025-08-09,07:40,Pittsburgh Pirates,Cincinnati Reds,3,2,PNC Park,Clear,84,Final
2025-08-09,08:05,Baltimore Orioles,Athletics,3,2,Oriole Park at Camden Yards,Clear,79,Final
2025-08-09,08:05,New York Yankees,Houston Astros,3,5,Yankee Stadium,Clear,76,Final
2025-08-09,08:10,Detroit Tigers,Los Angeles Angels,6,5,Comerica Park,Clear,84,Final
2025-08-09,08:15,Atlanta Braves,Miami Marlins,1,5,Truist Park,Cloudy,79,Final
2025-08-09,08:40,Chicago White Sox,Cleveland Guardians,5,9,Rate Field,Partly Cloudy,89,Final
2025-08-09,09:05,Texas Rangers,Philadelphia Phillies,1,9,Globe Life Field,Roof Closed,74,Final
2025-08-09,09:10,Minnesota Twins,Kansas City Royals,9,4,Target Field,Partly Cloudy,88,Final
2025-08-09,09:10,Milwaukee Brewers,New York Mets,3,2,American Family Field,Clear,86,Final
2025-08-09,09:15,St. Louis Cardinals,Chicago Cubs,5,0,Busch Stadium,Partly Cloudy,91,Final
2025-08-09,10:40,Arizona Diamondbacks,Colorado Rockies,6,1,Chase Field,Roof Closed,76,Final
2025-08-09,10:40,San Diego Padres,Boston Red Sox,2,10,Petco Park,Partly Cloudy,71,Final
2025-08-09,10:40,Seattle Mariners,Tampa Bay Rays,3,2,T-Mobile Park,Overcast,74,Final
2025-08-09,11:10,Los Angeles Dodgers,Toronto Blue Jays,5,1,Dodger Stadium,Clear,78,Final
2025-08-09,11:15,San Francisco Giants,Washington Nationals,5,0,Oracle Park,Clear,65,Final
2025-08-10,02:15,Atlanta Braves,Miami Marlins,7,1,Truist Park,Partly Cloudy,77,Final
2025-08-10,08:15,Atlanta Braves,Miami Marlins,8,6,Truist Park,Partly Cloudy,80,Final
2025-08-10,03:05,New York Yankees,Houston Astros,5,4,Yankee Stadium,Sunny,83,Final
2025-08-10,05:05,San Francisco Giants,Washington Nationals,2,4,Oracle Park,Sunny,70,Final
2025-08-10,07:10,Detroit Tigers,Los Angeles Angels,4,7,Comerica Park,Clear,87,Final
2025-08-10,07:40,Pittsburgh Pirates,Cincinnati Reds,1,2,PNC Park,Partly Cloudy,84,Final
2025-08-10,08:05,Baltimore Orioles,Athletics,3,11,Oriole Park at Camden Yards,Clear,84,Final
2025-08-10,08:10,Minnesota Twins,Kansas City Royals,0,2,Target Field,Partly Cloudy,83,Final
2025-08-10,08:10,Chicago White Sox,Cleveland Guardians,1,3,Rate Field,Partly Cloudy,90,Final
2025-08-10,08:10,Milwaukee Brewers,New York Mets,7,4,American Family Field,Roof Closed,86,Final
2025-08-10,08:15,St. Louis Cardinals,Chicago Cubs,1,9,Busch Stadium,Partly Cloudy,90,Final
2025-08-10,08:15,Texas Rangers,Philadelphia Phillies,2,3,Globe Life Field,Roof Closed,74,Final
2025-08-10,09:10,Arizona Diamondbacks,Colorado Rockies,6,5,Chase Field,Roof Closed,76,Final
2025-08-10,09:40,San Diego Padres,Boston Red Sox,5,4,Petco Park,Partly Cloudy,72,Final
2025-08-10,10:10,Los Angeles Dodgers,Toronto Blue Jays,9,1,Dodger Stadium,Partly Cloudy,76,Final
2025-08-10,10:40,Seattle Mariners,Tampa Bay Rays,7,4,T-Mobile Park,Clear,77,Final
2025-08-11,02:05,Minnesota Twins,Kansas City Royals,5,3,Target Field,Overcast,79,Final
2025-08-11,02:35,Baltimore Orioles,Athletics,2,3,Oriole Park at Camden Yards,Sunny,86,Final
2025-08-11,02:35,Pittsburgh Pirates,Cincinnati Reds,8,14,PNC Park,Sunny,88,Final
2025-08-11,02:35,Atlanta Braves,Miami Marlins,7,1,Truist Park,Cloudy,77,Final
2025-08-11,02:35,New York Yankees,Houston Astros,1,7,Yankee Stadium,Sunny,87,Final
2025-08-11,02:40,Detroit Tigers,Los Angeles Angels,9,5,Comerica Park,Sunny,89,Final
2025-08-11,03:10,Chicago White Sox,Cleveland Guardians,6,4,Rate Field,Partly Cloudy,88,Final
2025-08-11,03:10,Milwaukee Brewers,New York Mets,7,6,American Family Field,Roof Closed,79,Final
2025-08-11,03:35,Texas Rangers,Philadelphia Phillies,2,4,Globe Life Field,Roof Closed,74,Final
2025-08-11,05:05,San Francisco Giants,Washington Nationals,0,8,Oracle Park,Sunny,65,Final
2025-08-11,05:10,Arizona Diamondbacks,Colorado Rockies,13,6,Chase Field,Roof Closed,76,Final
2025-08-11,05:10,San Diego Padres,Boston Red Sox,6,2,Petco Park,Sunny,75,Final
2025-08-11,05:10,Seattle Mariners,Tampa Bay Rays,6,3,T-Mobile Park,Sunny,81,Final
2025-08-11,05:10,Los Angeles Dodgers,Toronto Blue Jays,4,5,Dodger Stadium,Sunny,83,Final
2025-08-11,08:10,St. Louis Cardinals,Chicago Cubs,3,2,Busch Stadium,Cloudy,82,Final
2025-08-12,07:10,Cincinnati Reds,Philadelphia Phillies,1,4,Great American Ball Park,Partly Cloudy,90,Final
2025-08-12,08:05,New York Yankees,Minnesota Twins,6,2,Yankee Stadium,Clear,84,Final
2025-08-12,08:40,Kansas City Royals,Washington Nationals,7,4,Kauffman Stadium,Cloudy,82,Final
2025-08-12,08:40,Chicago White Sox,Detroit Tigers,1,2,Rate Field,Partly Cloudy,88,Final
2025-08-12,08:40,Milwaukee Brewers,Pittsburgh Pirates,7,1,American Family Field,Partly Cloudy,84,Final
2025-08-12,08:45,St. Louis Cardinals,Colorado Rockies,3,2,Busch Stadium,Clear,88,Final
2025-08-12,09:05,Texas Rangers,Arizona Diamondbacks,7,6,Globe Life Field,Roof Closed,74,Final
2025-08-12,09:10,Houston Astros,Boston Red Sox,7,6,Daikin Park,Roof Closed,73,Final
2025-08-12,10:38,Los Angeles Angels,Los Angeles Dodgers,7,4,Angel Stadium,Clear,76,Final
2025-08-12,10:45,San Francisco Giants,San Diego Padres,1,4,Oracle Park,Cloudy,62,Final
2025-08-12,11:05,Athletics,Tampa Bay Rays,4,7,Sutter Health Park,Clear,84,Final
2025-08-13,07:35,Baltimore Orioles,Seattle Mariners,0,1,Oriole Park at Camden Yards,Partly Cloudy,87,Final
2025-08-13,07:40,Cincinnati Reds,Philadelphia Phillies,6,1,Great American Ball Park,Partly Cloudy,86,Final
2025-08-13,07:40,Cleveland Guardians,Miami Marlins,4,3,Progressive Field,Partly Cloudy,86,Final
2025-08-13,08:05,New York Yankees,Minnesota Twins,9,1,Yankee Stadium,Clear,84,Final
2025-08-13,08:07,Toronto Blue Jays,Chicago Cubs,5,1,Rogers Centre,Roof Closed,68,Final
2025-08-13,08:10,New York Mets,Atlanta Braves,13,5,Citi Field,Clear,81,Final
2025-08-13,08:40,Kansas City Royals,Washington Nationals,8,5,Kauffman Stadium,Partly Cloudy,85,Final
2025-08-13,08:40,Chicago White Sox,Detroit Tigers,9,6,Rate Field,Overcast,73,Final
2025-08-13,08:40,Milwaukee Brewers,Pittsburgh Pirates,14,0,American Family Field,Partly Cloudy,78,Final
2025-08-13,08:45,St. Louis Cardinals,Colorado Rockies,0,3,Busch Stadium,Partly Cloudy,81,Final
2025-08-13,09:05,Texas Rangers,Arizona Diamondbacks,2,3,Globe Life Field,Roof Closed,74,Final
2025-08-13,09:10,Houston Astros,Boston Red Sox,1,14,Daikin Park,Roof Closed,73,Final
2025-08-13,10:38,Los Angeles Angels,Los Angeles Dodgers,7,6,Angel Stadium,Clear,75,Final
2025-08-13,10:45,San Francisco Giants,San Diego Padres,1,5,Oracle Park,Overcast,63,Final
2025-08-13,11:05,Athletics,Tampa Bay Rays,6,0,Sutter Health Park,Clear,82,Final
2025-08-14,03:10,Kansas City Royals,Washington Nationals,7,8,Kauffman Stadium,Sunny,83,Final
2025-08-14,03:10,Chicago White Sox,Detroit Tigers,0,1,Rate Field,Sunny,79,Final
2025-08-14,03:10,Milwaukee Brewers,Pittsburgh Pirates,12,5,American Family Field,Partly Cloudy,80,Final
2025-08-14,03:15,St. Louis Cardinals,Colorado Rockies,5,6,Busch Stadium,Partly Cloudy,85,Final
2025-08-14,03:35,Texas Rangers,Arizona Diamondbacks,4,6,Globe Life Field,Roof Closed,74,Final
2025-08-14,04:45,San Francisco Giants,San Diego Padres,1,11,Oracle Park,Overcast,64,Final
2025-08-14,06:10,Cincinnati Reds,Philadelphia Phillies,8,0,Great American Ball Park,Overcast,83,Final
2025-08-14,07:35,Baltimore Orioles,Seattle Mariners,4,3,Oriole Park at Camden Yards,Cloudy,83,Final
2025-08-14,07:40,Cleveland Guardians,Miami Marlins,4,13,Progressive Field,Clear,80,Final
2025-08-14,08:05,New York Yankees,Minnesota Twins,1,4,Yankee Stadium,Partly Cloudy,73,Final
2025-08-14,08:07,Toronto Blue Jays,Chicago Cubs,1,4,Rogers Centre,Roof Closed,68,Final
2025-08-14,08:10,Houston Astros,Boston Red Sox,4,1,Daikin Park,Roof Closed,73,Final
2025-08-14,08:10,New York Mets,Atlanta Braves,6,11,Citi Field,Cloudy,73,Final
2025-08-14,10:38,Los Angeles Angels,Los Angeles Dodgers,6,5,Angel Stadium,Clear,76,Final
2025-08-14,11:05,Athletics,Tampa Bay Rays,2,8,Sutter Health Park,Clear,81,Final
2025-08-15,02:05,Baltimore Orioles,Seattle Mariners,5,3,Oriole Park at Camden Yards,Partly Cloudy,88,Final
2025-08-15,04:07,Toronto Blue Jays,Chicago Cubs,2,1,Rogers Centre,Sunny,74,Final
2025-08-15,07:40,Cleveland Guardians,Miami Marlins,9,4,Progressive Field,Clear,80,Final
2025-08-15,07:45,Washington Nationals,Philadelphia Phillies,3,2,Nationals Park,Partly Cloudy,79,Final
2025-08-15,08:10,New York Mets,Atlanta Braves,3,4,Citi Field,Partly Cloudy,85,Final
2025-08-15,08:40,Minnesota Twins,Detroit Tigers,3,4,Target Field,Partly Cloudy,71,Final
2025-08-15,09:40,Colorado Rockies,Arizona Diamondbacks,2,8,Coors Field,Cloudy,88,Final
2025-08-16,03:20,Chicago Cubs,Pittsburgh Pirates,2,3,Wrigley Field,Partly Cloudy,81,Final
2025-08-16,07:40,Cincinnati Reds,Milwaukee Brewers,8,10,Great American Ball Park,Clear,88,Final
2025-08-16,07:45,Washington Nationals,Philadelphia Phillies,2,6,Nationals Park,Partly Cloudy,88,Final
2025-08-16,08:07,Toronto Blue Jays,Texas Rangers,6,5,Rogers Centre,Clear,78,Final
2025-08-16,08:10,New York Mets,Seattle Mariners,9,11,Citi Field,Clear,81,Final
2025-08-16,08:10,Cleveland Guardians,Atlanta Braves,0,2,Progressive Field,Clear,82,Final
2025-08-16,08:10,Boston Red Sox,Miami Marlins,2,1,Fenway Park,Clear,74,Final
2025-08-16,09:10,Houston Astros,Baltimore Orioles,0,7,Daikin Park,Roof Closed,73,Final
2025-08-16,09:10,Minnesota Twins,Detroit Tigers,0,7,Target Field,Overcast,84,Final
2025-08-16,09:10,Kansas City Royals,Chicago White Sox,3,1,Kauffman Stadium,Clear,91,Final
2025-08-16,09:15,St. Louis Cardinals,New York Yankees,3,4,Busch Stadium,Clear,95,Final
2025-08-16,09:40,Colorado Rockies,Arizona Diamondbacks,4,3,Coors Field,Cloudy,90,Final
2025-08-16,11:05,Athletics,Los Angeles Angels,10,3,Sutter Health Park,Clear,88,Final
2025-08-16,11:10,Los Angeles Dodgers,San Diego Padres,3,2,Dodger Stadium,Clear,72,Final
2025-08-16,11:15,San Francisco Giants,Tampa Bay Rays,6,7,Oracle Park,Clear,65,Final
2025-08-17,03:20,Chicago Cubs,Pittsburgh Pirates,3,1,Wrigley Field,Overcast,94,Final
2025-08-17,04:07,Toronto Blue Jays,Texas Rangers,14,2,Rogers Centre,Sunny,83,Final
2025-08-17,05:05,Washington Nationals,Philadelphia Phillies,2,0,Nationals Park,Partly Cloudy,91,Final
2025-08-17,05:10,New York Mets,Seattle Mariners,3,1,Citi Field,Sunny,84,Final
2025-08-17,05:10,Boston Red Sox,Miami Marlins,7,5,Fenway Park,Sunny,83,Final
2025-08-17,07:40,Cincinnati Reds,Milwaukee Brewers,5,6,Great American Ball Park,Partly Cloudy,88,Final
2025-08-17,08:10,Houston Astros,Baltimore Orioles,5,4,Daikin Park,Roof Closed,73,Final
2025-08-17,08:10,Cleveland Guardians,Atlanta Braves,1,10,Progressive Field,Partly Cloudy,84,Final
2025-08-17,08:10,Kansas City Royals,Chicago White Sox,6,2,Kauffman Stadium,Clear,94,Final
2025-08-17,08:15,Minnesota Twins,Detroit Tigers,5,8,Target Field,Partly Cloudy,79,Final
2025-08-17,08:15,St. Louis Cardinals,New York Yankees,8,12,Busch Stadium,Cloudy,88,Final
2025-08-17,09:10,Colorado Rockies,Arizona Diamondbacks,10,7,Coors Field,Partly Cloudy,83,Final
2025-08-17,10:05,San Francisco Giants,Tampa Bay Rays,1,2,Oracle Park,Partly Cloudy,65,Final
2025-08-17,10:10,Los Angeles Dodgers,San Diego Padres,6,0,Dodger Stadium,Clear,75,Final
2025-08-17,11:05,Athletics,Los Angeles Angels,7,2,Sutter Health Park,Clear,80,Final
2025-08-18,00:35,Washington Nationals,Philadelphia Phillies,9,11,Nationals Park,Partly Cloudy,85,Final
2025-08-18,02:35,Boston Red Sox,Miami Marlins,3,5,Fenway Park,Cloudy,86,Final
2025-08-18,02:37,Toronto Blue Jays,Texas Rangers,4,10,Rogers Centre,Roof Closed,68,Final
2025-08-18,02:40,Cleveland Guardians,Atlanta Braves,4,5,Progressive Field,Partly Cloudy,79,Final
2025-08-18,02:40,Cincinnati Reds,Milwaukee Brewers,3,2,Great American Ball Park,Partly Cloudy,86,Final
2025-08-18,03:10,Houston Astros,Baltimore Orioles,0,12,Daikin Park,Roof Closed,73,Final
2025-08-18,03:10,Minnesota Twins,Detroit Tigers,8,1,Target Field,Cloudy,75,Final
2025-08-18,03:10,Kansas City Royals,Chicago White Sox,6,2,Kauffman Stadium,Sunny,94,Final
2025-08-18,03:15,St. Louis Cardinals,New York Yankees,4,8,Busch Stadium,Partly Cloudy,89,Final
2025-08-18,03:20,Chicago Cubs,Pittsburgh Pirates,4,3,Wrigley Field,Partly Cloudy,79,Final
2025-08-18,04:10,Colorado Rockies,Arizona Diamondbacks,6,5,Coors Field,Partly Cloudy,88,Final
2025-08-18,05:05,Athletics,Los Angeles Angels,5,11,Sutter Health Park,Sunny,78,Final
2025-08-18,05:05,San Francisco Giants,Tampa Bay Rays,7,1,Oracle Park,Partly Cloudy,64,Final
2025-08-18,05:10,Los Angeles Dodgers,San Diego Padres,5,4,Dodger Stadium,Sunny,83,Final
2025-08-18,08:10,New York Mets,Seattle Mariners,7,3,Journey Bank Ballpark,Cloudy,73,Final
2025-08-19,03:20,Chicago Cubs,Milwaukee Brewers,0,7,Wrigley Field,Partly Cloudy,79,Final
2025-08-19,07:40,Detroit Tigers,Houston Astros,10,0,Comerica Park,Clear,75,Final
2025-08-19,07:40,Pittsburgh Pirates,Toronto Blue Jays,5,2,PNC Park,Clear,83,Final
2025-08-19,07:40,Miami Marlins,St. Louis Cardinals,3,8,loanDepot park,Roof Closed,72,Final
2025-08-19,07:45,Philadelphia Phillies,Seattle Mariners,12,7,Citizens Bank Park,Cloudy,69,Final
2025-08-19,08:10,Boston Red Sox,Baltimore Orioles,3,6,Fenway Park,Cloudy,66,Final
2025-08-19,08:15,Atlanta Braves,Chicago White Sox,9,13,Truist Park,Partly Cloudy,83,Final
2025-08-19,08:40,Kansas City Royals,Texas Rangers,4,3,Kauffman Stadium,Clear,92,Final
2025-08-19,09:40,Colorado Rockies,Los Angeles Dodgers,4,3,Coors Field,Clear,86,Final
2025-08-19,10:38,Los Angeles Angels,Cincinnati Reds,1,4,Angel Stadium,Clear,78,Final
2025-08-19,10:40,Arizona Diamondbacks,Cleveland Guardians,1,3,Chase Field,Roof Closed,78,Final
2025-08-19,10:40,San Diego Padres,San Francisco Giants,3,4,Petco Park,Clear,72,Final
2025-08-19,09:05,Chicago Cubs,Milwaukee Brewers,0,0,Wrigley Field,Overcast,73,Final
2025-08-20,03:20,Chicago Cubs,Milwaukee Brewers,6,4,Wrigley Field,Overcast,73,Final
2025-08-20,09:05,Chicago Cubs,Milwaukee Brewers,4,1,Wrigley Field,Cloudy,73,Final
2025-08-20,07:40,Detroit Tigers,Houston Astros,1,0,Comerica Park,Cloudy,76,Final
2025-08-20,07:40,Pittsburgh Pirates,Toronto Blue Jays,3,7,PNC Park,Clear,88,Final
2025-08-20,07:40,Miami Marlins,St. Louis Cardinals,4,7,loanDepot park,Roof Closed,72,Final
2025-08-20,07:45,Washington Nationals,New York Mets,1,8,Nationals Park,Cloudy,71,Final
2025-08-20,07:45,Philadelphia Phillies,Seattle Mariners,6,4,Citizens Bank Park,Partly Cloudy,75,Final
2025-08-20,08:10,Boston Red Sox,Baltimore Orioles,3,4,Fenway Park,Cloudy,69,Final
2025-08-20,08:15,Atlanta Braves,Chicago White Sox,11,10,Truist Park,Cloudy,74,Final
2025-08-20,08:35,Tampa Bay Rays,New York Yankees,3,13,George M. Steinbrenner Field,Partly Cloudy,86,Final
2025-08-20,08:40,Kansas City Royals,Texas Rangers,5,2,Kauffman Stadium,Clear,91,Final
2025-08-20,08:40,Minnesota Twins,Athletics,3,6,Target Field,Partly Cloudy,82,Final
2025-08-20,09:40,Colorado Rockies,Los Angeles Dodgers,4,11,Coors Field,Partly Cloudy,86,Final
2025-08-20,10:38,Los Angeles Angels,Cincinnati Reds,4,6,Angel Stadium,Clear,82,Final
2025-08-20,10:40,Arizona Diamondbacks,Cleveland Guardians,6,5,Chase Field,Roof Closed,78,Final
2025-08-20,10:40,San Diego Padres,San Francisco Giants,5,1,Petco Park,Clear,72,Final
2025-08-21,01:35,Pittsburgh Pirates,Toronto Blue Jays,2,1,PNC Park,Partly Cloudy,75,Final
2025-08-21,02:05,Philadelphia Phillies,Seattle Mariners,11,2,Citizens Bank Park,Cloudy,71,Final
2025-08-21,02:10,Detroit Tigers,Houston Astros,7,2,Comerica Park,Cloudy,71,Final
2025-08-21,04:40,Arizona Diamondbacks,Cleveland Guardians,3,2,Chase Field,Roof Closed,76,Final
2025-08-21,07:40,Miami Marlins,St. Louis Cardinals,6,2,loanDepot park,Roof Closed,72,Final
2025-08-21,07:45,Washington Nationals,New York Mets,5,4,Nationals Park,Cloudy,80,Final
2025-08-21,08:15,Atlanta Braves,Chicago White Sox,1,0,Truist Park,Partly Cloudy,89,Final
2025-08-21,08:35,Tampa Bay Rays,New York Yankees,4,6,George M. Steinbrenner Field,Clear,89,Final
2025-08-21,08:40,Kansas City Royals,Texas Rangers,3,6,Kauffman Stadium,Clear,90,Final
2025-08-21,08:40,Minnesota Twins,Athletics,2,4,Target Field,Partly Cloudy,81,Final
2025-08-21,09:05,Chicago Cubs,Milwaukee Brewers,4,3,Wrigley Field,Cloudy,71,Final
2025-08-21,09:40,Colorado Rockies,Los Angeles Dodgers,8,3,Coors Field,Clear,93,Final
2025-08-21,10:38,Los Angeles Angels,Cincinnati Reds,2,1,Angel Stadium,Partly Cloudy,87,Final
2025-08-21,10:40,San Diego Padres,San Francisco Giants,8,1,Petco Park,Clear,75,Final
2025-08-22,02:10,Minnesota Twins,Athletics,3,8,Target Field,Partly Cloudy,77,Final
2025-08-22,03:10,Kansas City Royals,Texas Rangers,6,4,Kauffman Stadium,Partly Cloudy,78,Final
2025-08-22,03:20,Chicago Cubs,Milwaukee Brewers,1,4,Wrigley Field,Partly Cloudy,74,Final
2025-08-22,04:10,Colorado Rockies,Los Angeles Dodgers,5,9,Coors Field,Sunny,88,Final
2025-08-22,05:05,Washington Nationals,New York Mets,9,3,Nationals Park,Overcast,68,Final
2025-08-22,05:10,San Diego Padres,San Francisco Giants,8,4,Petco Park,Partly Cloudy,79,Final
2025-08-22,08:15,Baltimore Orioles,Houston Astros,2,7,Oriole Park at Camden Yards,Partly Cloudy,72,Final
2025-08-22,08:15,New York Yankees,Boston Red Sox,3,6,Yankee Stadium,Cloudy,69,Final
2025-08-22,08:35,Tampa Bay Rays,St. Louis Cardinals,4,7,George M. Steinbrenner Field,Partly Cloudy,89,Final
2025-08-23,07:40,Pittsburgh Pirates,Colorado Rockies,9,0,PNC Park,Partly Cloudy,83,Final
2025-08-23,07:45,Philadelphia Phillies,Washington Nationals,4,5,Citizens Bank Park,Clear,82,Final
2025-08-23,08:05,Baltimore Orioles,Houston Astros,7,10,Oriole Park at Camden Yards,Clear,79,Final
2025-08-23,08:05,New York Yankees,Boston Red Sox,0,1,Yankee Stadium,Clear,81,Final
2025-08-23,08:10,Detroit Tigers,Kansas City Royals,7,5,Comerica Park,Clear,77,Final
2025-08-23,08:10,Miami Marlins,Toronto Blue Jays,2,5,loanDepot park,Roof Closed,72,Final
2025-08-23,08:15,Atlanta Braves,New York Mets,7,12,Truist Park,Cloudy,80,Final
2025-08-23,08:35,Tampa Bay Rays,St. Louis Cardinals,10,6,George M. Steinbrenner Field,Partly Cloudy,85,Final
2025-08-23,08:40,Chicago White Sox,Minnesota Twins,7,9,Rate Field,Partly Cloudy,78,Final
2025-08-23,09:05,Texas Rangers,Cleveland Guardians,4,3,Globe Life Field,Roof Closed,74,Final
2025-08-23,09:10,Milwaukee Brewers,San Francisco Giants,5,4,American Family Field,Partly Cloudy,78,Final
2025-08-23,10:38,Los Angeles Angels,Chicago Cubs,2,3,Angel Stadium,Partly Cloudy,83,Final
2025-08-23,10:40,Arizona Diamondbacks,Cincinnati Reds,6,5,Chase Field,Roof Closed,76,Final
2025-08-23,10:40,San Diego Padres,Los Angeles Dodgers,2,1,Petco Park,Partly Cloudy,74,Final
2025-08-23,11:10,Seattle Mariners,Athletics,3,2,T-Mobile Park,Clear,81,Final
2025-08-24,02:05,New York Yankees,Boston Red Sox,1,12,Yankee Stadium,Sunny,82,Final
2025-08-24,05:10,Miami Marlins,Toronto Blue Jays,6,7,loanDepot park,Roof Closed,72,Final
2025-08-24,07:05,Philadelphia Phillies,Washington Nationals,6,4,Citizens Bank Park,Clear,81,Final
2025-08-24,07:10,Detroit Tigers,Kansas City Royals,4,2,Comerica Park,Partly Cloudy,76,Final
2025-08-24,07:40,Pittsburgh Pirates,Colorado Rockies,5,1,PNC Park,Partly Cloudy,84,Final
2025-08-24,08:05,Baltimore Orioles,Houston Astros,8,9,Oriole Park at Camden Yards,Partly Cloudy,78,Final
2025-08-24,08:05,Texas Rangers,Cleveland Guardians,10,0,Globe Life Field,Roof Closed,74,Final
2025-08-24,08:10,Chicago White Sox,Minnesota Twins,7,3,Rate Field,Partly Cloudy,79,Final
2025-08-24,08:10,Milwaukee Brewers,San Francisco Giants,1,7,American Family Field,Partly Cloudy,73,Final
2025-08-24,08:15,Atlanta Braves,New York Mets,2,9,Truist Park,Partly Cloudy,72,Final
2025-08-24,09:10,Arizona Diamondbacks,Cincinnati Reds,10,1,Chase Field,Roof Closed,78,Final
2025-08-24,09:40,San Diego Padres,Los Angeles Dodgers,5,1,Petco Park,Partly Cloudy,79,Final
2025-08-24,10:38,Los Angeles Angels,Chicago Cubs,1,12,Angel Stadium,Clear,87,Final
2025-08-24,10:40,Seattle Mariners,Athletics,1,2,T-Mobile Park,Partly Cloudy,84,Final
2025-08-25,01:05,Pittsburgh Pirates,Colorado Rockies,4,0,PNC Park,Partly Cloudy,79,Final
2025-08-25,01:10,Tampa Bay Rays,St. Louis Cardinals,7,2,George M. Steinbrenner Field,Overcast,86,Final
2025-08-25,02:35,Baltimore Orioles,Houston Astros,3,2,Oriole Park at Camden Yards,Cloudy,81,Final
2025-08-25,02:35,Philadelphia Phillies,Washington Nationals,3,2,Citizens Bank Park,Partly Cloudy,81,Final
2025-08-25,02:35,Atlanta Braves,New York Mets,4,3,Truist Park,Partly Cloudy,80,Final
2025-08-25,02:40,Detroit Tigers,Kansas City Royals,8,10,Comerica Park,Sunny,74,Final
2025-08-25,02:40,Miami Marlins,Toronto Blue Jays,5,3,loanDepot park,Roof Closed,72,Final
2025-08-25,03:10,Chicago White Sox,Minnesota Twins,8,0,Rate Field,Partly Cloudy,72,Final
2025-08-25,03:10,Milwaukee Brewers,San Francisco Giants,3,4,American Family Field,Partly Cloudy,70,Final
2025-08-25,03:35,Texas Rangers,Cleveland Guardians,5,0,Globe Life Field,Roof Closed,74,Final
2025-08-25,05:07,Los Angeles Angels,Chicago Cubs,3,4,Angel Stadium,Sunny,88,Final
2025-08-25,05:10,Arizona Diamondbacks,Cincinnati Reds,1,6,Chase Field,Roof Closed,76,Final
2025-08-25,05:10,San Diego Padres,Los Angeles Dodgers,2,8,Petco Park,Sunny,77,Final
2025-08-25,05:10,Seattle Mariners,Athletics,11,4,T-Mobile Park,Sunny,79,Final
2025-08-25,08:10,New York Yankees,Boston Red Sox,7,2,Yankee Stadium,Partly Cloudy,75,Final
2025-08-26,07:35,Baltimore Orioles,Boston Red Sox,3,4,Oriole Park at Camden Yards,Clear,81,Final
2025-08-26,07:40,Cleveland Guardians,Tampa Bay Rays,0,9,Progressive Field,Partly Cloudy,67,Final
2025-08-26,07:40,Miami Marlins,Atlanta Braves,2,1,loanDepot park,Roof Closed,72,Final
2025-08-26,08:05,New York Yankees,Washington Nationals,10,5,Yankee Stadium,Partly Cloudy,81,Final
2025-08-26,08:07,Toronto Blue Jays,Minnesota Twins,10,4,Rogers Centre,Clear,68,Final
2025-08-26,08:10,New York Mets,Philadelphia Phillies,13,3,Citi Field,Cloudy,80,Final
2025-08-26,08:40,Chicago White Sox,Kansas City Royals,7,0,Rate Field,Partly Cloudy,68,Final
2025-08-26,08:40,Milwaukee Brewers,Arizona Diamondbacks,7,5,American Family Field,Partly Cloudy,67,Final
2025-08-26,08:45,St. Louis Cardinals,Pittsburgh Pirates,7,6,Busch Stadium,Partly Cloudy,71,Final
2025-08-26,09:05,Texas Rangers,Los Angeles Angels,0,4,Globe Life Field,Roof Closed,74,Final
2025-08-26,10:40,Seattle Mariners,San Diego Padres,9,6,T-Mobile Park,Clear,84,Final
2025-08-26,11:05,Athletics,Detroit Tigers,8,3,Sutter Health Park,Clear,88,Final
2025-08-26,11:10,Los Angeles Dodgers,Cincinnati Reds,7,0,Dodger Stadium,Partly Cloudy,77,Final
2025-08-27,07:35,Baltimore Orioles,Boston Red Sox,0,5,Oriole Park at Camden Yards,Partly Cloudy,79,Final
2025-08-27,07:40,Cleveland Guardians,Tampa Bay Rays,3,0,Progressive Field,Clear,66,Final
2025-08-27,07:40,Miami Marlins,Atlanta Braves,2,11,loanDepot park,Roof Closed,72,Final
2025-08-27,08:05,New York Yankees,Washington Nationals,5,1,Yankee Stadium,Cloudy,76,Final
2025-08-27,08:07,Toronto Blue Jays,Minnesota Twins,5,7,Rogers Centre,Roof Closed,68,Final
2025-08-27,08:10,New York Mets,Philadelphia Phillies,6,5,Citi Field,Partly Cloudy,75,Final
2025-08-27,08:40,Chicago White Sox,Kansas City Royals,4,5,Rate Field,Partly Cloudy,72,Final
2025-08-27,08:40,Milwaukee Brewers,Arizona Diamondbacks,9,8,American Family Field,Partly Cloudy,68,Final
2025-08-27,08:45,St. Louis Cardinals,Pittsburgh Pirates,3,8,Busch Stadium,Clear,75,Final
2025-08-27,09:05,Texas Rangers,Los Angeles Angels,7,3,Globe Life Field,Roof Closed,74,Final
2025-08-27,09:10,Houston Astros,Colorado Rockies,1,6,Daikin Park,Roof Closed,73,Final
2025-08-27,10:40,Seattle Mariners,San Diego Padres,6,7,T-Mobile Park,Partly Cloudy,84,Final
2025-08-27,10:45,San Francisco Giants,Chicago Cubs,5,2,Oracle Park,Partly Cloudy,66,Final
2025-08-27,11:05,Athletics,Detroit Tigers,7,6,Sutter Health Park,Clear,88,Final
2025-08-27,11:10,Los Angeles Dodgers,Cincinnati Reds,6,3,Dodger Stadium,Clear,76,Final
2025-08-28,02:05,New York Yankees,Washington Nationals,11,2,Yankee Stadium,Partly Cloudy,74,Final
2025-08-28,02:10,Cleveland Guardians,Tampa Bay Rays,4,3,Progressive Field,Partly Cloudy,68,Final
2025-08-28,02:10,Miami Marlins,Atlanta Braves,1,12,loanDepot park,Roof Closed,72,Final
2025-08-28,05:10,Seattle Mariners,San Diego Padres,4,3,T-Mobile Park,Partly Cloudy,73,Final
2025-08-28,07:35,Baltimore Orioles,Boston Red Sox,2,3,Oriole Park at Camden Yards,Clear,77,Final
2025-08-28,08:07,Toronto Blue Jays,Minnesota Twins,9,8,Rogers Centre,Partly Cloudy,70,Final
2025-08-28,08:10,New York Mets,Philadelphia Phillies,6,0,Citi Field,Partly Cloudy,72,Final
2025-08-28,08:40,Chicago White Sox,Kansas City Royals,1,12,Rate Field,Partly Cloudy,72,Final
2025-08-28,08:40,Milwaukee Brewers,Arizona Diamondbacks,2,3,American Family Field,Clear,72,Final
2025-08-28,08:45,St. Louis Cardinals,Pittsburgh Pirates,1,2,Busch Stadium,Partly Cloudy,80,Final
2025-08-28,09:05,Texas Rangers,Los Angeles Angels,20,3,Globe Life Field,Roof Closed,74,Final
2025-08-28,09:10,Houston Astros,Colorado Rockies,4,0,Daikin Park,Roof Closed,73,Final
2025-08-28,09:40,Los Angeles Dodgers,Cincinnati Reds,5,1,Dodger Stadium,Clear,84,Final
2025-08-28,10:45,San Francisco Giants,Chicago Cubs,12,3,Oracle Park,Partly Cloudy,67,Final
2025-08-28,11:05,Athletics,Detroit Tigers,7,0,Sutter Health Park,Clear,86,Final
2025-08-29,02:05,Baltimore Orioles,Boston Red Sox,2,3,Oriole Park at Camden Yards,Partly Cloudy,73,Final
2025-08-29,03:10,Houston Astros,Colorado Rockies,4,3,Daikin Park,Roof Closed,73,Final
2025-08-29,03:10,Milwaukee Brewers,Arizona Diamondbacks,4,6,American Family Field,Partly Cloudy,68,Final
2025-08-29,03:15,St. Louis Cardinals,Pittsburgh Pirates,4,1,Busch Stadium,Partly Cloudy,80,Final
2025-08-29,04:45,San Francisco Giants,Chicago Cubs,4,3,Oracle Park,Sunny,67,Final
2025-08-29,07:45,Philadelphia Phillies,Atlanta Braves,19,4,Citizens Bank Park,Partly Cloudy,74,Final
2025-08-29,08:10,New York Mets,Miami Marlins,4,7,Citi Field,Partly Cloudy,72,Final
2025-08-29,08:40,Chicago White Sox,New York Yankees,4,10,Rate Field,Partly Cloudy,69,Final
2025-08-30,07:40,Cincinnati Reds,St. Louis Cardinals,5,7,Great American Ball Park,Partly Cloudy,74,Final
2025-08-30,07:45,Washington Nationals,Tampa Bay Rays,1,4,Nationals Park,Clear,80,Final
2025-08-30,07:45,Philadelphia Phillies,Atlanta Braves,2,1,Citizens Bank Park,Partly Cloudy,75,Final
2025-08-30,08:07,Toronto Blue Jays,Milwaukee Brewers,2,7,Rogers Centre,Clear,63,Final
2025-08-30,08:10,Boston Red Sox,Pittsburgh Pirates,2,4,Fenway Park,Cloudy,67,Final
2025-08-30,08:10,Cleveland Guardians,Seattle Mariners,5,4,Progressive Field,Cloudy,63,Final
2025-08-30,08:10,New York Mets,Miami Marlins,19,9,Citi Field,Cloudy,74,Final
2025-08-30,08:40,Chicago White Sox,New York Yankees,2,10,Rate Field,Partly Cloudy,66,Final
2025-08-30,09:10,Houston Astros,Los Angeles Angels,2,0,Daikin Park,Roof Closed,73,Final
2025-08-30,09:10,Kansas City Royals,Detroit Tigers,3,5,Kauffman Stadium,Partly Cloudy,81,Final
2025-08-30,09:10,Minnesota Twins,San Diego Padres,7,4,Target Field,Partly Cloudy,74,Final
2025-08-30,09:40,Colorado Rockies,Chicago Cubs,7,11,Coors Field,Cloudy,73,Final
2025-08-30,11:05,Athletics,Texas Rangers,2,5,Sutter Health Park,Clear,87,Final
2025-08-30,11:10,Los Angeles Dodgers,Arizona Diamondbacks,0,3,Dodger Stadium,Clear,78,Final
2025-08-30,11:15,San Francisco Giants,Baltimore Orioles,15,8,Oracle Park,Clear,63,Final
2025-08-31,04:07,Toronto Blue Jays,Milwaukee Brewers,1,4,Rogers Centre,Partly Cloudy,70,Final
2025-08-31,05:05,Washington Nationals,Tampa Bay Rays,1,4,Nationals Park,Sunny,74,Final
2025-08-31,05:10,Boston Red Sox,Pittsburgh Pirates,3,10,Fenway Park,Sunny,75,Final
2025-08-31,05:10,New York Mets,Miami Marlins,8,11,Citi Field,Sunny,76,Final
2025-08-31,07:05,Philadelphia Phillies,Atlanta Braves,3,2,Citizens Bank Park,Clear,75,Final
2025-08-31,07:40,Cincinnati Reds,St. Louis Cardinals,2,4,Great American Ball Park,Clear,75,Final
2025-08-31,08:10,Houston Astros,Los Angeles Angels,1,4,Daikin Park,Roof Closed,73,Final
2025-08-31,08:10,Minnesota Twins,San Diego Padres,3,12,Target Field,Clear,75,Final
2025-08-31,08:10,Chicago White Sox,New York Yankees,3,5,Rate Field,Partly Cloudy,71,Final
2025-08-31,08:15,Kansas City Royals,Detroit Tigers,3,1,Kauffman Stadium,Cloudy,83,Final
2025-08-31,08:15,Cleveland Guardians,Seattle Mariners,4,3,Progressive Field,Clear,65,Final
2025-08-31,08:15,San Francisco Giants,Baltimore Orioles,1,11,Oracle Park,Sunny,80,Final
2025-08-31,09:10,Colorado Rockies,Chicago Cubs,3,4,Coors Field,Clear,68,Final
2025-08-31,10:10,Los Angeles Dodgers,Arizona Diamondbacks,1,6,Dodger Stadium,Clear,86,Final
2025-08-31,11:05,Athletics,Texas Rangers,3,9,Sutter Health Park,Clear,95,Final
2025-09-01,01:10,Cincinnati Reds,St. Louis Cardinals,7,4,Great American Ball Park,Sunny,72,Final
2025-09-01,02:05,Minnesota Twins,San Diego Padres,7,2,Target Field,Partly Cloudy,72,Final
2025-09-01,02:35,Boston Red Sox,Pittsburgh Pirates,5,2,Fenway Park,Sunny,71,Final
2025-09-01,02:35,Washington Nationals,Tampa Bay Rays,4,7,Nationals Park,Sunny,74,Final
2025-09-01,02:37,Toronto Blue Jays,Milwaukee Brewers,8,4,Rogers Centre,Sunny,68,Final
2025-09-01,02:40,Cleveland Guardians,Seattle Mariners,2,4,Progressive Field,Sunny,70,Final
2025-09-01,02:40,New York Mets,Miami Marlins,1,5,Citi Field,Sunny,77,Final
2025-09-01,03:10,Houston Astros,Los Angeles Angels,0,3,Daikin Park,Roof Closed,73,Final
2025-09-01,03:10,Kansas City Royals,Detroit Tigers,0,5,Kauffman Stadium,Partly Cloudy,78,Final
2025-09-01,03:10,Chicago White Sox,New York Yankees,3,2,Rate Field,Partly Cloudy,75,Final
2025-09-01,04:10,Colorado Rockies,Chicago Cubs,6,5,Coors Field,Sunny,79,Final
2025-09-01,05:05,San Francisco Giants,Baltimore Orioles,13,2,Oracle Park,Partly Cloudy,84,Final
2025-09-01,05:05,Athletics,Texas Rangers,6,9,Sutter Health Park,Sunny,96,Final
2025-09-01,05:10,Los Angeles Dodgers,Arizona Diamondbacks,5,4,Dodger Stadium,Sunny,94,Final
2025-09-01,08:10,Philadelphia Phillies,Atlanta Braves,1,3,Citizens Bank Park,Partly Cloudy,73,Final
2025-09-02,02:05,Washington Nationals,Miami Marlins,2,0,Nationals Park,Partly Cloudy,75,Final
2025-09-02,02:10,Detroit Tigers,New York Mets,8,10,Comerica Park,Sunny,75,Final
2025-09-02,02:10,Cincinnati Reds,Toronto Blue Jays,5,4,Great American Ball Park,Sunny,78,Final
2025-09-02,02:35,Boston Red Sox,Cleveland Guardians,6,4,Fenway Park,Partly Cloudy,72,Final
2025-09-02,03:10,Houston Astros,Los Angeles Angels,8,3,Daikin Park,Roof Closed,73,Final
2025-09-02,03:10,Minnesota Twins,Chicago White Sox,5,6,Target Field,Partly Cloudy,77,Final
2025-09-02,03:15,St. Louis Cardinals,Athletics,3,11,Busch Stadium,Cloudy,79,Final
2025-09-02,05:05,Chicago Cubs,Atlanta Braves,7,6,Wrigley Field,Sunny,77,Final
2025-09-02,05:10,Colorado Rockies,San Francisco Giants,2,8,Coors Field,Sunny,80,Final
2025-09-02,05:10,Milwaukee Brewers,Philadelphia Phillies,8,10,American Family Field,Sunny,76,Final
2025-09-02,07:40,San Diego Padres,Baltimore Orioles,3,4,Petco Park,Partly Cloudy,82,Final
2025-09-02,08:35,Tampa Bay Rays,Seattle Mariners,10,2,George M. Steinbrenner Field,Partly Cloudy,84,Final
2025-09-02,09:10,Arizona Diamondbacks,Texas Rangers,5,7,Chase Field,Roof Closed,78,Final
2025-09-03,07:40,Detroit Tigers,New York Mets,5,12,Comerica Park,Clear,75,Final
2025-09-03,07:40,Pittsburgh Pirates,Los Angeles Dodgers,9,7,PNC Park,Partly Cloudy,75,Final
2025-09-03,07:40,Cincinnati Reds,Toronto Blue Jays,9,12,Great American Ball Park,Partly Cloudy,78,Final
2025-09-03,07:45,Boston Red Sox,Cleveland Guardians,11,7,Fenway Park,Partly Cloudy,74,Final
2025-09-03,07:45,Washington Nationals,Miami Marlins,5,2,Nationals Park,Partly Cloudy,75,Final
2025-09-03,08:35,Tampa Bay Rays,Seattle Mariners,6,5,George M. Steinbrenner Field,Partly Cloudy,87,Final
2025-09-03,08:40,Kansas City Royals,Los Angeles Angels,1,5,Kauffman Stadium,Partly Cloudy,80,Final
2025-09-03,08:40,Chicago Cubs,Atlanta Braves,4,3,Wrigley Field,Partly Cloudy,73,Final
2025-09-03,08:40,Minnesota Twins,Chicago White Sox,3,12,Target Field,Partly Cloudy,75,Final
2025-09-03,08:45,St. Louis Cardinals,Athletics,2,1,Busch Stadium,Partly Cloudy,80,Final
2025-09-03,09:10,Houston Astros,New York Yankees,1,7,Daikin Park,Roof Closed,73,Final
2025-09-03,09:40,Colorado Rockies,San Francisco Giants,4,7,Coors Field,Cloudy,80,Final
2025-09-03,10:40,San Diego Padres,Baltimore Orioles,2,6,Petco Park,Clear,75,Final
2025-09-03,10:40,Arizona Diamondbacks,Texas Rangers,5,3,Chase Field,Roof Closed,76,Final
2025-09-04,02:05,Washington Nationals,Miami Marlins,10,5,Nationals Park,Partly Cloudy,77,Final
2025-09-04,02:10,Detroit Tigers,New York Mets,6,2,Comerica Park,Sunny,76,Final
2025-09-04,04:40,Arizona Diamondbacks,Texas Rangers,2,0,Chase Field,Roof Closed,78,Final
2025-09-04,05:10,San Diego Padres,Baltimore Orioles,5,7,Petco Park,Sunny,79,Final
2025-09-04,07:40,Pittsburgh Pirates,Los Angeles Dodgers,3,0,PNC Park,Partly Cloudy,81,Final
2025-09-04,07:40,Cincinnati Reds,Toronto Blue Jays,9,13,Great American Ball Park,Partly Cloudy,80,Final
2025-09-04,07:45,Boston Red Sox,Cleveland Guardians,1,8,Fenway Park,Clear,75,Final
2025-09-04,08:35,Tampa Bay Rays,Seattle Mariners,9,4,George M. Steinbrenner Field,Partly Cloudy,85,Final
2025-09-04,08:40,Kansas City Royals,Los Angeles Angels,3,4,Kauffman Stadium,Partly Cloudy,83,Final
2025-09-04,08:40,Chicago Cubs,Atlanta Braves,1,5,Wrigley Field,Overcast,67,Final
2025-09-04,08:40,Minnesota Twins,Chicago White Sox,3,4,Target Field,Partly Cloudy,62,Final
2025-09-04,08:40,Milwaukee Brewers,Philadelphia Phillies,6,3,American Family Field,Roof Closed,65,Final
2025-09-04,08:45,St. Louis Cardinals,Athletics,5,1,Busch Stadium,Partly Cloudy,84,Final
2025-09-04,09:10,Houston Astros,New York Yankees,8,7,Daikin Park,Roof Closed,73,Final
2025-09-04,09:40,Colorado Rockies,San Francisco Giants,8,10,Coors Field,Clear,84,Final
2025-09-05,05:10,Milwaukee Brewers,Philadelphia Phillies,0,2,American Family Field,Partly Cloudy,63,Final
2025-09-05,07:40,Pittsburgh Pirates,Los Angeles Dodgers,5,3,PNC Park,Rain,64,Final
2025-09-05,08:35,Tampa Bay Rays,Cleveland Guardians,4,2,George M. Steinbrenner Field,Partly Cloudy,84,Final
2025-09-05,08:40,Kansas City Royals,Los Angeles Angels,4,3,Kauffman Stadium,Clear,75,Final
2025-09-05,08:40,Minnesota Twins,Chicago White Sox,8,11,Target Field,Overcast,57,Final
2025-09-05,08:40,Houston Astros,New York Yankees,4,8,Daikin Park,Roof Closed,73,Final
2025-09-06,03:20,Chicago Cubs,Washington Nationals,11,5,Wrigley Field,Partly Cloudy,65,Final
2025-09-06,07:40,Cincinnati Reds,New York Mets,4,5,Great American Ball Park,Partly Cloudy,78,Final
2025-09-06,07:40,Detroit Tigers,Chicago White Sox,5,7,Comerica Park,Partly Cloudy,68,Final
2025-09-06,07:40,Pittsburgh Pirates,Milwaukee Brewers,2,5,PNC Park,Cloudy,79,Final
2025-09-06,08:05,Baltimore Orioles,Los Angeles Dodgers,2,1,Oriole Park at Camden Yards,Partly Cloudy,84,Final
2025-09-06,08:05,New York Yankees,Toronto Blue Jays,1,7,Yankee Stadium,Partly Cloudy,79,Final
2025-09-06,08:10,Miami Marlins,Philadelphia Phillies,3,9,loanDepot park,Roof Closed,72,Final
2025-09-06,08:15,Atlanta Braves,Seattle Mariners,4,1,Truist Park,Partly Cloudy,88,Final
2025-09-06,08:35,Tampa Bay Rays,Cleveland Guardians,1,7,George M. Steinbrenner Field,Cloudy,87,Final
2025-09-06,08:40,Kansas City Royals,Minnesota Twins,2,1,Kauffman Stadium,Cloudy,63,Final
2025-09-06,09:05,Texas Rangers,Houston Astros,4,3,Globe Life Field,Roof Closed,74,Final
2025-09-06,09:15,St. Louis Cardinals,San Francisco Giants,2,8,Busch Stadium,Cloudy,68,Final
2025-09-06,09:40,Colorado Rockies,San Diego Padres,3,0,Coors Field,Clear,64,Final
2025-09-06,10:38,Los Angeles Angels,Athletics,4,10,Angel Stadium,Clear,82,Final
2025-09-06,10:40,Arizona Diamondbacks,Boston Red Sox,10,5,Chase Field,Roof Closed,76,Final
2025-09-07,02:05,New York Yankees,Toronto Blue Jays,3,1,Yankee Stadium,Partly Cloudy,83,Final
2025-09-07,03:20,Chicago Cubs,Washington Nationals,1,2,Wrigley Field,Cloudy,65,Final
2025-09-07,05:10,Miami Marlins,Philadelphia Phillies,2,4,loanDepot park,Roof Closed,72,Final
2025-09-07,07:10,Detroit Tigers,Chicago White Sox,6,0,Comerica Park,Partly Cloudy,63,Final
2025-09-07,07:40,Cincinnati Reds,New York Mets,6,3,Great American Ball Park,Clear,69,Final
2025-09-07,07:40,Pittsburgh Pirates,Milwaukee Brewers,1,4,PNC Park,Cloudy,64,Final
2025-09-07,08:05,Baltimore Orioles,Los Angeles Dodgers,4,3,Oriole Park at Camden Yards,Cloudy,73,Final
2025-09-07,08:05,Tampa Bay Rays,Cleveland Guardians,2,3,George M. Steinbrenner Field,Partly Cloudy,87,Final
2025-09-07,08:15,St. Louis Cardinals,San Francisco Giants,3,2,Busch Stadium,Partly Cloudy,73,Final
2025-09-07,08:15,Texas Rangers,Houston Astros,0,11,Globe Life Field,Roof Closed,74,Final
2025-09-07,08:15,Kansas City Royals,Minnesota Twins,11,2,Kauffman Stadium,Clear,74,Final
2025-09-07,08:15,Atlanta Braves,Seattle Mariners,2,10,Truist Park,Cloudy,76,Final
2025-09-07,09:10,Arizona Diamondbacks,Boston Red Sox,5,1,Chase Field,Roof Closed,76,Final
2025-09-07,09:10,Colorado Rockies,San Diego Padres,8,10,Coors Field,Partly Cloudy,80,Final
2025-09-07,10:38,Los Angeles Angels,Athletics,4,17,Angel Stadium,Clear,87,Final
2025-09-08,01:05,Atlanta Braves,Seattle Mariners,2,18,Truist Park,Cloudy,72,Final
2025-09-08,01:10,Tampa Bay Rays,Cleveland Guardians,1,2,George M. Steinbrenner Field,Partly Cloudy,85,Final
2025-09-08,02:35,Baltimore Orioles,Los Angeles Dodgers,2,5,Oriole Park at Camden Yards,Partly Cloudy,70,Final
2025-09-08,02:35,New York Yankees,Toronto Blue Jays,4,3,Yankee Stadium,Overcast,64,Final
2025-09-08,02:35,Pittsburgh Pirates,Milwaukee Brewers,2,10,PNC Park,Partly Cloudy,67,Final
2025-09-08,02:40,Cincinnati Reds,New York Mets,3,2,Great American Ball Park,Partly Cloudy,70,Final
2025-09-08,02:40,Detroit Tigers,Chicago White Sox,4,6,Comerica Park,Sunny,67,Final
2025-09-08,02:40,Miami Marlins,Philadelphia Phillies,5,4,loanDepot park,Roof Closed,72,Final
2025-09-08,03:10,Kansas City Royals,Minnesota Twins,1,5,Kauffman Stadium,Sunny,73,Final
2025-09-08,03:15,St. Louis Cardinals,San Francisco Giants,4,3,Busch Stadium,Sunny,72,Final
2025-09-08,03:20,Chicago Cubs,Washington Nationals,3,6,Wrigley Field,Partly Cloudy,65,Final
2025-09-08,03:35,Texas Rangers,Houston Astros,4,2,Globe Life Field,Roof Closed,74,Final
2025-09-08,04:10,Colorado Rockies,San Diego Padres,1,8,Coors Field,Partly Cloudy,81,Final
2025-09-08,05:07,Los Angeles Angels,Athletics,4,3,Angel Stadium,Sunny,88,Final
2025-09-08,05:10,Arizona Diamondbacks,Boston Red Sox,4,7,Chase Field,Roof Closed,76,Final
2025-09-09,07:40,Cleveland Guardians,Kansas City Royals,10,2,Progressive Field,Clear,66,Final
2025-09-09,07:40,Miami Marlins,Washington Nationals,7,15,loanDepot park,Roof Closed,72,Final
2025-09-09,07:45,Philadelphia Phillies,New York Mets,1,0,Citizens Bank Park,Clear,73,Final
2025-09-09,08:15,Atlanta Braves,Chicago Cubs,4,1,Truist Park,Partly Cloudy,76,Final
2025-09-09,09:05,Texas Rangers,Milwaukee Brewers,5,0,Globe Life Field,Clear,81,Final
2025-09-09,10:38,Los Angeles Angels,Minnesota Twins,3,12,Angel Stadium,Clear,79,Final
2025-09-09,10:40,San Diego Padres,Cincinnati Reds,4,3,Petco Park,Clear,73,Final
2025-09-09,10:40,Seattle Mariners,St. Louis Cardinals,4,2,T-Mobile Park,Clear,72,Final
2025-09-09,10:45,San Francisco Giants,Arizona Diamondbacks,11,5,Oracle Park,Clear,70,Final
2025-09-09,11:05,Athletics,Boston Red Sox,0,7,Sutter Health Park,Partly Cloudy,77,Final
2025-09-09,11:10,Los Angeles Dodgers,Colorado Rockies,3,1,Dodger Stadium,Clear,75,Final
2025-09-10,07:35,Baltimore Orioles,Pittsburgh Pirates,3,2,Oriole Park at Camden Yards,Partly Cloudy,74,Final
2025-09-10,07:40,Cleveland Guardians,Kansas City Royals,2,0,Progressive Field,Clear,71,Final
2025-09-10,07:40,Miami Marlins,Washington Nationals,5,7,loanDepot park,Roof Closed,72,Final
2025-09-10,07:45,Philadelphia Phillies,New York Mets,9,3,Citizens Bank Park,Partly Cloudy,69,Final
2025-09-10,08:05,New York Yankees,Detroit Tigers,2,12,Yankee Stadium,Partly Cloudy,68,Final
2025-09-10,08:07,Toronto Blue Jays,Houston Astros,4,3,Rogers Centre,Clear,62,Final
2025-09-10,08:15,Atlanta Braves,Chicago Cubs,1,6,Truist Park,Clear,77,Final
2025-09-10,08:40,Chicago White Sox,Tampa Bay Rays,4,5,Rate Field,Partly Cloudy,71,Final
2025-09-10,09:05,Texas Rangers,Milwaukee Brewers,5,4,Globe Life Field,Clear,85,Final
2025-09-10,10:38,Los Angeles Angels,Minnesota Twins,12,2,Angel Stadium,Clear,75,Final
2025-09-10,10:40,San Diego Padres,Cincinnati Reds,2,4,Petco Park,Partly Cloudy,72,Final
2025-09-10,10:40,Seattle Mariners,St. Louis Cardinals,5,3,T-Mobile Park,Partly Cloudy,71,Final
2025-09-10,10:45,San Francisco Giants,Arizona Diamondbacks,5,3,Oracle Park,Drizzle,68,Final
2025-09-10,11:05,Athletics,Boston Red Sox,0,6,Sutter Health Park,Partly Cloudy,72,Final
2025-09-10,11:10,Los Angeles Dodgers,Colorado Rockies,7,2,Dodger Stadium,Clear,72,Final
2025-09-11,03:35,Texas Rangers,Milwaukee Brewers,6,3,Globe Life Field,Roof Closed,74,Final
2025-09-11,04:35,Athletics,Boston Red Sox,5,4,Sutter Health Park,Partly Cloudy,75,Final
2025-09-11,04:45,San Francisco Giants,Arizona Diamondbacks,3,5,Oracle Park,Partly Cloudy,67,Final
2025-09-11,05:07,Los Angeles Angels,Minnesota Twins,4,3,Angel Stadium,Sunny,79,Final
2025-09-11,07:35,Baltimore Orioles,Pittsburgh Pirates,2,1,Oriole Park at Camden Yards,Cloudy,68,Final
2025-09-11,07:40,Cleveland Guardians,Kansas City Royals,3,4,Progressive Field,Clear,72,Final
2025-09-11,07:40,Miami Marlins,Washington Nationals,8,3,loanDepot park,Roof Closed,72,Final
2025-09-11,07:45,Philadelphia Phillies,New York Mets,11,3,Citizens Bank Park,Partly Cloudy,71,Final
2025-09-11,08:05,New York Yankees,Detroit Tigers,1,11,Yankee Stadium,Partly Cloudy,72,Final
2025-09-11,08:07,Toronto Blue Jays,Houston Astros,2,3,Rogers Centre,Clear,69,Final
2025-09-11,08:15,Atlanta Braves,Chicago Cubs,2,3,Truist Park,Clear,80,Final
2025-09-11,08:40,Chicago White Sox,Tampa Bay Rays,6,5,Rate Field,Partly Cloudy,75,Final
2025-09-11,09:40,San Diego Padres,Cincinnati Reds,1,2,Petco Park,Clear,73,Final
2025-09-11,10:40,Seattle Mariners,St. Louis Cardinals,4,2,T-Mobile Park,Clear,72,Final
2025-09-11,11:10,Los Angeles Dodgers,Colorado Rockies,9,0,Dodger Stadium,Clear,71,Final
2025-09-12,02:05,Baltimore Orioles,Pittsburgh Pirates,3,2,Oriole Park at Camden Yards,Partly Cloudy,75,Final
2025-09-12,03:10,Chicago White Sox,Tampa Bay Rays,5,1,Rate Field,Sunny,74,Final
2025-09-12,04:07,Toronto Blue Jays,Houston Astros,6,0,Rogers Centre,Sunny,72,Final
2025-09-12,07:40,Miami Marlins,Washington Nationals,5,0,loanDepot park,Roof Closed,72,Final
2025-09-12,08:05,New York Yankees,Detroit Tigers,9,3,Yankee Stadium,Clear,75,Final
2025-09-12,08:15,Cleveland Guardians,Kansas City Royals,3,2,Progressive Field,Clear,71,Final
2025-09-12,08:15,Philadelphia Phillies,New York Mets,6,4,Citizens Bank Park,Clear,75,Final
2025-09-12,10:40,San Diego Padres,Colorado Rockies,2,0,Petco Park,Partly Cloudy,72,Final
2025-09-12,10:40,Seattle Mariners,Los Angeles Angels,7,6,T-Mobile Park,Cloudy,67,Final
2025-09-13,03:20,Chicago Cubs,Tampa Bay Rays,6,4,Wrigley Field,Cloudy,80,Final
2025-09-13,07:45,Washington Nationals,Pittsburgh Pirates,6,5,Nationals Park,Clear,78,Final
2025-09-13,07:45,Philadelphia Phillies,Kansas City Royals,8,2,Citizens Bank Park,Partly Cloudy,76,Final
2025-09-13,08:07,Toronto Blue Jays,Baltimore Orioles,6,1,Rogers Centre,Partly Cloudy,66,Final
2025-09-13,08:10,New York Mets,Texas Rangers,3,8,Citi Field,Clear,73,Final
2025-09-13,08:10,Cleveland Guardians,Chicago White Sox,4,0,Progressive Field,Clear,70,Final
2025-09-13,08:10,Miami Marlins,Detroit Tigers,8,2,loanDepot park,Roof Closed,72,Final
2025-09-13,08:10,Boston Red Sox,New York Yankees,1,4,Fenway Park,Clear,67,Final
2025-09-13,08:15,Atlanta Braves,Houston Astros,3,11,Truist Park,Clear,83,Final
2025-09-13,09:10,Minnesota Twins,Arizona Diamondbacks,9,8,Target Field,Cloudy,77,Final
2025-09-13,09:10,Milwaukee Brewers,St. Louis Cardinals,8,2,American Family Field,Partly Cloudy,69,Final
2025-09-13,10:40,San Diego Padres,Colorado Rockies,2,4,Petco Park,Partly Cloudy,72,Final
2025-09-13,11:05,Athletics,Cincinnati Reds,3,0,Sutter Health Park,Clear,81,Final
2025-09-13,11:10,Seattle Mariners,Los Angeles Angels,2,1,T-Mobile Park,Clear,70,Final
2025-09-13,11:15,San Francisco Giants,Los Angeles Dodgers,5,1,Oracle Park,Clear,64,Final
2025-09-14,03:20,Chicago Cubs,Tampa Bay Rays,4,5,Wrigley Field,Partly Cloudy,71,Final
2025-09-14,04:07,Toronto Blue Jays,Baltimore Orioles,5,4,Rogers Centre,Cloudy,67,Final
2025-09-14,05:05,Washington Nationals,Pittsburgh Pirates,1,5,Nationals Park,Sunny,83,Final
2025-09-14,05:10,New York Mets,Texas Rangers,2,3,Citi Field,Sunny,77,Final
2025-09-14,05:10,Miami Marlins,Detroit Tigers,6,4,loanDepot park,Roof Closed,72,Final
2025-09-14,05:10,Boston Red Sox,New York Yankees,3,5,Fenway Park,Partly Cloudy,75,Final
2025-09-14,07:05,Philadelphia Phillies,Kansas City Royals,8,6,Citizens Bank Park,Partly Cloudy,81,Final
2025-09-14,07:10,Cleveland Guardians,Chicago White Sox,3,1,Progressive Field,Cloudy,70,Final
2025-09-14,08:10,Minnesota Twins,Arizona Diamondbacks,2,5,Target Field,Cloudy,82,Final
2025-09-14,08:15,Atlanta Braves,Houston Astros,2,6,Truist Park,Clear,82,Final
2025-09-14,09:15,Milwaukee Brewers,St. Louis Cardinals,9,8,American Family Field,Partly Cloudy,68,Final
2025-09-14,09:40,San Diego Padres,Colorado Rockies,11,3,Petco Park,Partly Cloudy,72,Final
2025-09-14,10:05,San Francisco Giants,Los Angeles Dodgers,7,13,Oracle Park,Clear,65,Final
2025-09-14,10:40,Seattle Mariners,Los Angeles Angels,5,3,T-Mobile Park,Clear,74,Final
2025-09-14,11:05,Athletics,Cincinnati Reds,11,5,Sutter Health Park,Clear,78,Final
2025-09-15,00:35,Washington Nationals,Pittsburgh Pirates,4,3,Nationals Park,Sunny,78,Final
2025-09-15,02:35,Philadelphia Phillies,Kansas City Royals,3,10,Citizens Bank Park,Sunny,83,Final
2025-09-15,02:35,Atlanta Braves,Houston Astros,8,3,Truist Park,Partly Cloudy,84,Final
2025-09-15,02:37,Toronto Blue Jays,Baltimore Orioles,11,2,Rogers Centre,Partly Cloudy,72,Final
2025-09-15,02:40,New York Mets,Texas Rangers,5,2,Citi Field,Partly Cloudy,81,Final
2025-09-15,02:40,Cleveland Guardians,Chicago White Sox,3,2,Progressive Field,Sunny,76,Final
2025-09-15,02:40,Miami Marlins,Detroit Tigers,0,2,loanDepot park,Roof Closed,72,Final
2025-09-15,03:10,Minnesota Twins,Arizona Diamondbacks,4,6,Target Field,Partly Cloudy,82,Final
2025-09-15,03:10,Milwaukee Brewers,St. Louis Cardinals,2,3,American Family Field,Sunny,76,Final
2025-09-15,03:20,Chicago Cubs,Tampa Bay Rays,4,3,Wrigley Field,Sunny,79,Final
2025-09-15,05:05,Athletics,Cincinnati Reds,7,4,Sutter Health Park,Sunny,81,Final
2025-09-15,05:05,San Francisco Giants,Los Angeles Dodgers,2,10,Oracle Park,Sunny,70,Final
2025-09-15,05:10,San Diego Padres,Colorado Rockies,9,6,Petco Park,Partly Cloudy,72,Final
2025-09-15,05:10,Seattle Mariners,Los Angeles Angels,11,2,T-Mobile Park,Cloudy,65,Final
2025-09-15,08:10,Boston Red Sox,New York Yankees,6,4,Fenway Park,Clear,69,Final
2025-09-16,07:40,Pittsburgh Pirates,Chicago Cubs,0,4,PNC Park,Partly Cloudy,82,Final
2025-09-16,07:45,Washington Nationals,Atlanta Braves,3,11,Nationals Park,Partly Cloudy,76,Final
2025-09-16,08:35,Tampa Bay Rays,Toronto Blue Jays,1,2,George M. Steinbrenner Field,Clear,85,Final
2025-09-16,08:40,Chicago White Sox,Baltimore Orioles,1,4,Rate Field,Clear,77,Final
2025-09-16,08:40,Minnesota Twins,New York Yankees,7,0,Target Field,Partly Cloudy,83,Final
2025-09-16,08:45,St. Louis Cardinals,Cincinnati Reds,6,11,Busch Stadium,Partly Cloudy,85,Final
2025-09-16,09:10,Houston Astros,Texas Rangers,6,3,Daikin Park,Roof Closed,73,Final
2025-09-16,10:40,Arizona Diamondbacks,San Francisco Giants,8,1,Chase Field,Roof Closed,78,Final
2025-09-16,11:10,Los Angeles Dodgers,Philadelphia Phillies,5,6,Dodger Stadium,Clear,74,Final
2025-09-17,02:05,Washington Nationals,Atlanta Braves,3,6,Nationals Park,Cloudy,69,Final
2025-09-17,07:45,Washington Nationals,Atlanta Braves,0,5,Nationals Park,Drizzle,62,Final
2025-09-17,07:40,Detroit Tigers,Cleveland Guardians,5,7,Comerica Park,Clear,79,Final
2025-09-17,07:40,Pittsburgh Pirates,Chicago Cubs,1,4,PNC Park,Cloudy,81,Final
2025-09-17,07:45,Boston Red Sox,Athletics,1,2,Fenway Park,Partly Cloudy,69,Final
2025-09-17,08:10,New York Mets,San Diego Padres,8,3,Citi Field,Partly Cloudy,69,Final
2025-09-17,08:35,Tampa Bay Rays,Toronto Blue Jays,5,6,George M. Steinbrenner Field,Clear,82,Final
2025-09-17,08:40,Kansas City Royals,Seattle Mariners,5,12,Kauffman Stadium,Partly Cloudy,89,Final
2025-09-17,08:40,Chicago White Sox,Baltimore Orioles,7,8,Rate Field,Clear,76,Final
2025-09-17,08:40,Minnesota Twins,New York Yankees,9,10,Target Field,Overcast,84,Final
2025-09-17,08:40,Milwaukee Brewers,Los Angeles Angels,9,2,American Family Field,Clear,75,Final
2025-09-17,08:45,St. Louis Cardinals,Cincinnati Reds,3,0,Busch Stadium,Clear,90,Final
2025-09-17,09:10,Houston Astros,Texas Rangers,6,5,Daikin Park,Roof Closed,73,Final
2025-09-17,09:40,Colorado Rockies,Miami Marlins,5,6,Coors Field,Partly Cloudy,69,Final
2025-09-17,10:40,Arizona Diamondbacks,San Francisco Giants,6,5,Chase Field,Roof Closed,78,Final
2025-09-17,11:10,Los Angeles Dodgers,Philadelphia Phillies,6,9,Dodger Stadium,Clear,81,Final
2025-09-18,01:35,Pittsburgh Pirates,Chicago Cubs,4,8,PNC Park,Partly Cloudy,75,Final
2025-09-18,02:15,St. Louis Cardinals,Cincinnati Reds,2,6,Busch Stadium,Sunny,85,Final
2025-09-18,03:10,Chicago White Sox,Baltimore Orioles,1,3,Rate Field,Sunny,77,Final
2025-09-18,04:40,Arizona Diamondbacks,San Francisco Giants,1,5,Chase Field,Roof Closed,76,Final
2025-09-18,05:05,Washington Nationals,Atlanta Braves,4,9,Nationals Park,Overcast,69,Final
2025-09-18,07:40,Detroit Tigers,Cleveland Guardians,0,4,Comerica Park,Clear,78,Final
2025-09-18,07:45,Boston Red Sox,Athletics,5,4,Fenway Park,Partly Cloudy,66,Final
2025-09-18,08:05,Tampa Bay Rays,Toronto Blue Jays,2,1,George M. Steinbrenner Field,Overcast,75,Final
2025-09-18,08:10,New York Mets,San Diego Padres,4,7,Citi Field,Partly Cloudy,68,Final
2025-09-18,08:40,Kansas City Royals,Seattle Mariners,7,5,Kauffman Stadium,Partly Cloudy,85,Final
2025-09-18,08:40,Minnesota Twins,New York Yankees,5,10,Target Field,Overcast,78,Final
2025-09-18,08:40,Milwaukee Brewers,Los Angeles Angels,9,2,American Family Field,Clear,78,Final
2025-09-18,09:10,Houston Astros,Texas Rangers,5,2,Daikin Park,Dome,73,Final
2025-09-18,09:40,Colorado Rockies,Miami Marlins,4,8,Coors Field,Cloudy,61,Final
2025-09-18,11:10,Los Angeles Dodgers,Philadelphia Phillies,5,0,Dodger Stadium,Cloudy,72,Final
2025-09-19,02:10,Detroit Tigers,Cleveland Guardians,1,3,Comerica Park,Sunny,81,Final
2025-09-19,02:10,New York Mets,San Diego Padres,6,1,Citi Field,Sunny,78,Final
2025-09-19,02:10,Tampa Bay Rays,Toronto Blue Jays,4,0,George M. Steinbrenner Field,Partly Cloudy,87,Final
2025-09-19,02:35,Boston Red Sox,Athletics,3,5,Fenway Park,Cloudy,72,Final
2025-09-19,03:10,Kansas City Royals,Seattle Mariners,0,2,Kauffman Stadium,Overcast,68,Final
2025-09-19,04:10,Colorado Rockies,Miami Marlins,7,9,Coors Field,Sunny,70,Final
2025-09-19,08:15,Cincinnati Reds,Chicago Cubs,1,0,Great American Ball Park,Clear,85,Final
2025-09-19,08:15,Baltimore Orioles,New York Yankees,0,7,Oriole Park at Camden Yards,Partly Cloudy,79,Final
2025-09-19,08:40,Milwaukee Brewers,Los Angeles Angels,5,2,American Family Field,Clear,74,Final
2025-09-19,11:10,Los Angeles Dodgers,San Francisco Giants,2,1,Dodger Stadium,Partly Cloudy,76,Final
2025-09-20,07:40,Cincinnati Reds,Chicago Cubs,7,4,Great American Ball Park,Partly Cloudy,84,Final
2025-09-20,07:40,Pittsburgh Pirates,Athletics,3,4,PNC Park,Clear,82,Final
2025-09-20,07:40,Detroit Tigers,Atlanta Braves,1,10,Comerica Park,Clear,76,Final
2025-09-20,08:05,Baltimore Orioles,New York Yankees,4,2,Oriole Park at Camden Yards,Clear,82,Final
2025-09-20,08:10,New York Mets,Washington Nationals,12,6,Citi Field,Clear,78,Final
2025-09-20,08:35,Tampa Bay Rays,Boston Red Sox,7,11,George M. Steinbrenner Field,Clear,87,Final
2025-09-20,08:40,Kansas City Royals,Toronto Blue Jays,20,1,Kauffman Stadium,Clear,80,Final
2025-09-20,08:40,Chicago White Sox,San Diego Padres,4,3,Rate Field,Partly Cloudy,78,Final
2025-09-20,09:05,Texas Rangers,Miami Marlins,4,6,Globe Life Field,Roof Closed,74,Final
2025-09-20,09:10,Colorado Rockies,Los Angeles Angels,7,6,Coors Field,Partly Cloudy,78,Final
2025-09-20,09:10,Houston Astros,Seattle Mariners,0,4,Daikin Park,Roof Closed,73,Final
2025-09-20,09:10,Minnesota Twins,Cleveland Guardians,2,6,Target Field,Rain,67,Final
2025-09-20,09:15,St. Louis Cardinals,Milwaukee Brewers,7,1,Busch Stadium,Clear,79,Final
2025-09-20,10:40,Arizona Diamondbacks,Philadelphia Phillies,2,8,Chase Field,Roof Closed,76,Final
2025-09-20,11:10,Los Angeles Dodgers,San Francisco Giants,6,3,Dodger Stadium,Clear,73,Final
2025-09-21,02:10,Detroit Tigers,Atlanta Braves,5,6,Comerica Park,Sunny,76,Final
2025-09-21,03:10,Minnesota Twins,Cleveland Guardians,0,6,Target Field,Cloudy,71,Final
2025-09-21,08:10,Minnesota Twins,Cleveland Guardians,0,8,Target Field,Partly Cloudy,71,Final
2025-09-21,05:10,New York Mets,Washington Nationals,3,5,Citi Field,Sunny,74,Final
2025-09-21,07:40,Cincinnati Reds,Chicago Cubs,6,3,Great American Ball Park,Clear,84,Final
2025-09-21,07:40,Pittsburgh Pirates,Athletics,2,0,PNC Park,Cloudy,80,Final
2025-09-21,08:05,Tampa Bay Rays,Boston Red Sox,3,6,George M. Steinbrenner Field,Clear,91,Final
2025-09-21,08:05,Texas Rangers,Miami Marlins,3,4,Globe Life Field,Roof Closed,74,Final
2025-09-21,08:05,Baltimore Orioles,New York Yankees,1,6,Oriole Park at Camden Yards,Cloudy,73,Final
2025-09-21,08:10,Houston Astros,Seattle Mariners,4,6,Daikin Park,Roof Closed,73,Final
2025-09-21,08:10,Kansas City Royals,Toronto Blue Jays,2,1,Kauffman Stadium,Partly Cloudy,81,Final
2025-09-21,08:10,Chicago White Sox,San Diego Padres,3,7,Rate Field,Drizzle,73,Final
2025-09-21,08:15,St. Louis Cardinals,Milwaukee Brewers,2,3,Busch Stadium,Cloudy,74,Final
2025-09-21,09:10,Colorado Rockies,Los Angeles Angels,0,3,Coors Field,Cloudy,77,Final
2025-09-21,09:10,Arizona Diamondbacks,Philadelphia Phillies,4,3,Chase Field,Roof Closed,76,Final
2025-09-21,10:10,Los Angeles Dodgers,San Francisco Giants,7,5,Dodger Stadium,Clear,74,Final
2025-09-22,02:10,Detroit Tigers,Atlanta Braves,2,6,Comerica Park,Cloudy,79,Final
2025-09-22,02:35,Pittsburgh Pirates,Athletics,11,0,PNC Park,Sunny,83,Final
2025-09-22,02:35,Baltimore Orioles,New York Yankees,1,7,Oriole Park at Camden Yards,Overcast,72,Final
2025-09-22,02:40,Cincinnati Reds,Chicago Cubs,1,0,Great American Ball Park,Cloudy,83,Final
2025-09-22,02:40,New York Mets,Washington Nationals,2,3,Citi Field,Partly Cloudy,72,Final
2025-09-22,03:10,Kansas City Royals,Toronto Blue Jays,5,8,Kauffman Stadium,Partly Cloudy,78,Final
2025-09-22,03:10,Minnesota Twins,Cleveland Guardians,6,2,Target Field,Partly Cloudy,73,Final
2025-09-22,03:10,Chicago White Sox,San Diego Padres,2,3,Rate Field,Partly Cloudy,78,Final
2025-09-22,03:15,St. Louis Cardinals,Milwaukee Brewers,5,1,Busch Stadium,Partly Cloudy,82,Final
2025-09-22,03:35,Texas Rangers,Miami Marlins,2,4,Globe Life Field,Roof Closed,74,Final
2025-09-22,04:10,Colorado Rockies,Los Angeles Angels,3,1,Coors Field,Partly Cloudy,74,Final
2025-09-22,05:10,Los Angeles Dodgers,San Francisco Giants,1,3,Dodger Stadium,Cloudy,82,Final
2025-09-22,05:10,Arizona Diamondbacks,Philadelphia Phillies,9,2,Chase Field,Roof Closed,76,Final
2025-09-22,08:10,Houston Astros,Seattle Mariners,3,7,Daikin Park,Roof Closed,73,Final
2025-09-22,08:35,Tampa Bay Rays,Boston Red Sox,7,3,George M. Steinbrenner Field,Partly Cloudy,89,Final
2025-09-23,08:15,Atlanta Braves,Washington Nationals,11,5,Truist Park,Clear,82,Final
2025-09-23,10:40,San Diego Padres,Milwaukee Brewers,5,4,Petco Park,Cloudy,71,Final
2025-09-23,10:45,San Francisco Giants,St. Louis Cardinals,5,6,Oracle Park,Clear,66,Final
2025-09-24,07:35,Baltimore Orioles,Tampa Bay Rays,6,0,Oriole Park at Camden Yards,Cloudy,75,Final
2025-09-24,07:40,Cleveland Guardians,Detroit Tigers,5,2,Progressive Field,Clear,72,Final
2025-09-24,07:40,Cincinnati Reds,Pittsburgh Pirates,2,4,Great American Ball Park,Cloudy,76,Final
2025-09-24,07:45,Philadelphia Phillies,Miami Marlins,5,6,Citizens Bank Park,Cloudy,80,Final
2025-09-24,08:05,New York Yankees,Chicago White Sox,3,2,Yankee Stadium,Cloudy,76,Final
2025-09-24,08:07,Toronto Blue Jays,Boston Red Sox,1,4,Rogers Centre,Roof Closed,68,Final
2025-09-24,08:15,Atlanta Braves,Washington Nationals,3,2,Truist Park,Cloudy,85,Final
2025-09-24,08:40,Chicago Cubs,New York Mets,7,9,Wrigley Field,Cloudy,67,Final
2025-09-24,09:05,Texas Rangers,Minnesota Twins,1,4,Globe Life Field,Roof Closed,74,Final
2025-09-24,10:38,Los Angeles Angels,Kansas City Royals,4,8,Angel Stadium,Partly Cloudy,78,Final
2025-09-24,10:40,Arizona Diamondbacks,Los Angeles Dodgers,5,4,Chase Field,Roof Closed,78,Final
2025-09-24,10:40,Seattle Mariners,Colorado Rockies,4,3,T-Mobile Park,Clear,69,Final
2025-09-24,10:40,San Diego Padres,Milwaukee Brewers,7,0,Petco Park,Clear,72,Final
2025-09-24,10:45,San Francisco Giants,St. Louis Cardinals,8,9,Oracle Park,Clear,76,Final
2025-09-24,11:05,Athletics,Houston Astros,5,1,Sutter Health Park,Clear,91,Final
2025-09-25,01:15,Atlanta Braves,Washington Nationals,3,4,Truist Park,Partly Cloudy,85,Final
2025-09-25,05:10,San Diego Padres,Milwaukee Brewers,1,3,Petco Park,Sunny,76,Final
2025-09-25,07:35,Baltimore Orioles,Tampa Bay Rays,2,6,Oriole Park at Camden Yards,Cloudy,73,Final
2025-09-25,07:40,Cleveland Guardians,Detroit Tigers,5,1,Progressive Field,Cloudy,69,Final
2025-09-25,07:40,Cincinnati Reds,Pittsburgh Pirates,3,4,Great American Ball Park,Overcast,73,Final
2025-09-25,07:45,Philadelphia Phillies,Miami Marlins,11,1,Citizens Bank Park,Overcast,72,Final
2025-09-25,08:05,New York Yankees,Chicago White Sox,8,1,Yankee Stadium,Overcast,74,Final
2025-09-25,08:07,Toronto Blue Jays,Boston Red Sox,1,7,Rogers Centre,Roof Closed,68,Final
2025-09-25,09:05,Chicago Cubs,New York Mets,10,3,Wrigley Field,Partly Cloudy,66,Final
2025-09-25,09:05,Texas Rangers,Minnesota Twins,4,2,Globe Life Field,Roof Closed,74,Final
2025-09-25,10:38,Los Angeles Angels,Kansas City Royals,3,2,Angel Stadium,Clear,79,Final
2025-09-25,10:40,Arizona Diamondbacks,Los Angeles Dodgers,4,5,Chase Field,Roof Closed,78,Final
2025-09-25,10:40,Seattle Mariners,Colorado Rockies,9,2,T-Mobile Park,Clear,68,Final
2025-09-25,10:45,San Francisco Giants,St. Louis Cardinals,4,3,Oracle Park,Partly Cloudy,68,Final
2025-09-25,11:05,Athletics,Houston Astros,6,0,Sutter Health Park,Partly Cloudy,77,Final
2025-09-26,01:40,Cincinnati Reds,Pittsburgh Pirates,2,1,Great American Ball Park,Overcast,71,Final
2025-09-26,02:05,Baltimore Orioles,Tampa Bay Rays,6,5,Oriole Park at Camden Yards,Overcast,75,Final
2025-09-26,03:35,Texas Rangers,Minnesota Twins,0,4,Globe Life Field,Partly Cloudy,84,Final
2025-09-26,04:35,Athletics,Houston Astros,5,11,Sutter Health Park,Partly Cloudy,79,Final
2025-09-26,04:40,Arizona Diamondbacks,Los Angeles Dodgers,0,8,Chase Field,Roof Closed,76,Final
2025-09-26,07:05,Philadelphia Phillies,Miami Marlins,1,0,Citizens Bank Park,Overcast,80,Final
2025-09-26,07:40,Cleveland Guardians,Detroit Tigers,2,4,Progressive Field,Clear,69,Final
2025-09-26,08:05,New York Yankees,Chicago White Sox,5,3,Yankee Stadium,Overcast,76,Final
2025-09-26,08:07,Toronto Blue Jays,Boston Red Sox,6,1,Rogers Centre,Partly Cloudy,68,Final
2025-09-26,08:40,Chicago Cubs,New York Mets,5,8,Wrigley Field,Clear,67,Final
2025-09-26,10:38,Los Angeles Angels,Kansas City Royals,4,9,Angel Stadium,Clear,72,Final
2025-09-26,10:40,Seattle Mariners,Colorado Rockies,6,2,T-Mobile Park,Cloudy,60,Final
2025-09-27,03:20,Chicago Cubs,St. Louis Cardinals,12,1,Wrigley Field,Sunny,76,Final
2025-09-27,07:45,Philadelphia Phillies,Minnesota Twins,3,1,Citizens Bank Park,Partly Cloudy,78,Final
2025-09-27,07:45,Washington Nationals,Chicago White Sox,9,10,Nationals Park,Cloudy,82,Final
2025-09-27,08:05,New York Yankees,Baltimore Orioles,8,4,Yankee Stadium,Partly Cloudy,76,Final
2025-09-27,08:07,Toronto Blue Jays,Tampa Bay Rays,4,2,Rogers Centre,Clear,70,Final
2025-09-27,08:10,Boston Red Sox,Detroit Tigers,4,3,Fenway Park,Clear,76,Final
2025-09-27,08:10,Cleveland Guardians,Texas Rangers,3,7,Progressive Field,Clear,70,Final
2025-09-27,08:10,Miami Marlins,New York Mets,6,2,loanDepot park,Roof Closed,72,Final
2025-09-27,08:15,Atlanta Braves,Pittsburgh Pirates,3,9,Truist Park,Partly Cloudy,76,Final
2025-09-27,09:10,Milwaukee Brewers,Cincinnati Reds,1,3,American Family Field,Roof Closed,73,Final
2025-09-27,10:38,Los Angeles Angels,Houston Astros,4,3,Angel Stadium,Partly Cloudy,71,Final
2025-09-27,10:40,San Diego Padres,Arizona Diamondbacks,7,4,Petco Park,Cloudy,68,Final
2025-09-27,10:40,Seattle Mariners,Los Angeles Dodgers,2,3,T-Mobile Park,Partly Cloudy,67,Final
2025-09-27,11:05,Athletics,Kansas City Royals,4,3,Sutter Health Park,Clear,83,Final
2025-09-27,11:15,San Francisco Giants,Colorado Rockies,6,3,Oracle Park,Clear,63,Final
2025-09-28,02:05,New York Yankees,Baltimore Orioles,6,1,Yankee Stadium,Cloudy,76,Final
2025-09-28,03:20,Chicago Cubs,St. Louis Cardinals,7,3,Wrigley Field,Sunny,78,Final
2025-09-28,04:07,Toronto Blue Jays,Tampa Bay Rays,5,1,Rogers Centre,Partly Cloudy,73,Final
2025-09-28,05:05,San Francisco Giants,Colorado Rockies,4,3,Oracle Park,Partly Cloudy,66,Final
2025-09-28,05:05,Washington Nationals,Chicago White Sox,6,5,Nationals Park,Overcast,74,Final
2025-09-28,05:10,Boston Red Sox,Detroit Tigers,1,2,Fenway Park,Partly Cloudy,75,Final
2025-09-28,05:10,Miami Marlins,New York Mets,0,5,loanDepot park,Roof Closed,72,Final
2025-09-28,07:05,Philadelphia Phillies,Minnesota Twins,0,5,Citizens Bank Park,Cloudy,78,Final
2025-09-28,08:15,Cleveland Guardians,Texas Rangers,3,2,Progressive Field,Clear,75,Final
2025-09-28,08:15,Atlanta Braves,Pittsburgh Pirates,1,3,Truist Park,Partly Cloudy,80,Final
2025-09-28,08:15,Milwaukee Brewers,Cincinnati Reds,4,7,American Family Field,Clear,83,Final
2025-09-28,09:40,San Diego Padres,Arizona Diamondbacks,5,1,Petco Park,Partly Cloudy,73,Final
2025-09-28,10:38,Los Angeles Angels,Houston Astros,1,6,Angel Stadium,Cloudy,70,Final
2025-09-28,10:40,Seattle Mariners,Los Angeles Dodgers,3,5,T-Mobile Park,Clear,66,Final
2025-09-28,11:05,Athletics,Kansas City Royals,2,4,Sutter Health Park,Clear,70,Final
2025-09-29,04:05,Boston Red Sox,Detroit Tigers,4,3,Fenway Park,Sunny,82,Final
2025-09-29,04:05,Athletics,Kansas City Royals,2,9,Sutter Health Park,Cloudy,71,Final
2025-09-29,04:05,San Francisco Giants,Colorado Rockies,4,0,Oracle Park,Cloudy,65,Final
2025-09-29,04:05,Philadelphia Phillies,Minnesota Twins,2,1,Citizens Bank Park,Sunny,82,Final
2025-09-29,04:05,Washington Nationals,Chicago White Sox,0,8,Nationals Park,Partly Cloudy,82,Final
2025-09-29,04:05,New York Yankees,Baltimore Orioles,3,2,Yankee Stadium,Sunny,82,Final
2025-09-29,04:07,Los Angeles Angels,Houston Astros,2,6,Angel Stadium,Partly Cloudy,78,Final
2025-09-29,04:07,Toronto Blue Jays,Tampa Bay Rays,13,4,Rogers Centre,Sunny,74,Final
2025-09-29,04:10,San Diego Padres,Arizona Diamondbacks,12,4,Petco Park,Cloudy,74,Final
2025-09-29,04:10,Seattle Mariners,Los Angeles Dodgers,1,6,T-Mobile Park,Partly Cloudy,67,Final
2025-09-29,04:10,Cleveland Guardians,Texas Rangers,9,8,Progressive Field,Sunny,76,Final
2025-09-29,04:10,Miami Marlins,New York Mets,4,0,loanDepot park,Roof Closed,72,Final
2025-09-29,04:10,Milwaukee Brewers,Cincinnati Reds,4,2,American Family Field,Sunny,73,Final
2025-09-29,04:15,Atlanta Braves,Pittsburgh Pirates,4,1,Truist Park,Partly Cloudy,85,Final
2025-09-29,04:20,Chicago Cubs,St. Louis Cardinals,2,0,Wrigley Field,Sunny,73,Final
2026-03-26,09:05,San Francisco Giants,New York Yankees,0,7,Oracle Park,Partly Cloudy,63,Final
2026-03-27,02:15,New York Mets,Pittsburgh Pirates,11,7,Citi Field,Sunny,67,Final
2026-03-27,03:10,Milwaukee Brewers,Chicago White Sox,14,2,American Family Field,Roof Closed,65,Final
2026-03-27,03:20,Chicago Cubs,Washington Nationals,4,10,Wrigley Field,Cloudy,49,Final
2026-03-27,04:05,Baltimore Orioles,Minnesota Twins,2,1,Oriole Park at Camden Yards,Partly Cloudy,77,Final
2026-03-27,05:10,Cincinnati Reds,Boston Red Sox,0,3,Great American Ball Park,Sunny,81,Final
2026-03-27,05:10,Houston Astros,Los Angeles Angels,0,3,Daikin Park,Roof Closed,73,Final
2026-03-27,05:10,San Diego Padres,Detroit Tigers,2,8,Petco Park,Sunny,74,Final
2026-03-27,05:15,St. Louis Cardinals,Tampa Bay Rays,9,7,Busch Stadium,Partly Cloudy,91,Final
2026-03-27,05:15,Philadelphia Phillies,Texas Rangers,5,3,Citizens Bank Park,Partly Cloudy,76,Final
2026-03-27,09:30,Los Angeles Dodgers,Arizona Diamondbacks,8,2,UNIQLO Field at Dodger Stadium,Clear,76,Final
2026-03-27,11:10,Seattle Mariners,Cleveland Guardians,4,6,T-Mobile Park,Clear,52,Final
2026-03-28,05:35,San Francisco Giants,New York Yankees,0,3,Oracle Park,Partly Cloudy,64,Final
2026-03-28,08:07,Toronto Blue Jays,Athletics,3,2,Rogers Centre,Roof Closed,68,Final
2026-03-28,08:10,Miami Marlins,Colorado Rockies,2,1,loanDepot park,Partly Cloudy,79,Final
2026-03-28,08:15,Atlanta Braves,Kansas City Royals,6,0,Truist Park,Partly Cloudy,77,Final
2026-03-28,09:15,Houston Astros,Los Angeles Angels,2,6,Daikin Park,Roof Closed,73,Final
2026-03-28,10:40,San Diego Padres,Detroit Tigers,2,5,Petco Park,Partly Cloudy,66,Final
2026-03-28,10:45,Seattle Mariners,Cleveland Guardians,5,1,T-Mobile Park,Cloudy,52,Final
2026-03-28,11:10,Los Angeles Dodgers,Arizona Diamondbacks,5,4,UNIQLO Field at Dodger Stadium,Partly Cloudy,67,Final
2026-03-29,03:15,St. Louis Cardinals,Tampa Bay Rays,6,5,Busch Stadium,Sunny,51,Final
2026-03-29,03:20,Chicago Cubs,Washington Nationals,10,2,Wrigley Field,Sunny,41,Final
2026-03-29,04:07,Toronto Blue Jays,Athletics,8,7,Rogers Centre,Roof Closed,68,Final
2026-03-29,05:05,Baltimore Orioles,Minnesota Twins,1,4,Oriole Park at Camden Yards,Sunny,46,Final
2026-03-29,05:05,Philadelphia Phillies,Texas Rangers,4,5,Citizens Bank Park,Sunny,45,Final
2026-03-29,05:10,Cincinnati Reds,Boston Red Sox,6,5,Great American Ball Park,Sunny,49,Final
2026-03-29,05:10,New York Mets,Pittsburgh Pirates,4,2,Citi Field,Sunny,42,Final
2026-03-29,05:10,Miami Marlins,Colorado Rockies,4,3,loanDepot park,Roof Closed,72,Final
2026-03-29,08:10,Houston Astros,Los Angeles Angels,11,9,Daikin Park,Roof Closed,73,Final
2026-03-29,08:10,Milwaukee Brewers,Chicago White Sox,6,1,American Family Field,Roof Closed,63,Final
2026-03-29,08:15,Atlanta Braves,Kansas City Royals,6,2,Truist Park,Clear,64,Final
2026-03-29,08:15,San Francisco Giants,New York Yankees,1,3,Oracle Park,Sunny,61,Final
2026-03-29,09:40,San Diego Padres,Detroit Tigers,3,0,Petco Park,Partly Cloudy,71,Final
2026-03-29,10:10,Los Angeles Dodgers,Arizona Diamondbacks,3,2,UNIQLO Field at Dodger Stadium,Partly Cloudy,76,Final
2026-03-29,10:40,Seattle Mariners,Cleveland Guardians,5,6,T-Mobile Park,Partly Cloudy,53,Final
2026-03-30,02:35,Baltimore Orioles,Minnesota Twins,8,6,Oriole Park at Camden Yards,Partly Cloudy,56,Final
2026-03-30,02:35,Philadelphia Phillies,Texas Rangers,3,8,Citizens Bank Park,Sunny,54,Final
2026-03-30,02:35,Atlanta Braves,Kansas City Royals,1,4,Truist Park,Cloudy,57,Final
2026-03-30,02:37,Toronto Blue Jays,Athletics,5,2,Rogers Centre,Roof Closed,68,Final
2026-03-30,02:40,Cincinnati Reds,Boston Red Sox,3,2,Great American Ball Park,Partly Cloudy,60,Final
2026-03-30,02:40,New York Mets,Pittsburgh Pirates,3,4,Citi Field,Sunny,49,Final
2026-03-30,02:40,Miami Marlins,Colorado Rockies,4,3,loanDepot park,Roof Closed,72,Final
2026-03-30,03:10,Houston Astros,Los Angeles Angels,9,7,Daikin Park,Roof Closed,73,Final
2026-03-30,03:10,Milwaukee Brewers,Chicago White Sox,9,7,American Family Field,Roof Closed,62,Final
2026-03-30,03:15,St. Louis Cardinals,Tampa Bay Rays,7,11,Busch Stadium,Partly Cloudy,65,Final
2026-03-30,03:20,Chicago Cubs,Washington Nationals,3,6,Wrigley Field,Cloudy,59,Final
2026-03-30,08:20,Seattle Mariners,Cleveland Guardians,8,0,T-Mobile Park,Roof Closed,43,Final
2026-03-31,05:10,Kansas City Royals,Minnesota Twins,3,1,Kauffman Stadium,Sunny,85,Final
2026-03-31,07:35,Baltimore Orioles,Texas Rangers,2,5,Oriole Park at Camden Yards,Partly Cloudy,70,Final
2026-03-31,07:40,Cincinnati Reds,Pittsburgh Pirates,2,0,Great American Ball Park,Partly Cloudy,74,Final
2026-03-31,07:40,Philadelphia Phillies,Washington Nationals,2,13,Citizens Bank Park,Cloudy,67,Final
2026-03-31,07:40,Miami Marlins,Chicago White Sox,4,9,loanDepot park,Roof Closed,72,Final
2026-03-31,08:07,Toronto Blue Jays,Colorado Rockies,5,14,Rogers Centre,Roof Closed,68,Final
2026-03-31,08:15,Atlanta Braves,Athletics,4,0,Truist Park,Cloudy,70,Final
2026-03-31,08:40,Chicago Cubs,Los Angeles Angels,7,2,Wrigley Field,Partly Cloudy,77,Final
2026-03-31,08:40,Milwaukee Brewers,Tampa Bay Rays,2,3,American Family Field,Roof Closed,64,Final
2026-03-31,08:45,St. Louis Cardinals,New York Mets,2,4,Busch Stadium,Clear,84,Final
2026-03-31,09:10,Houston Astros,Boston Red Sox,8,1,Daikin Park,Roof Closed,73,Final
2026-03-31,10:40,San Diego Padres,San Francisco Giants,2,3,Petco Park,Cloudy,68,Final
2026-03-31,10:40,Seattle Mariners,New York Yankees,2,1,T-Mobile Park,Clear,48,Final
2026-03-31,11:10,Arizona Diamondbacks,Detroit Tigers,9,6,Chase Field,Cloudy,88,Final
2026-03-31,11:10,Los Angeles Dodgers,Cleveland Guardians,2,4,UNIQLO Field at Dodger Stadium,Partly Cloudy,68,Final
2026-04-01,07:35,Baltimore Orioles,Texas Rangers,5,8,Oriole Park at Camden Yards,Partly Cloudy,82,Final
2026-04-01,07:40,Cincinnati Reds,Pittsburgh Pirates,3,8,Great American Ball Park,Partly Cloudy,78,Final
2026-04-01,07:40,Philadelphia Phillies,Washington Nationals,3,2,Citizens Bank Park,Partly Cloudy,78,Final
2026-04-01,07:40,Miami Marlins,Chicago White Sox,9,2,loanDepot park,Partly Cloudy,77,Final
2026-04-01,08:07,Toronto Blue Jays,Colorado Rockies,5,1,Rogers Centre,Roof Closed,68,Final
2026-04-01,08:15,Atlanta Braves,Athletics,2,5,Truist Park,Partly Cloudy,79,Final
2026-04-01,08:40,Chicago Cubs,Los Angeles Angels,0,2,Wrigley Field,Cloudy,44,Final
2026-04-01,08:40,Milwaukee Brewers,Tampa Bay Rays,6,2,American Family Field,Roof Closed,65,Final
2026-04-01,08:45,St. Louis Cardinals,New York Mets,3,0,Busch Stadium,Partly Cloudy,80,Final
2026-04-01,09:10,Houston Astros,Boston Red Sox,9,2,Daikin Park,Roof Closed,73,Final
2026-04-01,10:40,Arizona Diamondbacks,Detroit Tigers,7,5,Chase Field,Partly Cloudy,86,Final
2026-04-01,10:40,San Diego Padres,San Francisco Giants,3,9,Petco Park,Overcast,67,Final
2026-04-01,10:40,Seattle Mariners,New York Yankees,0,5,T-Mobile Park,Partly Cloudy,53,Final
2026-04-01,11:10,Los Angeles Dodgers,Cleveland Guardians,4,1,UNIQLO Field at Dodger Stadium,Overcast,66,Final
2026-04-02,01:15,Atlanta Braves,Athletics,5,1,Truist Park,Partly Cloudy,72,Final
2026-04-02,01:35,Baltimore Orioles,Texas Rangers,8,3,Oriole Park at Camden Yards,Partly Cloudy,81,Final
2026-04-02,01:40,Cincinnati Reds,Pittsburgh Pirates,3,8,Great American Ball Park,Partly Cloudy,73,Final
2026-04-02,02:05,Philadelphia Phillies,Washington Nationals,6,5,Citizens Bank Park,Cloudy,79,Final
2026-04-02,02:07,Toronto Blue Jays,Colorado Rockies,1,2,Rogers Centre,Roof Closed,68,Final
2026-04-02,02:10,Miami Marlins,Chicago White Sox,10,0,loanDepot park,Roof Closed,72,Final
2026-04-02,02:15,St. Louis Cardinals,New York Mets,2,1,Busch Stadium,Overcast,58,Final
2026-04-02,02:40,Milwaukee Brewers,Tampa Bay Rays,8,2,American Family Field,Roof Closed,62,Final
2026-04-02,03:10,Houston Astros,Boston Red Sox,6,4,Daikin Park,Roof Closed,73,Final
2026-04-02,03:20,Chicago Cubs,Los Angeles Angels,6,2,Wrigley Field,Cloudy,39,Final
2026-04-02,04:40,Arizona Diamondbacks,Detroit Tigers,1,0,Chase Field,Partly Cloudy,80,Final
2026-04-02,05:10,San Diego Padres,San Francisco Giants,7,1,Petco Park,Partly Cloudy,70,Final
2026-04-02,05:10,Seattle Mariners,New York Yankees,3,5,T-Mobile Park,Roof Closed,47,Final
2026-04-02,08:40,Kansas City Royals,Minnesota Twins,13,9,Kauffman Stadium,Cloudy,55,Final
2026-04-02,09:20,Los Angeles Dodgers,Cleveland Guardians,1,4,UNIQLO Field at Dodger Stadium,Partly Cloudy,68,Final
2026-04-03,03:10,Kansas City Royals,Minnesota Twins,1,5,Kauffman Stadium,Partly Cloudy,72,Final
2026-04-03,10:40,Arizona Diamondbacks,Atlanta Braves,2,17,Chase Field,Partly Cloudy,80,Final
2026-04-03,10:45,San Francisco Giants,New York Mets,7,2,Oracle Park,Clear,56,Final
2026-04-03,05:10,Chicago White Sox,Toronto Blue Jays,0,0,Rate Field,Partly Cloudy,53,Final
2026-04-04,02:05,Washington Nationals,Los Angeles Dodgers,6,13,Nationals Park,Partly Cloudy,62,Final
2026-04-04,02:10,Detroit Tigers,St. Louis Cardinals,4,0,Comerica Park,Partly Cloudy,73,Final
2026-04-04,02:35,New York Yankees,Miami Marlins,8,2,Yankee Stadium,Partly Cloudy,58,Final
2026-04-04,03:10,Boston Red Sox,San Diego Padres,5,2,Fenway Park,Sunny,56,Final
2026-04-04,03:10,Chicago White Sox,Toronto Blue Jays,5,4,Rate Field,Partly Cloudy,53,Final
2026-04-04,05:05,Texas Rangers,Cincinnati Reds,3,5,Globe Life Field,Roof Closed,74,Final
2026-04-04,05:10,Cleveland Guardians,Chicago Cubs,4,1,Progressive Field,Cloudy,70,Final
2026-04-04,05:10,Minnesota Twins,Tampa Bay Rays,10,4,Target Field,Overcast,38,Final
2026-04-04,05:10,Colorado Rockies,Philadelphia Phillies,1,10,Coors Field,Sunny,51,Final
2026-04-04,05:12,Pittsburgh Pirates,Baltimore Orioles,5,4,PNC Park,Cloudy,75,Final
2026-04-04,10:38,Los Angeles Angels,Seattle Mariners,1,3,Angel Stadium,Partly Cloudy,77,Final
2026-04-04,10:40,Athletics,Houston Astros,11,4,Sutter Health Park,Clear,73,Final
2026-04-04,10:45,Arizona Diamondbacks,Atlanta Braves,0,2,Chase Field,Partly Cloudy,83,Final
2026-04-04,11:15,San Francisco Giants,New York Mets,3,10,Oracle Park,Clear,59,Final
2026-04-04,08:45,Kansas City Royals,Milwaukee Brewers,0,0,Kauffman Stadium,Partly Cloudy,55,Final
2026-04-05,02:10,Detroit Tigers,St. Louis Cardinals,11,6,Comerica Park,Partly Cloudy,56,Final
2026-04-05,03:10,Chicago White Sox,Toronto Blue Jays,6,3,Rate Field,Cloudy,50,Final
2026-04-05,03:10,Kansas City Royals,Milwaukee Brewers,2,5,Kauffman Stadium,Partly Cloudy,47,Final
2026-04-05,08:10,Kansas City Royals,Milwaukee Brewers,8,2,Kauffman Stadium,Partly Cloudy,55,Final
2026-04-05,05:05,Washington Nationals,Los Angeles Dodgers,5,10,Nationals Park,Partly Cloudy,87,Final
2026-04-05,05:05,Athletics,Houston Astros,0,11,Sutter Health Park,Sunny,76,Final
2026-04-05,05:05,Pittsburgh Pirates,Baltimore Orioles,3,2,PNC Park,Partly Cloudy,82,Final
2026-04-05,05:10,Boston Red Sox,San Diego Padres,2,3,Fenway Park,Cloudy,43,Final
2026-04-05,08:05,Texas Rangers,Cincinnati Reds,0,2,Globe Life Field,Roof Closed,74,Final
2026-04-05,08:05,New York Yankees,Miami Marlins,9,7,Yankee Stadium,Partly Cloudy,52,Final
2026-04-05,08:10,Minnesota Twins,Tampa Bay Rays,1,7,Target Field,Cloudy,39,Final
2026-04-05,08:15,Arizona Diamondbacks,Atlanta Braves,2,1,Chase Field,Partly Cloudy,89,Final
2026-04-05,09:10,Colorado Rockies,Philadelphia Phillies,1,2,Coors Field,Clear,60,Final
2026-04-05,10:05,San Francisco Giants,New York Mets,0,9,Oracle Park,Partly Cloudy,67,Final
2026-04-05,10:38,Los Angeles Angels,Seattle Mariners,1,0,Angel Stadium,Partly Cloudy,82,Final
2026-04-05,08:15,Cleveland Guardians,Chicago Cubs,0,0,Progressive Field,Partly Cloudy,44,Final
2026-04-06,02:10,Cleveland Guardians,Chicago Cubs,0,1,Progressive Field,Cloudy,44,Final
2026-04-06,02:15,Cleveland Guardians,Chicago Cubs,6,5,Progressive Field,Partly Cloudy,44,Final
2026-04-06,02:35,Washington Nationals,Los Angeles Dodgers,6,8,Nationals Park,Overcast,60,Final
2026-04-06,02:35,Pittsburgh Pirates,Baltimore Orioles,8,2,PNC Park,Partly Cloudy,45,Final
2026-04-06,02:35,Boston Red Sox,San Diego Padres,6,8,Fenway Park,Overcast,47,Final
2026-04-06,02:35,New York Yankees,Miami Marlins,6,7,Yankee Stadium,Rain,55,Final
2026-04-06,03:10,Minnesota Twins,Tampa Bay Rays,1,4,Target Field,Partly Cloudy,50,Final
2026-04-06,03:10,Chicago White Sox,Toronto Blue Jays,3,0,Rate Field,Partly Cloudy,50,Final
2026-04-06,03:10,Kansas City Royals,Milwaukee Brewers,5,8,Kauffman Stadium,Sunny,56,Final
2026-04-06,03:35,Texas Rangers,Cincinnati Reds,1,2,Globe Life Field,Partly Cloudy,68,Final
2026-04-06,04:10,Colorado Rockies,Philadelphia Phillies,4,1,Coors Field,Sunny,60,Final
2026-04-06,05:05,Athletics,Houston Astros,12,10,Sutter Health Park,Partly Cloudy,78,Final
2026-04-06,05:05,San Francisco Giants,New York Mets,2,5,Oracle Park,Sunny,74,Final
2026-04-06,05:07,Los Angeles Angels,Seattle Mariners,8,7,Angel Stadium,Sunny,83,Final
2026-04-06,05:10,Arizona Diamondbacks,Atlanta Braves,6,5,Chase Field,Roof Closed,76,Final
2026-04-06,08:20,Detroit Tigers,St. Louis Cardinals,3,5,Comerica Park,Cloudy,44,Final
2026-04-07,05:10,Tampa Bay Rays,Chicago Cubs,6,4,Tropicana Field,Dome,72,Final
2026-04-07,07:10,Cleveland Guardians,Kansas City Royals,2,4,Progressive Field,Partly Cloudy,47,Final
2026-04-07,07:40,Pittsburgh Pirates,San Diego Padres,0,5,PNC Park,Drizzle,52,Final
2026-04-07,07:40,Miami Marlins,Cincinnati Reds,0,2,loanDepot park,Roof Closed,72,Final
2026-04-07,07:45,Washington Nationals,St. Louis Cardinals,9,6,Nationals Park,Partly Cloudy,61,Final
2026-04-07,07:45,Boston Red Sox,Milwaukee Brewers,6,8,Fenway Park,Partly Cloudy,46,Final
2026-04-07,08:07,Toronto Blue Jays,Los Angeles Dodgers,2,14,Rogers Centre,Roof Closed,68,Final
2026-04-07,08:40,Minnesota Twins,Detroit Tigers,7,3,Target Field,Clear,37,Final
2026-04-07,08:40,Chicago White Sox,Baltimore Orioles,1,2,Rate Field,Cloudy,48,Final
2026-04-07,09:05,Texas Rangers,Seattle Mariners,2,1,Globe Life Field,Partly Cloudy,70,Final
2026-04-07,09:40,Colorado Rockies,Houston Astros,9,7,Coors Field,Cloudy,65,Final
2026-04-07,10:38,Los Angeles Angels,Atlanta Braves,6,2,Angel Stadium,Clear,72,Final
2026-04-07,10:45,San Francisco Giants,Philadelphia Phillies,4,6,Oracle Park,Partly Cloudy,55,Final
2026-04-08,02:10,Cleveland Guardians,Kansas City Royals,2,1,Progressive Field,Sunny,33,Final
2026-04-08,04:10,Chicago White Sox,Baltimore Orioles,2,4,Rate Field,Sunny,36,Final
2026-04-08,05:10,New York Mets,Arizona Diamondbacks,4,3,Citi Field,Sunny,50,Final
2026-04-08,07:40,Pittsburgh Pirates,San Diego Padres,7,1,PNC Park,Clear,41,Final
2026-04-08,07:40,Tampa Bay Rays,Chicago Cubs,2,9,Tropicana Field,Dome,69,Final
2026-04-08,07:40,Miami Marlins,Cincinnati Reds,3,6,loanDepot park,Roof Closed,72,Final
2026-04-08,07:45,Washington Nationals,St. Louis Cardinals,6,7,Nationals Park,Clear,51,Final
2026-04-08,07:45,Boston Red Sox,Milwaukee Brewers,3,2,Fenway Park,Clear,42,Final
2026-04-08,08:05,New York Yankees,Athletics,5,3,Yankee Stadium,Clear,43,Final
2026-04-08,08:07,Toronto Blue Jays,Los Angeles Dodgers,1,4,Rogers Centre,Roof Closed,68,Final
2026-04-08,08:40,Minnesota Twins,Detroit Tigers,4,2,Target Field,Partly Cloudy,44,Final
2026-04-08,09:05,Texas Rangers,Seattle Mariners,3,2,Globe Life Field,Overcast,71,Final
2026-04-08,09:40,Colorado Rockies,Houston Astros,5,1,Coors Field,Partly Cloudy,71,Final
2026-04-08,10:38,Los Angeles Angels,Atlanta Braves,2,7,Angel Stadium,Clear,72,Final
2026-04-08,10:45,San Francisco Giants,Philadelphia Phillies,6,0,Oracle Park,Partly Cloudy,59,Final
2026-04-09,01:35,Pittsburgh Pirates,San Diego Padres,2,8,PNC Park,Sunny,46,Final
2026-04-09,02:10,Cleveland Guardians,Kansas City Royals,10,2,Progressive Field,Sunny,50,Final
2026-04-09,02:35,Boston Red Sox,Milwaukee Brewers,5,0,Fenway Park,Sunny,43,Final
2026-04-09,03:10,Chicago White Sox,Baltimore Orioles,3,5,Rate Field,Partly Cloudy,58,Final
2026-04-09,03:35,Texas Rangers,Seattle Mariners,3,0,Globe Life Field,Roof Closed,74,Final
2026-04-09,04:07,Toronto Blue Jays,Los Angeles Dodgers,4,3,Rogers Centre,Roof Closed,68,Final
2026-04-09,04:10,Colorado Rockies,Houston Astros,9,1,Coors Field,Partly Cloudy,71,Final
2026-04-09,04:45,San Francisco Giants,Philadelphia Phillies,5,0,Oracle Park,Partly Cloudy,63,Final
2026-04-09,05:05,Washington Nationals,St. Louis Cardinals,1,6,Nationals Park,Sunny,52,Final
2026-04-09,05:07,Los Angeles Angels,Atlanta Braves,2,8,Angel Stadium,Sunny,74,Final
2026-04-09,05:10,New York Mets,Arizona Diamondbacks,2,7,Citi Field,Sunny,48,Final
2026-04-09,07:40,Tampa Bay Rays,Chicago Cubs,2,6,Tropicana Field,Dome,72,Final
2026-04-09,07:40,Miami Marlins,Cincinnati Reds,7,4,loanDepot park,Roof Closed,72,Final
2026-04-09,08:05,New York Yankees,Athletics,2,3,Yankee Stadium,Clear,44,Final
2026-04-09,08:40,Minnesota Twins,Detroit Tigers,8,6,Target Field,Partly Cloudy,51,Final
2026-04-10,01:10,Miami Marlins,Cincinnati Reds,8,1,loanDepot park,Roof Closed,72,Final
2026-04-10,02:35,New York Yankees,Athletics,0,1,Yankee Stadium,Sunny,50,Final
2026-04-10,02:40,Minnesota Twins,Detroit Tigers,3,1,Target Field,Partly Cloudy,45,Final
2026-04-10,08:10,New York Mets,Arizona Diamondbacks,1,7,Citi Field,Clear,45,Final
2026-04-10,08:40,Kansas City Royals,Chicago White Sox,0,2,Kauffman Stadium,Partly Cloudy,78,Final
2026-04-10,10:40,San Diego Padres,Colorado Rockies,7,3,Petco Park,Cloudy,69,Final
2026-04-11,03:20,Chicago Cubs,Pittsburgh Pirates,0,2,Wrigley Field,Sunny,49,Final
2026-04-11,07:40,Philadelphia Phillies,Arizona Diamondbacks,4,5,Citizens Bank Park,Clear,68,Final
2026-04-11,07:40,Detroit Tigers,Miami Marlins,2,0,Comerica Park,Cloudy,52,Final
2026-04-11,07:45,Cincinnati Reds,Los Angeles Angels,2,10,Great American Ball Park,Overcast,70,Final
2026-04-11,08:07,Toronto Blue Jays,Minnesota Twins,10,4,Rogers Centre,Roof Closed,68,Final
2026-04-11,08:10,New York Mets,Athletics,0,4,Citi Field,Clear,52,Final
2026-04-11,08:10,Tampa Bay Rays,New York Yankees,5,3,Tropicana Field,Dome,72,Final
2026-04-11,08:15,Baltimore Orioles,San Francisco Giants,3,6,Oriole Park at Camden Yards,Partly Cloudy,66,Final
2026-04-11,08:15,Atlanta Braves,Cleveland Guardians,11,5,Truist Park,Clear,76,Final
2026-04-11,08:40,Kansas City Royals,Chicago White Sox,2,0,Kauffman Stadium,Cloudy,57,Final
2026-04-11,08:40,Milwaukee Brewers,Washington Nationals,3,7,American Family Field,Roof Closed,65,Final
2026-04-11,09:15,St. Louis Cardinals,Boston Red Sox,3,2,Busch Stadium,Cloudy,63,Final
2026-04-11,10:40,San Diego Padres,Colorado Rockies,5,2,Petco Park,Partly Cloudy,64,Final
2026-04-11,10:40,Seattle Mariners,Houston Astros,9,6,T-Mobile Park,Overcast,64,Final
2026-04-11,11:10,Los Angeles Dodgers,Texas Rangers,8,7,UNIQLO Field at Dodger Stadium,Clear,65,Final
2026-04-12,02:05,Philadelphia Phillies,Arizona Diamondbacks,4,3,Citizens Bank Park,Sunny,62,Final
2026-04-12,02:10,Detroit Tigers,Miami Marlins,6,1,Comerica Park,Sunny,52,Final
2026-04-12,03:20,Chicago Cubs,Pittsburgh Pirates,3,4,Wrigley Field,Partly Cloudy,48,Final
2026-04-12,04:07,Toronto Blue Jays,Minnesota Twins,4,7,Rogers Centre,Roof Closed,68,Final
2026-04-12,05:10,Cincinnati Reds,Los Angeles Angels,7,3,Great American Ball Park,Partly Cloudy,68,Final
2026-04-12,05:10,New York Mets,Athletics,6,11,Citi Field,Sunny,62,Final
2026-04-12,05:10,Kansas City Royals,Chicago White Sox,2,0,Kauffman Stadium,Cloudy,75,Final
2026-04-12,07:10,Tampa Bay Rays,New York Yankees,5,4,Tropicana Field,Dome,72,Final
2026-04-12,08:10,Milwaukee Brewers,Washington Nationals,1,3,American Family Field,Roof Closed,67,Final
2026-04-12,08:15,Baltimore Orioles,San Francisco Giants,6,2,Oriole Park at Camden Yards,Clear,68,Final
2026-04-12,08:15,St. Louis Cardinals,Boston Red Sox,1,7,Busch Stadium,Cloudy,73,Final
2026-04-12,08:15,Atlanta Braves,Cleveland Guardians,0,6,Truist Park,Clear,81,Final
2026-04-12,09:40,San Diego Padres,Colorado Rockies,9,5,Petco Park,Clear,68,Final
2026-04-12,10:10,Los Angeles Dodgers,Texas Rangers,6,3,UNIQLO Field at Dodger Stadium,Partly Cloudy,67,Final
2026-04-12,10:40,Seattle Mariners,Houston Astros,8,7,T-Mobile Park,Roof Closed,55,Final
2026-04-13,02:35,Baltimore Orioles,San Francisco Giants,6,2,Oriole Park at Camden Yards,Sunny,62,Final
2026-04-13,02:35,Philadelphia Phillies,Arizona Diamondbacks,3,4,Citizens Bank Park,Sunny,65,Final
2026-04-13,02:37,Toronto Blue Jays,Minnesota Twins,2,8,Rogers Centre,Roof Closed,68,Final
2026-04-13,02:40,Cincinnati Reds,Los Angeles Angels,6,9,Great American Ball Park,Partly Cloudy,79,Final
2026-04-13,02:40,New York Mets,Athletics,0,1,Citi Field,Sunny,55,Final
2026-04-13,02:40,Detroit Tigers,Miami Marlins,8,2,Comerica Park,Partly Cloudy,62,Final
2026-04-13,02:40,Tampa Bay Rays,New York Yankees,5,4,Tropicana Field,Dome,72,Final
2026-04-13,03:10,Kansas City Royals,Chicago White Sox,5,6,Kauffman Stadium,Cloudy,68,Final
2026-04-13,03:10,Milwaukee Brewers,Washington Nationals,6,8,American Family Field,Roof Closed,68,Final
2026-04-13,03:15,St. Louis Cardinals,Boston Red Sox,3,9,Busch Stadium,Cloudy,78,Final
2026-04-13,03:20,Chicago Cubs,Pittsburgh Pirates,7,6,Wrigley Field,Partly Cloudy,80,Final
2026-04-13,05:10,San Diego Padres,Colorado Rockies,7,2,Petco Park,Cloudy,67,Final
2026-04-13,05:10,Seattle Mariners,Houston Astros,6,1,T-Mobile Park,Cloudy,56,Final
2026-04-13,05:10,Los Angeles Dodgers,Texas Rangers,2,5,UNIQLO Field at Dodger Stadium,Overcast,65,Final
2026-04-13,08:20,Atlanta Braves,Cleveland Guardians,13,1,Truist Park,Clear,81,Final
2026-04-14,05:10,Seattle Mariners,Houston Astros,6,2,T-Mobile Park,Cloudy,53,Final
2026-04-14,07:35,Baltimore Orioles,Arizona Diamondbacks,9,7,Oriole Park at Camden Yards,Partly Cloudy,80,Final
2026-04-14,07:40,Pittsburgh Pirates,Washington Nationals,16,5,PNC Park,Partly Cloudy,79,Final
2026-04-14,07:40,Philadelphia Phillies,Chicago Cubs,13,7,Citizens Bank Park,Clear,78,Final
2026-04-14,08:05,New York Yankees,Los Angeles Angels,11,10,Yankee Stadium,Partly Cloudy,77,Final
2026-04-14,08:15,Atlanta Braves,Miami Marlins,4,10,Truist Park,Clear,78,Final
2026-04-14,08:40,Minnesota Twins,Boston Red Sox,13,6,Target Field,Overcast,63,Final
2026-04-14,08:45,St. Louis Cardinals,Cleveland Guardians,3,9,Busch Stadium,Partly Cloudy,80,Final
2026-04-14,10:40,Athletics,Texas Rangers,1,8,Sutter Health Park,Clear,66,Final
2026-04-14,11:10,Los Angeles Dodgers,New York Mets,4,0,UNIQLO Field at Dodger Stadium,Partly Cloudy,62,Final
2026-04-15,07:35,Baltimore Orioles,Arizona Diamondbacks,3,4,Oriole Park at Camden Yards,Partly Cloudy,86,Final
2026-04-15,07:40,Detroit Tigers,Kansas City Royals,2,1,Comerica Park,Partly Cloudy,77,Final
2026-04-15,07:40,Pittsburgh Pirates,Washington Nationals,4,5,PNC Park,Cloudy,68,Final
2026-04-15,07:40,Cincinnati Reds,San Francisco Giants,2,1,Great American Ball Park,Partly Cloudy,81,Final
2026-04-15,07:40,Philadelphia Phillies,Chicago Cubs,4,10,Citizens Bank Park,Partly Cloudy,85,Final
2026-04-15,08:05,New York Yankees,Los Angeles Angels,1,7,Yankee Stadium,Clear,81,Final
2026-04-15,08:15,Atlanta Braves,Miami Marlins,6,5,Truist Park,Clear,81,Final
2026-04-15,08:40,Minnesota Twins,Boston Red Sox,6,0,Target Field,Partly Cloudy,64,Final
2026-04-15,08:40,Chicago White Sox,Tampa Bay Rays,5,8,Rate Field,Partly Cloudy,77,Final
2026-04-15,08:40,Milwaukee Brewers,Toronto Blue Jays,7,9,American Family Field,Roof Closed,76,Final
2026-04-15,08:45,St. Louis Cardinals,Cleveland Guardians,6,5,Busch Stadium,Clear,84,Final
2026-04-15,09:10,Houston Astros,Colorado Rockies,7,6,Daikin Park,Roof Closed,73,Final
2026-04-15,10:40,San Diego Padres,Seattle Mariners,4,1,Petco Park,Clear,66,Final
2026-04-15,10:40,Athletics,Texas Rangers,2,1,Sutter Health Park,Clear,66,Final
2026-04-15,11:10,Los Angeles Dodgers,New York Mets,2,1,UNIQLO Field at Dodger Stadium,Clear,65,Final
2026-04-16,01:35,Baltimore Orioles,Arizona Diamondbacks,5,8,Oriole Park at Camden Yards,Partly Cloudy,85,Final
2026-04-16,02:15,St. Louis Cardinals,Cleveland Guardians,5,3,Busch Stadium,Overcast,72,Final
2026-04-16,02:40,Minnesota Twins,Boston Red Sox,5,9,Target Field,Partly Cloudy,59,Final
2026-04-16,07:40,Detroit Tigers,Kansas City Royals,2,1,Comerica Park,Partly Cloudy,70,Final
2026-04-16,07:40,Pittsburgh Pirates,Washington Nationals,2,0,PNC Park,Partly Cloudy,82,Final
2026-04-16,07:40,Cincinnati Reds,San Francisco Giants,8,3,Great American Ball Park,Partly Cloudy,80,Final
2026-04-16,07:40,Philadelphia Phillies,Chicago Cubs,2,11,Citizens Bank Park,Partly Cloudy,86,Final
2026-04-16,08:05,New York Yankees,Los Angeles Angels,5,4,Yankee Stadium,Partly Cloudy,83,Final
2026-04-16,08:15,Atlanta Braves,Miami Marlins,6,3,Truist Park,Partly Cloudy,81,Final
2026-04-16,08:40,Chicago White Sox,Tampa Bay Rays,3,8,Rate Field,Partly Cloudy,73,Final
2026-04-16,08:40,Milwaukee Brewers,Toronto Blue Jays,2,1,American Family Field,Roof Closed,73,Final
2026-04-16,09:10,Houston Astros,Colorado Rockies,3,1,Daikin Park,Roof Closed,73,Final
2026-04-16,10:40,San Diego Padres,Seattle Mariners,7,6,Petco Park,Clear,64,Final
2026-04-16,10:40,Athletics,Texas Rangers,6,5,Sutter Health Park,Partly Cloudy,65,Final
2026-04-16,11:10,Los Angeles Dodgers,New York Mets,8,2,UNIQLO Field at Dodger Stadium,Partly Cloudy,66,Final
2026-04-17,01:35,Pittsburgh Pirates,Washington Nationals,7,8,PNC Park,Partly Cloudy,75,Final
2026-04-17,01:40,Cincinnati Reds,San Francisco Giants,0,3,Great American Ball Park,Partly Cloudy,74,Final
2026-04-17,02:10,Detroit Tigers,Kansas City Royals,10,9,Comerica Park,Cloudy,67,Final
2026-04-17,02:35,New York Yankees,Los Angeles Angels,4,11,Yankee Stadium,Cloudy,87,Final
2026-04-17,02:40,Milwaukee Brewers,Toronto Blue Jays,2,1,American Family Field,Roof Closed,71,Final
2026-04-17,03:10,Chicago White Sox,Tampa Bay Rays,3,5,Rate Field,Partly Cloudy,66,Final
2026-04-17,04:05,Athletics,Texas Rangers,6,9,Sutter Health Park,Sunny,64,Final
2026-04-17,07:10,Cleveland Guardians,Baltimore Orioles,4,2,Progressive Field,Partly Cloudy,65,Final
2026-04-17,09:10,Houston Astros,Colorado Rockies,2,3,Daikin Park,Roof Closed,73,Final
2026-04-17,09:40,San Diego Padres,Seattle Mariners,5,2,Petco Park,Partly Cloudy,66,Final
2026-04-18,03:20,Chicago Cubs,New York Mets,12,4,Wrigley Field,Partly Cloudy,68,Final
2026-04-18,07:10,Cleveland Guardians,Baltimore Orioles,4,6,Progressive Field,Partly Cloudy,64,Final
2026-04-18,07:40,Philadelphia Phillies,Atlanta Braves,0,9,Citizens Bank Park,Partly Cloudy,78,Final
2026-04-18,07:45,Washington Nationals,San Francisco Giants,5,10,Nationals Park,Clear,80,Final
2026-04-18,07:45,Pittsburgh Pirates,Tampa Bay Rays,5,1,PNC Park,Clear,77,Final
2026-04-18,08:05,New York Yankees,Kansas City Royals,4,2,Yankee Stadium,Partly Cloudy,74,Final
2026-04-18,08:10,Miami Marlins,Milwaukee Brewers,5,7,loanDepot park,Partly Cloudy,79,Final
2026-04-18,08:15,Boston Red Sox,Detroit Tigers,1,0,Fenway Park,Partly Cloudy,58,Final
2026-04-18,09:10,Houston Astros,St. Louis Cardinals,4,9,Daikin Park,Roof Closed,73,Final
2026-04-18,09:10,Minnesota Twins,Cincinnati Reds,1,2,Target Field,Cloudy,43,Final
2026-04-18,09:40,Colorado Rockies,Los Angeles Dodgers,1,7,Coors Field,Partly Cloudy,35,Final
2026-04-18,10:38,Los Angeles Angels,San Diego Padres,8,0,Angel Stadium,Clear,74,Final
2026-04-18,10:40,Seattle Mariners,Texas Rangers,0,5,T-Mobile Park,Partly Cloudy,55,Final
2026-04-18,10:40,Arizona Diamondbacks,Toronto Blue Jays,6,3,Chase Field,Clear,81,Final
2026-04-18,10:40,Athletics,Chicago White Sox,2,9,Sutter Health Park,Partly Cloudy,72,Final
2026-04-19,02:35,New York Yankees,Kansas City Royals,13,4,Yankee Stadium,Partly Cloudy,66,Final
2026-04-19,03:10,Minnesota Twins,Cincinnati Reds,4,5,Target Field,Partly Cloudy,39,Final
2026-04-19,03:20,Chicago Cubs,New York Mets,4,2,Wrigley Field,Partly Cloudy,51,Final
2026-04-19,04:30,Pittsburgh Pirates,Tampa Bay Rays,7,8,PNC Park,Cloudy,81,Final
2026-04-19,05:05,Washington Nationals,San Francisco Giants,6,7,Nationals Park,Cloudy,76,Final
2026-04-19,05:05,Athletics,Chicago White Sox,7,6,Sutter Health Park,Partly Cloudy,74,Final
2026-04-19,05:10,Boston Red Sox,Detroit Tigers,1,4,Fenway Park,Cloudy,50,Final
2026-04-19,05:10,Miami Marlins,Milwaukee Brewers,2,5,loanDepot park,Sunny,83,Final
2026-04-19,07:10,Cleveland Guardians,Baltimore Orioles,4,2,Progressive Field,Overcast,53,Final
2026-04-19,08:10,Houston Astros,St. Louis Cardinals,5,7,Daikin Park,Roof Closed,73,Final
2026-04-19,08:15,Seattle Mariners,Texas Rangers,7,3,T-Mobile Park,Partly Cloudy,70,Final
2026-04-19,08:15,Philadelphia Phillies,Atlanta Braves,1,3,Citizens Bank Park,Partly Cloudy,67,Final
2026-04-19,09:10,Colorado Rockies,Los Angeles Dodgers,4,3,Coors Field,Partly Cloudy,59,Final
2026-04-19,09:10,Arizona Diamondbacks,Toronto Blue Jays,6,2,Chase Field,Partly Cloudy,89,Final
2026-04-19,10:38,Los Angeles Angels,San Diego Padres,1,4,Angel Stadium,Partly Cloudy,75,Final
2026-04-20,02:35,Washington Nationals,San Francisco Giants,3,0,Nationals Park,Cloudy,51,Final
2026-04-20,02:35,Pittsburgh Pirates,Tampa Bay Rays,6,3,PNC Park,Partly Cloudy,50,Final
2026-04-20,02:35,New York Yankees,Kansas City Royals,7,0,Yankee Stadium,Rain,42,Final
2026-04-20,02:40,Cleveland Guardians,Baltimore Orioles,8,4,Progressive Field,Partly Cloudy,46,Final
2026-04-20,02:40,Miami Marlins,Milwaukee Brewers,5,3,loanDepot park,Roof Closed,72,Final
2026-04-20,03:10,Houston Astros,St. Louis Cardinals,5,7,Daikin Park,Roof Closed,73,Final
2026-04-20,03:10,Minnesota Twins,Cincinnati Reds,4,7,Target Field,Partly Cloudy,42,Final
2026-04-20,03:20,Chicago Cubs,New York Mets,2,1,Wrigley Field,Partly Cloudy,48,Final
2026-04-20,04:10,Colorado Rockies,Los Angeles Dodgers,9,6,Coors Field,Sunny,65,Final
2026-04-20,05:05,Athletics,Chicago White Sox,4,7,Sutter Health Park,Partly Cloudy,74,Final
2026-04-20,05:07,Los Angeles Angels,San Diego Padres,1,2,Angel Stadium,Cloudy,78,Final
2026-04-20,05:10,Seattle Mariners,Texas Rangers,5,2,T-Mobile Park,Partly Cloudy,66,Final
2026-04-20,05:10,Arizona Diamondbacks,Toronto Blue Jays,4,10,Chase Field,Roof Closed,78,Final
2026-04-20,05:35,Boston Red Sox,Detroit Tigers,2,6,Fenway Park,Overcast,45,Final
2026-04-20,08:20,Philadelphia Phillies,Atlanta Braves,2,4,Citizens Bank Park,Cloudy,53,Final
2026-04-21,00:10,Boston Red Sox,Detroit Tigers,8,6,Fenway Park,Partly Cloudy,47,Final
2026-04-21,07:10,Cleveland Guardians,Houston Astros,2,9,Progressive Field,Clear,39,Final
2026-04-21,07:40,Tampa Bay Rays,Cincinnati Reds,1,6,Tropicana Field,Dome,72,Final
2026-04-21,07:40,Miami Marlins,St. Louis Cardinals,5,3,loanDepot park,Roof Closed,72,Final
2026-04-21,07:45,Washington Nationals,Atlanta Braves,4,9,Nationals Park,Partly Cloudy,53,Final
2026-04-21,08:40,Kansas City Royals,Baltimore Orioles,5,7,Kauffman Stadium,Clear,72,Final
2026-04-21,08:40,Chicago Cubs,Philadelphia Phillies,5,1,Wrigley Field,Partly Cloudy,50,Final
2026-04-21,09:40,Colorado Rockies,Los Angeles Dodgers,3,12,Coors Field,Clear,78,Final
2026-04-21,10:38,Los Angeles Angels,Toronto Blue Jays,2,5,Angel Stadium,Partly Cloudy,67,Final
2026-04-21,10:40,Seattle Mariners,Athletics,4,6,T-Mobile Park,Partly Cloudy,72,Final
2026-04-22,07:10,Cleveland Guardians,Houston Astros,8,5,Progressive Field,Cloudy,69,Final
2026-04-22,07:40,Tampa Bay Rays,Cincinnati Reds,6,12,Tropicana Field,Dome,72,Final
2026-04-22,07:40,Miami Marlins,St. Louis Cardinals,3,5,loanDepot park,Roof Closed,72,Final
2026-04-22,07:40,Detroit Tigers,Milwaukee Brewers,4,12,Comerica Park,Cloudy,71,Final
2026-04-22,07:45,Washington Nationals,Atlanta Braves,11,4,Nationals Park,Clear,62,Final
2026-04-22,07:45,Boston Red Sox,New York Yankees,0,4,Fenway Park,Clear,47,Final
2026-04-22,08:10,New York Mets,Minnesota Twins,3,5,Citi Field,Partly Cloudy,46,Final
2026-04-22,08:40,Kansas City Royals,Baltimore Orioles,6,5,Kauffman Stadium,Partly Cloudy,78,Final
2026-04-22,08:40,Chicago Cubs,Philadelphia Phillies,7,4,Wrigley Field,Partly Cloudy,72,Final
2026-04-22,09:05,Texas Rangers,Pittsburgh Pirates,5,1,Globe Life Field,Roof Closed,74,Final
2026-04-22,09:40,Colorado Rockies,San Diego Padres,0,1,Coors Field,Cloudy,82,Final
2026-04-22,10:38,Los Angeles Angels,Toronto Blue Jays,2,4,Angel Stadium,Partly Cloudy,67,Final
2026-04-22,10:40,Seattle Mariners,Athletics,2,5,T-Mobile Park,Roof Closed,58,Final
2026-04-22,10:40,Arizona Diamondbacks,Chicago White Sox,5,11,Chase Field,Overcast,89,Final
2026-04-22,10:45,San Francisco Giants,Los Angeles Dodgers,3,1,Oracle Park,Cloudy,57,Final
2026-04-23,01:10,Miami Marlins,St. Louis Cardinals,4,1,loanDepot park,Roof Closed,72,Final
2026-04-23,02:10,Cleveland Guardians,Houston Astros,0,2,Progressive Field,Sunny,62,Final
2026-04-23,02:10,Tampa Bay Rays,Cincinnati Reds,6,1,Tropicana Field,Roof Closed,72,Final
2026-04-23,03:10,Kansas City Royals,Baltimore Orioles,6,8,Kauffman Stadium,Partly Cloudy,66,Final
2026-04-23,04:07,Los Angeles Angels,Toronto Blue Jays,7,3,Angel Stadium,Partly Cloudy,68,Final
2026-04-23,05:10,Seattle Mariners,Athletics,5,4,T-Mobile Park,Roof Closed,52,Final
2026-04-23,07:40,Detroit Tigers,Milwaukee Brewers,5,2,Comerica Park,Clear,73,Final
2026-04-23,07:45,Washington Nationals,Atlanta Braves,6,8,Nationals Park,Partly Cloudy,72,Final
2026-04-23,07:45,Boston Red Sox,New York Yankees,1,4,Fenway Park,Cloudy,47,Final
2026-04-23,08:10,New York Mets,Minnesota Twins,3,2,Citi Field,Clear,53,Final
2026-04-23,08:40,Chicago Cubs,Philadelphia Phillies,7,2,Wrigley Field,Clear,56,Final
2026-04-23,09:05,Texas Rangers,Pittsburgh Pirates,4,8,Globe Life Field,Roof Closed,74,Final
2026-04-23,09:40,Colorado Rockies,San Diego Padres,8,3,Coors Field,Clear,78,Final
2026-04-23,10:40,Arizona Diamondbacks,Chicago White Sox,11,7,Chase Field,Clear,82,Final
2026-04-23,10:45,San Francisco Giants,Los Angeles Dodgers,3,0,Oracle Park,Partly Cloudy,61,Final
2026-04-24,02:05,Washington Nationals,Atlanta Braves,2,7,Nationals Park,Partly Cloudy,78,Final
2026-04-24,02:10,Detroit Tigers,Milwaukee Brewers,5,4,Comerica Park,Sunny,73,Final
2026-04-24,03:20,Chicago Cubs,Philadelphia Phillies,8,7,Wrigley Field,Partly Cloudy,68,Final
2026-04-24,04:10,Colorado Rockies,San Diego Padres,8,10,Coors Field,Partly Cloudy,64,Final
2026-04-24,04:40,Arizona Diamondbacks,Chicago White Sox,1,4,Chase Field,Roof Closed,72,Final
2026-04-24,04:45,San Francisco Giants,Los Angeles Dodgers,0,3,Oracle Park,Partly Cloudy,60,Final
2026-04-24,07:10,Boston Red Sox,New York Yankees,2,4,Fenway Park,Clear,59,Final
2026-04-24,08:10,New York Mets,Minnesota Twins,10,8,Citi Field,Partly Cloudy,69,Final
2026-04-24,09:05,Texas Rangers,Pittsburgh Pirates,6,1,Globe Life Field,Roof Closed,74,Final
2026-04-25,07:40,Cincinnati Reds,Detroit Tigers,9,8,Great American Ball Park,Overcast,74,Final
2026-04-25,08:05,Baltimore Orioles,Boston Red Sox,10,3,Oriole Park at Camden Yards,Cloudy,69,Final
2026-04-25,08:07,Toronto Blue Jays,Cleveland Guardians,6,8,Rogers Centre,Roof Closed,68,Final
2026-04-25,08:10,New York Mets,Colorado Rockies,3,4,Citi Field,Clear,57,Final
2026-04-25,08:10,Tampa Bay Rays,Minnesota Twins,6,2,Tropicana Field,Dome,72,Final
2026-04-25,08:15,Atlanta Braves,Philadelphia Phillies,5,3,Truist Park,Partly Cloudy,79,Final
2026-04-25,08:40,Kansas City Royals,Los Angeles Angels,6,3,Kauffman Stadium,Clear,69,Final
2026-04-25,08:40,Chicago White Sox,Washington Nationals,5,4,Rate Field,Partly Cloudy,72,Final
2026-04-25,08:40,Milwaukee Brewers,Pittsburgh Pirates,0,6,American Family Field,Roof Closed,71,Final
2026-04-25,09:05,Texas Rangers,Athletics,1,8,Globe Life Field,Roof Closed,74,Final
2026-04-25,09:10,Houston Astros,New York Yankees,4,12,Daikin Park,Roof Closed,73,Final
2026-04-25,09:15,St. Louis Cardinals,Seattle Mariners,2,3,Busch Stadium,Partly Cloudy,68,Final
2026-04-25,11:15,Los Angeles Dodgers,Chicago Cubs,4,6,UNIQLO Field at Dodger Stadium,Partly Cloudy,66,Final
2026-04-25,11:15,San Francisco Giants,Miami Marlins,4,9,Oracle Park,Partly Cloudy,56,Final
2026-04-26,01:05,Baltimore Orioles,Boston Red Sox,1,17,Oriole Park at Camden Yards,Partly Cloudy,57,Final
2026-04-26,03:15,St. Louis Cardinals,Seattle Mariners,9,11,Busch Stadium,Sunny,73,Final
2026-04-26,04:07,Toronto Blue Jays,Cleveland Guardians,5,3,Rogers Centre,Roof Closed,68,Final
2026-04-26,05:05,San Francisco Giants,Miami Marlins,6,2,Oracle Park,Overcast,56,Final
2026-04-26,05:10,Tampa Bay Rays,Minnesota Twins,6,1,Tropicana Field,Dome,72,Final
2026-04-26,05:10,Chicago White Sox,Washington Nationals,3,6,Rate Field,Sunny,49,Final
2026-04-26,07:05,Arizona Diamondbacks,San Diego Padres,4,6,Estadio Alfredo Harp Helu,Partly Cloudy,84,Final
2026-04-26,08:05,Texas Rangers,Athletics,4,3,Globe Life Field,Roof Closed,74,Final
2026-04-26,08:10,Kansas City Royals,Los Angeles Angels,12,1,Kauffman Stadium,Cloudy,74,Final
2026-04-26,08:10,Houston Astros,New York Yankees,3,8,Daikin Park,Roof Closed,73,Final
2026-04-26,08:10,Milwaukee Brewers,Pittsburgh Pirates,3,6,American Family Field,Roof Closed,62,Final
2026-04-26,08:15,Cincinnati Reds,Detroit Tigers,9,2,Great American Ball Park,Partly Cloudy,72,Final
2026-04-26,08:15,Los Angeles Dodgers,Chicago Cubs,12,4,UNIQLO Field at Dodger Stadium,Cloudy,63,Final
2026-04-26,08:15,Atlanta Braves,Philadelphia Phillies,5,8,Truist Park,Cloudy,68,Final
2026-04-26,05:10,New York Mets,Colorado Rockies,0,0,Citi Field,Clear,57,Final
2026-04-27,02:35,Baltimore Orioles,Boston Red Sox,3,5,Oriole Park at Camden Yards,Partly Cloudy,53,Final
2026-04-27,02:35,Atlanta Braves,Philadelphia Phillies,6,2,Truist Park,Partly Cloudy,72,Final
2026-04-27,02:37,Toronto Blue Jays,Cleveland Guardians,4,2,Rogers Centre,Roof Closed,72,Final
2026-04-27,02:40,Cincinnati Reds,Detroit Tigers,3,8,Great American Ball Park,Partly Cloudy,64,Final
2026-04-27,02:40,New York Mets,Colorado Rockies,1,3,Citi Field,Partly Cloudy,54,Final
2026-04-27,02:45,New York Mets,Colorado Rockies,0,3,Citi Field,Clear,57,Final
2026-04-27,02:40,Tampa Bay Rays,Minnesota Twins,4,2,Tropicana Field,Dome,72,Final
2026-04-27,03:10,Chicago White Sox,Washington Nationals,1,2,Rate Field,Partly Cloudy,55,Final
2026-04-27,03:10,Houston Astros,New York Yankees,7,4,Daikin Park,Roof Closed,73,Final
2026-04-27,03:10,Milwaukee Brewers,Pittsburgh Pirates,5,0,American Family Field,Roof Closed,62,Final
2026-04-27,03:15,St. Louis Cardinals,Seattle Mariners,2,3,Busch Stadium,Sunny,77,Final
2026-04-27,03:35,Texas Rangers,Athletics,1,2,Globe Life Field,Roof Closed,74,Final
2026-04-27,05:05,Arizona Diamondbacks,San Diego Padres,12,7,Estadio Alfredo Harp Helu,Cloudy,85,Final
2026-04-27,05:05,San Francisco Giants,Miami Marlins,6,3,Oracle Park,Partly Cloudy,57,Final
2026-04-27,05:10,Kansas City Royals,Los Angeles Angels,11,9,Kauffman Stadium,Cloudy,76,Final
2026-04-27,05:10,Los Angeles Dodgers,Chicago Cubs,6,0,UNIQLO Field at Dodger Stadium,Partly Cloudy,66,Final
2026-04-28,07:10,Cleveland Guardians,Tampa Bay Rays,2,3,Progressive Field,Cloudy,71,Final
2026-04-28,07:40,Pittsburgh Pirates,St. Louis Cardinals,2,4,PNC Park,Partly Cloudy,72,Final
2026-04-28,08:07,Toronto Blue Jays,Boston Red Sox,0,5,Rogers Centre,Roof Closed,68,Final
2026-04-28,08:40,Minnesota Twins,Seattle Mariners,11,4,Target Field,Overcast,51,Final
2026-04-28,08:40,Chicago White Sox,Los Angeles Angels,8,7,Rate Field,Clear,61,Final
2026-04-28,09:05,Texas Rangers,New York Yankees,2,4,Globe Life Field,Roof Closed,74,Final
2026-04-28,10:40,San Diego Padres,Chicago Cubs,9,7,Petco Park,Clear,64,Final
2026-04-28,11:10,Los Angeles Dodgers,Miami Marlins,5,4,UNIQLO Field at Dodger Stadium,Clear,62,Final
2026-04-29,07:10,Cleveland Guardians,Tampa Bay Rays,0,1,Progressive Field,Partly Cloudy,61,Final
2026-04-29,07:35,Baltimore Orioles,Houston Astros,5,3,Oriole Park at Camden Yards,Partly Cloudy,59,Final
2026-04-29,07:40,Cincinnati Reds,Colorado Rockies,7,2,Great American Ball Park,Partly Cloudy,72,Final
2026-04-29,07:40,Pittsburgh Pirates,St. Louis Cardinals,7,11,PNC Park,Partly Cloudy,71,Final
2026-04-29,07:40,Philadelphia Phillies,San Francisco Giants,7,0,Citizens Bank Park,Partly Cloudy,60,Final
2026-04-29,08:07,Toronto Blue Jays,Boston Red Sox,3,0,Rogers Centre,Roof Closed,68,Final
2026-04-29,08:10,New York Mets,Washington Nationals,8,0,Citi Field,Cloudy,57,Final
2026-04-29,08:15,Atlanta Braves,Detroit Tigers,5,2,Truist Park,Cloudy,65,Final
2026-04-29,08:40,Minnesota Twins,Seattle Mariners,1,7,Target Field,Clear,55,Final
2026-04-29,08:40,Chicago White Sox,Los Angeles Angels,5,2,Rate Field,Partly Cloudy,64,Final
2026-04-29,08:40,Milwaukee Brewers,Arizona Diamondbacks,13,2,American Family Field,Roof Closed,67,Final
2026-04-29,09:05,Texas Rangers,New York Yankees,2,3,Globe Life Field,Roof Closed,74,Final
2026-04-29,10:40,Athletics,Kansas City Royals,1,4,Sutter Health Park,Clear,74,Final
2026-04-29,10:40,San Diego Padres,Chicago Cubs,3,8,Petco Park,Clear,66,Final
2026-04-29,11:10,Los Angeles Dodgers,Miami Marlins,1,2,UNIQLO Field at Dodger Stadium,Clear,66,Final
2026-04-30,02:10,Cleveland Guardians,Tampa Bay Rays,3,1,Progressive Field,Overcast,49,Final
2026-04-30,02:10,Chicago White Sox,Los Angeles Angels,3,2,Rate Field,Partly Cloudy,51,Final
2026-04-30,02:40,Minnesota Twins,Seattle Mariners,3,5,Target Field,Partly Cloudy,51,Final
2026-04-30,03:35,Texas Rangers,New York Yankees,3,0,Globe Life Field,Roof Closed,74,Final
2026-04-30,04:07,Toronto Blue Jays,Boston Red Sox,8,1,Rogers Centre,Roof Closed,68,Final
2026-04-30,04:10,Los Angeles Dodgers,Miami Marlins,2,3,UNIQLO Field at Dodger Stadium,Sunny,74,Final
2026-04-30,05:10,San Diego Padres,Chicago Cubs,4,5,Petco Park,Sunny,70,Final
2026-04-30,07:40,Cincinnati Reds,Colorado Rockies,2,13,Great American Ball Park,Partly Cloudy,63,Final
2026-04-30,07:40,Pittsburgh Pirates,St. Louis Cardinals,4,5,PNC Park,Overcast,57,Final
2026-04-30,08:10,New York Mets,Washington Nationals,2,14,Citi Field,Cloudy,53,Final
2026-04-30,08:15,Atlanta Braves,Detroit Tigers,4,3,Truist Park,Cloudy,77,Final
2026-04-30,08:40,Milwaukee Brewers,Arizona Diamondbacks,2,6,American Family Field,Roof Closed,64,Final
2026-04-30,10:40,Athletics,Kansas City Royals,5,2,Sutter Health Park,Clear,80,Final
2026-04-30,07:10,Philadelphia Phillies,San Francisco Giants,0,0,Citizens Bank Park,Partly Cloudy,63,Final
2026-04-30,07:35,Baltimore Orioles,Houston Astros,0,0,Oriole Park at Camden Yards,Partly Cloudy,65,Final
2026-05-01,01:15,Atlanta Braves,Detroit Tigers,2,5,Truist Park,Cloudy,62,Final
2026-05-01,01:35,Baltimore Orioles,Houston Astros,10,3,Oriole Park at Camden Yards,Partly Cloudy,63,Final
2026-05-01,01:40,Baltimore Orioles,Houston Astros,5,11,Oriole Park at Camden Yards,Partly Cloudy,65,Final
2026-05-01,01:35,Pittsburgh Pirates,St. Louis Cardinals,5,10,PNC Park,Partly Cloudy,46,Final
2026-05-01,01:35,Philadelphia Phillies,San Francisco Giants,3,2,Citizens Bank Park,Cloudy,59,Final
2026-05-01,06:35,Philadelphia Phillies,San Francisco Giants,6,5,Citizens Bank Park,Partly Cloudy,63,Final
2026-05-01,01:40,Cincinnati Reds,Colorado Rockies,6,4,Great American Ball Park,Partly Cloudy,54,Final
2026-05-01,02:10,New York Mets,Washington Nationals,4,5,Citi Field,Cloudy,54,Final
2026-05-01,02:40,Milwaukee Brewers,Arizona Diamondbacks,13,1,American Family Field,Roof Closed,64,Final
2026-05-01,04:05,Athletics,Kansas City Royals,6,3,Sutter Health Park,Sunny,74,Final
2026-05-01,08:40,Minnesota Twins,Toronto Blue Jays,7,1,Target Field,Partly Cloudy,50,Final
2026-05-02,03:20,Chicago Cubs,Arizona Diamondbacks,6,5,Wrigley Field,Partly Cloudy,44,Final
2026-05-02,07:40,Detroit Tigers,Texas Rangers,4,5,Comerica Park,Partly Cloudy,48,Final
2026-05-02,07:45,Pittsburgh Pirates,Cincinnati Reds,9,1,PNC Park,Cloudy,47,Final
2026-05-02,07:45,Washington Nationals,Milwaukee Brewers,1,6,Nationals Park,Clear,66,Final
2026-05-02,08:05,New York Yankees,Baltimore Orioles,7,2,Yankee Stadium,Clear,63,Final
2026-05-02,08:10,Boston Red Sox,Houston Astros,3,1,Fenway Park,Clear,59,Final
2026-05-02,08:10,Tampa Bay Rays,San Francisco Giants,3,0,Tropicana Field,Dome,72,Final
2026-05-02,08:10,Miami Marlins,Philadelphia Phillies,5,6,loanDepot park,Roof Closed,72,Final
2026-05-02,09:10,Minnesota Twins,Toronto Blue Jays,3,7,Target Field,Partly Cloudy,53,Final
2026-05-02,09:15,St. Louis Cardinals,Los Angeles Dodgers,7,2,Busch Stadium,Clear,60,Final
2026-05-02,09:40,Colorado Rockies,Atlanta Braves,6,8,Coors Field,Partly Cloudy,62,Final
2026-05-02,10:38,Los Angeles Angels,New York Mets,3,4,Angel Stadium,Clear,73,Final
2026-05-02,10:40,Athletics,Cleveland Guardians,5,8,Sutter Health Park,Partly Cloudy,76,Final
2026-05-02,10:40,San Diego Padres,Chicago White Sox,2,8,Petco Park,Partly Cloudy,66,Final
2026-05-02,10:45,Seattle Mariners,Kansas City Royals,6,7,T-Mobile Park,Partly Cloudy,68,Final
2026-05-03,02:35,New York Yankees,Baltimore Orioles,9,4,Yankee Stadium,Cloudy,63,Final
2026-05-03,03:10,Minnesota Twins,Toronto Blue Jays,4,11,Target Field,Partly Cloudy,60,Final
2026-05-03,03:20,Chicago Cubs,Arizona Diamondbacks,2,0,Wrigley Field,Partly Cloudy,50,Final
2026-05-03,05:05,Athletics,Cleveland Guardians,6,14,Sutter Health Park,Partly Cloudy,70,Final
2026-05-03,05:05,Pittsburgh Pirates,Cincinnati Reds,17,7,PNC Park,Overcast,43,Final
2026-05-03,05:05,Washington Nationals,Milwaukee Brewers,1,4,Nationals Park,Partly Cloudy,58,Final
2026-05-03,05:10,Boston Red Sox,Houston Astros,3,6,Fenway Park,Overcast,57,Final
2026-05-03,05:10,Miami Marlins,Philadelphia Phillies,4,0,loanDepot park,Roof Closed,72,Final
2026-05-03,07:10,Tampa Bay Rays,San Francisco Giants,5,1,Tropicana Field,Dome,72,Final
2026-05-03,08:15,St. Louis Cardinals,Los Angeles Dodgers,3,2,Busch Stadium,Partly Cloudy,60,Final
2026-05-03,08:15,Detroit Tigers,Texas Rangers,5,1,Comerica Park,Partly Cloudy,48,Final
2026-05-03,09:10,Colorado Rockies,Atlanta Braves,1,9,Coors Field,Clear,71,Final
2026-05-03,09:40,San Diego Padres,Chicago White Sox,0,4,Petco Park,Partly Cloudy,66,Final
2026-05-03,10:38,Los Angeles Angels,New York Mets,4,3,Angel Stadium,Clear,70,Final
2026-05-03,10:40,Seattle Mariners,Kansas City Royals,2,3,T-Mobile Park,Clear,70,Final
2026-05-04,01:45,Minnesota Twins,Toronto Blue Jays,4,3,Target Field,Sunny,65,Final
2026-05-04,02:35,Boston Red Sox,Houston Astros,1,3,Fenway Park,Cloudy,50,Final
2026-05-04,02:35,Pittsburgh Pirates,Cincinnati Reds,1,0,PNC Park,Partly Cloudy,56,Final
2026-05-04,02:35,New York Yankees,Baltimore Orioles,11,3,Yankee Stadium,Partly Cloudy,60,Final
2026-05-04,02:35,Washington Nationals,Milwaukee Brewers,3,2,Nationals Park,Partly Cloudy,55,Final
2026-05-04,02:40,Tampa Bay Rays,San Francisco Giants,2,1,Tropicana Field,Dome,72,Final
2026-05-04,02:40,Miami Marlins,Philadelphia Phillies,2,7,loanDepot park,Roof Closed,72,Final
2026-05-04,03:15,St. Louis Cardinals,Los Angeles Dodgers,1,4,Busch Stadium,Sunny,68,Final
2026-05-04,03:20,Chicago Cubs,Arizona Diamondbacks,8,4,Wrigley Field,Partly Cloudy,58,Final
2026-05-04,04:10,Colorado Rockies,Atlanta Braves,6,11,Coors Field,Cloudy,73,Final
2026-05-04,05:05,Athletics,Cleveland Guardians,7,1,Sutter Health Park,Cloudy,64,Final
2026-05-04,05:07,Los Angeles Angels,New York Mets,1,5,Angel Stadium,Cloudy,69,Final
2026-05-04,05:10,Seattle Mariners,Kansas City Royals,1,4,T-Mobile Park,Sunny,75,Final
2026-05-04,05:10,San Diego Padres,Chicago White Sox,4,3,Petco Park,Cloudy,66,Final
2026-05-04,08:20,Detroit Tigers,Texas Rangers,7,1,Comerica Park,Partly Cloudy,60,Final
2026-05-05,06:40,Colorado Rockies,New York Mets,2,4,Coors Field,Cloudy,68,Final
2026-05-05,07:10,Detroit Tigers,Boston Red Sox,4,5,Comerica Park,Partly Cloudy,72,Final
2026-05-05,07:40,Tampa Bay Rays,Toronto Blue Jays,5,1,Tropicana Field,Dome,72,Final
2026-05-05,07:40,Miami Marlins,Philadelphia Phillies,0,1,loanDepot park,Roof Closed,72,Final
2026-05-05,08:05,New York Yankees,Baltimore Orioles,12,1,Yankee Stadium,Clear,70,Final
2026-05-05,08:10,Chicago Cubs,Cincinnati Reds,5,4,Wrigley Field,Partly Cloudy,65,Final
2026-05-05,08:40,Kansas City Royals,Cleveland Guardians,6,2,Kauffman Stadium,Partly Cloudy,80,Final
2026-05-05,08:45,St. Louis Cardinals,Milwaukee Brewers,6,3,Busch Stadium,Cloudy,72,Final
2026-05-05,09:10,Houston Astros,Los Angeles Dodgers,3,8,Daikin Park,Roof Closed,73,Final
2026-05-05,10:38,Los Angeles Angels,Chicago White Sox,0,6,Angel Stadium,Cloudy,64,Final
2026-05-05,10:40,Seattle Mariners,Atlanta Braves,5,4,T-Mobile Park,Partly Cloudy,76,Final
2026-05-05,10:45,San Francisco Giants,San Diego Padres,3,2,Oracle Park,Cloudy,58,Final
2026-05-06,07:40,Detroit Tigers,Boston Red Sox,3,10,Comerica Park,Partly Cloudy,54,Final
2026-05-06,07:40,Tampa Bay Rays,Toronto Blue Jays,4,3,Tropicana Field,Dome,72,Final
2026-05-06,07:40,Philadelphia Phillies,Athletics,9,1,Citizens Bank Park,Partly Cloudy,79,Final
2026-05-06,07:40,Miami Marlins,Baltimore Orioles,7,9,loanDepot park,Roof Closed,72,Final
2026-05-06,07:45,Washington Nationals,Minnesota Twins,3,11,Nationals Park,Partly Cloudy,82,Final
2026-05-06,08:05,New York Yankees,Texas Rangers,7,4,Yankee Stadium,Clear,76,Final
2026-05-06,08:40,Chicago Cubs,Cincinnati Reds,3,2,Wrigley Field,Cloudy,57,Final
2026-05-06,08:40,Kansas City Royals,Cleveland Guardians,5,3,Kauffman Stadium,Cloudy,53,Final
2026-05-06,09:10,Houston Astros,Los Angeles Dodgers,2,1,Daikin Park,Roof Closed,73,Final
2026-05-06,10:38,Los Angeles Angels,Chicago White Sox,4,3,Angel Stadium,Partly Cloudy,64,Final
2026-05-06,10:40,Arizona Diamondbacks,Pittsburgh Pirates,9,0,Chase Field,Partly Cloudy,76,Final
2026-05-06,10:40,Seattle Mariners,Atlanta Braves,2,3,T-Mobile Park,Clear,64,Final
2026-05-06,10:45,San Francisco Giants,San Diego Padres,5,10,Oracle Park,Partly Cloudy,59,Final
2026-05-06,08:45,St. Louis Cardinals,Milwaukee Brewers,0,0,Busch Stadium,N/A,N/A,Final
2026-05-06,09:40,Colorado Rockies,New York Mets,0,0,Coors Field,Cloudy,64,Final
2026-05-07,02:10,Tampa Bay Rays,Toronto Blue Jays,3,0,Tropicana Field,Dome,72,Final
2026-05-07,02:15,St. Louis Cardinals,Milwaukee Brewers,2,6,Busch Stadium,Cloudy,58,Final
2026-05-07,03:10,Houston Astros,Los Angeles Dodgers,2,12,Daikin Park,Roof Closed,73,Final
2026-05-07,04:45,San Francisco Giants,San Diego Padres,1,5,Oracle Park,Partly Cloudy,67,Final
2026-05-07,05:07,Los Angeles Angels,Chicago White Sox,8,2,Angel Stadium,Sunny,74,Final
2026-05-07,05:10,Seattle Mariners,Atlanta Braves,3,1,T-Mobile Park,Cloudy,58,Final
2026-05-07,07:40,Detroit Tigers,Boston Red Sox,0,4,Comerica Park,Partly Cloudy,54,Final
2026-05-07,07:40,Philadelphia Phillies,Athletics,6,3,Citizens Bank Park,Cloudy,69,Final
2026-05-07,07:40,Miami Marlins,Baltimore Orioles,4,7,loanDepot park,Roof Closed,72,Final
2026-05-07,07:45,Washington Nationals,Minnesota Twins,15,2,Nationals Park,Cloudy,72,Final
2026-05-07,08:05,New York Yankees,Texas Rangers,1,6,Yankee Stadium,Overcast,67,Final
2026-05-07,08:40,Chicago Cubs,Cincinnati Reds,7,6,Wrigley Field,Partly Cloudy,56,Final
2026-05-07,08:40,Kansas City Royals,Cleveland Guardians,1,3,Kauffman Stadium,Clear,61,Final
2026-05-07,10:20,Colorado Rockies,New York Mets,5,10,Coors Field,Clear,41,Final
2026-05-07,10:40,Arizona Diamondbacks,Pittsburgh Pirates,0,1,Chase Field,Clear,83,Final
2026-05-08,01:35,New York Yankees,Texas Rangers,9,2,Yankee Stadium,Sunny,60,Final
2026-05-08,02:05,Washington Nationals,Minnesota Twins,7,5,Nationals Park,Cloudy,59,Final
2026-05-08,03:10,Kansas City Royals,Cleveland Guardians,5,8,Kauffman Stadium,Partly Cloudy,63,Final
2026-05-08,03:20,Chicago Cubs,Cincinnati Reds,8,3,Wrigley Field,Partly Cloudy,54,Final
2026-05-08,04:10,Colorado Rockies,New York Mets,6,2,Coors Field,Cloudy,64,Final
2026-05-08,04:40,Arizona Diamondbacks,Pittsburgh Pirates,2,4,Chase Field,Roof Closed,78,Final
2026-05-08,07:40,Philadelphia Phillies,Athletics,1,12,Citizens Bank Park,Clear,65,Final
2026-05-08,07:40,Miami Marlins,Baltimore Orioles,4,3,loanDepot park,Roof Closed,72,Final
2026-05-08,08:10,Boston Red Sox,Tampa Bay Rays,4,8,Fenway Park,Clear,62,Final
2026-05-08,11:10,San Diego Padres,St. Louis Cardinals,1,2,Petco Park,Partly Cloudy,64,Final
2026-05-09,07:10,Cincinnati Reds,Houston Astros,0,10,Great American Ball Park,Partly Cloudy,67,Final
2026-05-09,07:40,Philadelphia Phillies,Colorado Rockies,7,9,Citizens Bank Park,Partly Cloudy,68,Final
2026-05-09,08:05,Baltimore Orioles,Athletics,3,4,Oriole Park at Camden Yards,Cloudy,70,Final
2026-05-09,08:07,Toronto Blue Jays,Los Angeles Angels,2,0,Rogers Centre,Roof Closed,68,Final
2026-05-09,08:10,Boston Red Sox,Tampa Bay Rays,2,0,Fenway Park,Clear,58,Final
2026-05-09,08:10,Miami Marlins,Washington Nationals,2,3,loanDepot park,Roof Closed,72,Final
2026-05-09,08:15,Cleveland Guardians,Minnesota Twins,6,4,Progressive Field,Drizzle,55,Final
2026-05-09,08:40,Kansas City Royals,Detroit Tigers,4,3,Kauffman Stadium,Partly Cloudy,64,Final
2026-05-09,08:40,Chicago White Sox,Seattle Mariners,8,12,Rate Field,Partly Cloudy,58,Final
2026-05-09,08:40,Milwaukee Brewers,New York Yankees,6,0,American Family Field,Roof Closed,67,Final
2026-05-09,09:05,Texas Rangers,Chicago Cubs,1,7,Globe Life Field,Roof Closed,74,Final
2026-05-09,10:40,Arizona Diamondbacks,New York Mets,1,3,Chase Field,Clear,99,Final
2026-05-09,10:45,San Diego Padres,St. Louis Cardinals,0,6,Petco Park,Partly Cloudy,68,Final
2026-05-09,11:10,Los Angeles Dodgers,Atlanta Braves,3,1,UNIQLO Field at Dodger Stadium,Clear,69,Final
2026-05-09,11:15,San Francisco Giants,Pittsburgh Pirates,5,2,Oracle Park,Clear,58,Final
2026-05-10,04:07,Toronto Blue Jays,Los Angeles Angels,14,1,Rogers Centre,Roof Closed,68,Final
2026-05-10,05:05,Baltimore Orioles,Athletics,2,6,Oriole Park at Camden Yards,Cloudy,68,Final
2026-05-10,05:10,Cincinnati Reds,Houston Astros,3,1,Great American Ball Park,Sunny,72,Final
2026-05-10,05:10,Miami Marlins,Washington Nationals,8,7,loanDepot park,Roof Closed,72,Final
2026-05-10,07:05,Philadelphia Phillies,Colorado Rockies,9,3,Citizens Bank Park,Cloudy,61,Final
2026-05-10,07:10,Cleveland Guardians,Minnesota Twins,1,2,Progressive Field,Partly Cloudy,60,Final
2026-05-10,08:05,Texas Rangers,Chicago Cubs,6,0,Globe Life Field,Roof Closed,74,Final
2026-05-10,08:10,Kansas City Royals,Detroit Tigers,5,1,Kauffman Stadium,Partly Cloudy,82,Final
2026-05-10,08:10,Chicago White Sox,Seattle Mariners,6,1,Rate Field,Partly Cloudy,74,Final
2026-05-10,08:10,Milwaukee Brewers,New York Yankees,4,3,American Family Field,Roof Closed,69,Final
2026-05-10,08:15,Arizona Diamondbacks,New York Mets,2,1,Chase Field,Roof Closed,78,Final
2026-05-10,08:15,San Diego Padres,St. Louis Cardinals,4,2,Petco Park,Sunny,68,Final
2026-05-10,10:05,San Francisco Giants,Pittsburgh Pirates,3,13,Oracle Park,Clear,59,Final
2026-05-10,10:10,Los Angeles Dodgers,Atlanta Braves,2,7,UNIQLO Field at Dodger Stadium,Clear,70,Final
2026-05-10,05:10,Boston Red Sox,Tampa Bay Rays,0,0,Fenway Park,N/A,N/A,Final
2026-05-11,01:15,Miami Marlins,Washington Nationals,5,2,loanDepot park,Roof Closed,72,Final
2026-05-11,02:35,Baltimore Orioles,Athletics,2,1,Oriole Park at Camden Yards,Partly Cloudy,77,Final
2026-05-11,02:35,Boston Red Sox,Tampa Bay Rays,1,4,Fenway Park,Partly Cloudy,69,Final
2026-05-11,02:35,Philadelphia Phillies,Colorado Rockies,6,0,Citizens Bank Park,Partly Cloudy,73,Final
2026-05-11,02:37,Toronto Blue Jays,Los Angeles Angels,1,6,Rogers Centre,Roof Closed,68,Final
2026-05-11,02:40,Cincinnati Reds,Houston Astros,5,0,Great American Ball Park,Partly Cloudy,68,Final
2026-05-11,02:40,Cleveland Guardians,Minnesota Twins,4,5,Progressive Field,Sunny,56,Final
2026-05-11,03:10,Chicago White Sox,Seattle Mariners,2,1,Rate Field,Partly Cloudy,57,Final
2026-05-11,03:10,Milwaukee Brewers,New York Yankees,4,3,American Family Field,Roof Closed,64,Final
2026-05-11,03:35,Texas Rangers,Chicago Cubs,3,0,Globe Life Field,Roof Closed,74,Final
2026-05-11,05:05,San Francisco Giants,Pittsburgh Pirates,7,6,Oracle Park,Partly Cloudy,59,Final
2026-05-11,05:10,Arizona Diamondbacks,New York Mets,5,1,Chase Field,Roof Closed,78,Final
2026-05-11,05:10,San Diego Padres,St. Louis Cardinals,3,2,Petco Park,Sunny,68,Final
2026-05-11,05:10,Los Angeles Dodgers,Atlanta Braves,2,7,UNIQLO Field at Dodger Stadium,Sunny,79,Final
2026-05-11,08:20,Kansas City Royals,Detroit Tigers,3,6,Kauffman Stadium,Clear,69,Final
2026-05-12,07:10,Cleveland Guardians,Los Angeles Angels,7,2,Progressive Field,Clear,53,Final
2026-05-12,07:35,Baltimore Orioles,New York Yankees,3,2,Oriole Park at Camden Yards,Clear,62,Final
2026-05-12,08:07,Toronto Blue Jays,Tampa Bay Rays,5,8,Rogers Centre,Roof Closed,68,Final
2026-05-12,09:05,Texas Rangers,Arizona Diamondbacks,0,1,Globe Life Field,Roof Closed,74,Final
2026-05-12,09:10,Houston Astros,Seattle Mariners,1,3,Daikin Park,Roof Closed,73,Final
2026-05-12,11:10,Los Angeles Dodgers,San Francisco Giants,3,9,UNIQLO Field at Dodger Stadium,Clear,72,Final
2026-05-13,07:10,Cleveland Guardians,Los Angeles Angels,3,2,Progressive Field,Cloudy,63,Final
2026-05-13,07:35,Baltimore Orioles,New York Yankees,2,6,Oriole Park at Camden Yards,Clear,65,Final
2026-05-13,07:40,Cincinnati Reds,Washington Nationals,4,10,Great American Ball Park,Clear,76,Final
2026-05-13,07:40,Pittsburgh Pirates,Colorado Rockies,3,1,PNC Park,Partly Cloudy,66,Final
2026-05-13,07:45,Boston Red Sox,Philadelphia Phillies,1,2,Fenway Park,Partly Cloudy,62,Final
2026-05-13,08:07,Toronto Blue Jays,Tampa Bay Rays,6,7,Rogers Centre,Roof Closed,68,Final
2026-05-13,08:10,New York Mets,Detroit Tigers,10,2,Citi Field,Clear,59,Final
2026-05-13,08:15,Atlanta Braves,Chicago Cubs,5,2,Truist Park,Clear,70,Final
2026-05-13,08:40,Chicago White Sox,Kansas City Royals,6,5,Rate Field,Cloudy,68,Final
2026-05-13,08:40,Minnesota Twins,Miami Marlins,3,0,Target Field,Partly Cloudy,68,Final
2026-05-13,08:40,Milwaukee Brewers,San Diego Padres,6,4,American Family Field,Roof Closed,66,Final
2026-05-13,09:05,Texas Rangers,Arizona Diamondbacks,7,4,Globe Life Field,Clear,84,Final
2026-05-13,09:10,Houston Astros,Seattle Mariners,2,10,Daikin Park,Roof Closed,73,Final
2026-05-13,10:40,Athletics,St. Louis Cardinals,4,6,Sutter Health Park,Partly Cloudy,78,Final
2026-05-13,11:10,Los Angeles Dodgers,San Francisco Giants,2,6,UNIQLO Field at Dodger Stadium,Partly Cloudy,66,Final
2026-05-14,02:05,Baltimore Orioles,New York Yankees,7,0,Oriole Park at Camden Yards,Sunny,71,Final
2026-05-14,02:10,Cleveland Guardians,Los Angeles Angels,4,2,Progressive Field,Partly Cloudy,55,Final
2026-05-14,07:40,Cincinnati Reds,Washington Nationals,7,8,Great American Ball Park,Partly Cloudy,61,Final
2026-05-14,07:40,Pittsburgh Pirates,Colorado Rockies,4,10,PNC Park,Partly Cloudy,61,Final
2026-05-14,07:45,Boston Red Sox,Philadelphia Phillies,3,1,Fenway Park,Overcast,62,Final
2026-05-14,08:07,Toronto Blue Jays,Tampa Bay Rays,5,3,Rogers Centre,Roof Closed,68,Final
2026-05-14,08:10,New York Mets,Detroit Tigers,3,2,Citi Field,Cloudy,60,Final
2026-05-14,08:15,Atlanta Braves,Chicago Cubs,4,1,Truist Park,Clear,76,Final
2026-05-14,08:40,Chicago White Sox,Kansas City Royals,6,5,Rate Field,Partly Cloudy,53,Final
2026-05-14,08:40,Minnesota Twins,Miami Marlins,5,9,Target Field,Clear,70,Final
2026-05-14,08:40,Milwaukee Brewers,San Diego Padres,1,3,American Family Field,Roof Closed,65,Final
2026-05-14,09:05,Texas Rangers,Arizona Diamondbacks,6,5,Globe Life Field,Clear,89,Final
2026-05-14,09:10,Houston Astros,Seattle Mariners,4,3,Daikin Park,Roof Closed,73,Final
2026-05-14,10:40,Athletics,St. Louis Cardinals,6,2,Sutter Health Park,Clear,78,Final
2026-05-14,11:10,Los Angeles Dodgers,San Francisco Giants,4,0,UNIQLO Field at Dodger Stadium,Clear,65,Final
2026-05-15,01:35,Pittsburgh Pirates,Colorado Rockies,7,2,PNC Park,Partly Cloudy,49,Final
2026-05-15,01:40,Cincinnati Reds,Washington Nationals,15,1,Great American Ball Park,Sunny,58,Final
2026-05-15,02:10,New York Mets,Detroit Tigers,9,4,Citi Field,Cloudy,62,Final
2026-05-15,02:40,Minnesota Twins,Miami Marlins,9,1,Target Field,Partly Cloudy,75,Final
2026-05-15,02:40,Milwaukee Brewers,San Diego Padres,7,1,American Family Field,Sunny,63,Final
2026-05-15,03:10,Houston Astros,Seattle Mariners,3,8,Daikin Park,Roof Closed,73,Final
2026-05-15,04:05,Athletics,St. Louis Cardinals,4,5,Sutter Health Park,Sunny,79,Final
2026-05-15,07:45,Boston Red Sox,Philadelphia Phillies,1,3,Fenway Park,Rain,54,Final
2026-05-15,08:15,Atlanta Braves,Chicago Cubs,0,2,Truist Park,Clear,70,Final
2026-05-15,08:40,Chicago White Sox,Kansas City Royals,6,2,Rate Field,Clear,62,Final
2026-05-15,11:10,Los Angeles Dodgers,San Francisco Giants,5,2,UNIQLO Field at Dodger Stadium,Clear,66,Final
2026-05-16,07:40,Pittsburgh Pirates,Philadelphia Phillies,9,11,PNC Park,Partly Cloudy,66,Final
2026-05-16,07:45,Washington Nationals,Baltimore Orioles,3,2,Nationals Park,Partly Cloudy,71,Final
2026-05-16,07:45,Detroit Tigers,Toronto Blue Jays,3,2,Comerica Park,Partly Cloudy,68,Final
2026-05-16,08:10,Cleveland Guardians,Cincinnati Reds,6,7,Progressive Field,Partly Cloudy,64,Final
2026-05-16,08:10,Tampa Bay Rays,Miami Marlins,7,2,Tropicana Field,Dome,72,Final
2026-05-16,08:10,Minnesota Twins,Milwaukee Brewers,2,3,Target Field,Partly Cloudy,85,Final
2026-05-16,08:15,Atlanta Braves,Boston Red Sox,3,2,Truist Park,Clear,77,Final
2026-05-16,08:15,New York Mets,New York Yankees,2,5,Citi Field,Partly Cloudy,66,Final
2026-05-16,08:40,Chicago White Sox,Chicago Cubs,5,10,Rate Field,Clear,74,Final
2026-05-16,09:10,Houston Astros,Texas Rangers,2,0,Daikin Park,Roof Closed,73,Final
2026-05-16,09:15,St. Louis Cardinals,Kansas City Royals,5,4,Busch Stadium,Cloudy,79,Final
2026-05-16,09:40,Colorado Rockies,Arizona Diamondbacks,1,9,Coors Field,Cloudy,80,Final
2026-05-16,10:38,Los Angeles Angels,Los Angeles Dodgers,0,6,Angel Stadium,Clear,68,Final
2026-05-16,10:40,Seattle Mariners,San Diego Padres,0,2,T-Mobile Park,Roof Closed,53,Final
2026-05-16,10:40,Athletics,San Francisco Giants,5,2,Sutter Health Park,Clear,84,Final
2026-05-17,02:10,Detroit Tigers,Toronto Blue Jays,1,2,Comerica Park,Cloudy,63,Final
2026-05-17,03:15,St. Louis Cardinals,Kansas City Royals,4,2,Busch Stadium,Overcast,78,Final
2026-05-17,04:10,Colorado Rockies,Arizona Diamondbacks,4,2,Coors Field,Cloudy,76,Final
2026-05-17,05:05,Washington Nationals,Baltimore Orioles,13,3,Nationals Park,Sunny,83,Final
2026-05-17,05:05,Pittsburgh Pirates,Philadelphia Phillies,0,6,PNC Park,Overcast,66,Final
2026-05-17,05:10,Tampa Bay Rays,Miami Marlins,5,10,Tropicana Field,Dome,72,Final
2026-05-17,07:10,Cleveland Guardians,Cincinnati Reds,7,4,Progressive Field,Partly Cloudy,72,Final
2026-05-17,08:10,Houston Astros,Texas Rangers,4,1,Daikin Park,Roof Closed,73,Final
2026-05-17,08:10,Chicago White Sox,Chicago Cubs,8,3,Rate Field,Cloudy,81,Final
2026-05-17,08:10,Minnesota Twins,Milwaukee Brewers,1,2,Target Field,Clear,81,Final
2026-05-17,08:15,Seattle Mariners,San Diego Padres,4,7,T-Mobile Park,Roof Closed,57,Final
2026-05-17,08:15,Atlanta Braves,Boston Red Sox,2,3,Truist Park,Cloudy,82,Final
2026-05-17,08:15,New York Mets,New York Yankees,6,3,Citi Field,Clear,75,Final
2026-05-17,10:38,Los Angeles Angels,Los Angeles Dodgers,2,15,Angel Stadium,Partly Cloudy,68,Final
2026-05-17,10:40,Athletics,San Francisco Giants,4,6,Sutter Health Park,Clear,79,Final
2026-05-18,01:15,Tampa Bay Rays,Miami Marlins,6,3,Tropicana Field,Dome,72,Final
2026-05-18,02:35,Washington Nationals,Baltimore Orioles,3,7,Nationals Park,Partly Cloudy,81,Final
2026-05-18,02:35,Pittsburgh Pirates,Philadelphia Phillies,0,6,PNC Park,Partly Cloudy,81,Final
2026-05-18,02:35,Atlanta Braves,Boston Red Sox,8,1,Truist Park,Partly Cloudy,85,Final
2026-05-18,02:40,Cleveland Guardians,Cincinnati Reds,10,3,Progressive Field,Partly Cloudy,79,Final
2026-05-18,02:40,Detroit Tigers,Toronto Blue Jays,1,4,Comerica Park,Sunny,83,Final
2026-05-18,02:40,New York Mets,New York Yankees,7,6,Citi Field,Sunny,85,Final
2026-05-18,03:10,Houston Astros,Texas Rangers,0,8,Daikin Park,Roof Closed,73,Final
2026-05-18,03:10,Chicago White Sox,Chicago Cubs,9,8,Rate Field,Partly Cloudy,75,Final
2026-05-18,03:10,Minnesota Twins,Milwaukee Brewers,5,4,Target Field,Cloudy,62,Final
2026-05-18,03:15,St. Louis Cardinals,Kansas City Royals,0,2,Busch Stadium,Partly Cloudy,82,Final
2026-05-18,04:10,Colorado Rockies,Arizona Diamondbacks,6,8,Coors Field,Partly Cloudy,56,Final
2026-05-18,05:05,Athletics,San Francisco Giants,1,10,Sutter Health Park,Sunny,74,Final
2026-05-18,05:07,Los Angeles Angels,Los Angeles Dodgers,1,10,Angel Stadium,Partly Cloudy,70,Final
2026-05-18,08:20,Seattle Mariners,San Diego Padres,3,8,T-Mobile Park,Partly Cloudy,61,Final
2026-05-19,07:40,Detroit Tigers,Cleveland Guardians,2,8,Comerica Park,Partly Cloudy,75,Final
2026-05-19,07:40,Tampa Bay Rays,Baltimore Orioles,16,6,Tropicana Field,Dome,72,Final
2026-05-19,07:40,Philadelphia Phillies,Cincinnati Reds,5,4,Citizens Bank Park,Clear,93,Final
2026-05-19,07:40,Miami Marlins,Atlanta Braves,12,0,loanDepot park,Dome,72,Final
2026-05-19,07:45,Washington Nationals,New York Mets,7,16,Nationals Park,Clear,94,Final
2026-05-19,08:05,New York Yankees,Toronto Blue Jays,7,6,Yankee Stadium,Clear,80,Final
2026-05-19,08:10,Kansas City Royals,Boston Red Sox,1,3,Kauffman Stadium,Partly Cloudy,82,Final
2026-05-19,08:40,Minnesota Twins,Houston Astros,6,3,Target Field,Overcast,61,Final
2026-05-19,08:40,Chicago Cubs,Milwaukee Brewers,3,9,Wrigley Field,Partly Cloudy,77,Final
2026-05-19,09:40,Colorado Rockies,Texas Rangers,7,6,Coors Field,Overcast,44,Final
2026-05-19,10:38,Los Angeles Angels,Athletics,2,1,Angel Stadium,Clear,71,Final
2026-05-19,10:40,San Diego Padres,Los Angeles Dodgers,1,0,Petco Park,Partly Cloudy,66,Final
2026-05-19,10:40,Arizona Diamondbacks,San Francisco Giants,12,2,Chase Field,Clear,85,Final
2026-05-19,10:40,Seattle Mariners,Chicago White Sox,6,1,T-Mobile Park,Partly Cloudy,64,Final
2026-05-20,05:10,Miami Marlins,Atlanta Braves,4,8,loanDepot park,Roof Closed,72,Final
2026-05-20,07:40,Detroit Tigers,Cleveland Guardians,3,4,Comerica Park,Partly Cloudy,76,Final
2026-05-20,07:40,Tampa Bay Rays,Baltimore Orioles,4,1,Tropicana Field,Dome,72,Final
2026-05-20,07:40,Philadelphia Phillies,Cincinnati Reds,1,4,Citizens Bank Park,Partly Cloudy,95,Final
2026-05-20,07:45,Washington Nationals,New York Mets,9,6,Nationals Park,Partly Cloudy,81,Final
2026-05-20,08:05,New York Yankees,Toronto Blue Jays,5,4,Yankee Stadium,Partly Cloudy,90,Final
2026-05-20,08:40,Kansas City Royals,Boston Red Sox,1,7,Kauffman Stadium,Overcast,58,Final
2026-05-20,08:40,Minnesota Twins,Houston Astros,1,2,Target Field,Overcast,55,Final
2026-05-20,08:40,Chicago Cubs,Milwaukee Brewers,2,5,Wrigley Field,Cloudy,72,Final
2026-05-20,08:45,St. Louis Cardinals,Pittsburgh Pirates,9,6,Busch Stadium,Cloudy,73,Final
2026-05-20,09:40,Colorado Rockies,Texas Rangers,0,10,Coors Field,Cloudy,51,Final
2026-05-20,10:38,Los Angeles Angels,Athletics,6,14,Angel Stadium,Clear,80,Final
2026-05-20,10:40,San Diego Padres,Los Angeles Dodgers,4,5,Petco Park,Partly Cloudy,71,Final
2026-05-20,10:40,Arizona Diamondbacks,San Francisco Giants,5,3,Chase Field,Overcast,88,Final
2026-05-20,10:40,Seattle Mariners,Chicago White Sox,1,2,T-Mobile Park,Cloudy,63,Final
2026-05-21,02:05,Philadelphia Phillies,Cincinnati Reds,4,9,Citizens Bank Park,Sunny,92,Final
2026-05-21,02:10,Tampa Bay Rays,Baltimore Orioles,5,3,Tropicana Field,Dome,72,Final
2026-05-21,02:40,Minnesota Twins,Houston Astros,4,1,Target Field,Partly Cloudy,57,Final
2026-05-21,04:10,Colorado Rockies,Texas Rangers,4,5,Coors Field,Overcast,55,Final
2026-05-21,04:40,Arizona Diamondbacks,San Francisco Giants,6,3,Chase Field,Roof Closed,78,Final
2026-05-21,05:10,Seattle Mariners,Chicago White Sox,5,4,T-Mobile Park,Partly Cloudy,61,Final
2026-05-21,07:40,Detroit Tigers,Cleveland Guardians,2,3,Comerica Park,Partly Cloudy,56,Final
2026-05-21,07:40,Miami Marlins,Atlanta Braves,1,9,loanDepot park,Roof Closed,72,Final
2026-05-21,07:45,Washington Nationals,New York Mets,8,4,Nationals Park,Cloudy,79,Final
2026-05-21,08:05,New York Yankees,Toronto Blue Jays,1,2,Yankee Stadium,Drizzle,72,Final
2026-05-21,08:40,Kansas City Royals,Boston Red Sox,3,4,Kauffman Stadium,Partly Cloudy,65,Final
2026-05-21,08:40,Chicago Cubs,Milwaukee Brewers,0,5,Wrigley Field,Clear,56,Final
2026-05-21,08:45,St. Louis Cardinals,Pittsburgh Pirates,0,7,Busch Stadium,Cloudy,66,Final
2026-05-21,09:40,San Diego Padres,Los Angeles Dodgers,0,4,Petco Park,Clear,74,Final
2026-05-21,10:38,Los Angeles Angels,Athletics,5,6,Angel Stadium,Clear,83,Final
2026-05-22,02:10,Detroit Tigers,Cleveland Guardians,1,3,Comerica Park,Sunny,60,Final
2026-05-22,02:15,St. Louis Cardinals,Pittsburgh Pirates,2,6,Busch Stadium,Partly Cloudy,67,Final
2026-05-22,05:05,Washington Nationals,New York Mets,1,2,Nationals Park,Cloudy,61,Final
2026-05-22,07:40,Miami Marlins,Atlanta Braves,3,9,loanDepot park,Roof Closed,72,Final
2026-05-22,08:05,New York Yankees,Toronto Blue Jays,0,2,Yankee Stadium,Cloudy,64,Final
2026-05-22,10:38,Los Angeles Angels,Athletics,2,3,Angel Stadium,Clear,71,Final
2026-05-22,10:40,Arizona Diamondbacks,Colorado Rockies,2,1,Chase Field,Clear,94,Final
2026-05-23,03:20,Chicago Cubs,Houston Astros,2,4,Wrigley Field,Sunny,60,Final
2026-05-23,07:40,Philadelphia Phillies,Cleveland Guardians,0,1,Citizens Bank Park,Rain,58,Final
2026-05-23,08:05,New York Yankees,Tampa Bay Rays,2,4,Yankee Stadium,Partly Cloudy,66,Final
2026-05-23,08:07,Toronto Blue Jays,Pittsburgh Pirates,6,2,Rogers Centre,Roof Closed,68,Final
2026-05-23,08:10,Boston Red Sox,Minnesota Twins,6,8,Fenway Park,Cloudy,64,Final
2026-05-23,08:10,Miami Marlins,New York Mets,2,1,loanDepot park,Roof Closed,72,Final
2026-05-23,08:15,Baltimore Orioles,Detroit Tigers,7,4,Oriole Park at Camden Yards,Drizzle,55,Final
2026-05-23,08:15,Atlanta Braves,Washington Nationals,5,4,Truist Park,Cloudy,73,Final
2026-05-23,08:40,Kansas City Royals,Seattle Mariners,0,2,Kauffman Stadium,Cloudy,70,Final
2026-05-23,08:40,Milwaukee Brewers,Los Angeles Dodgers,5,1,American Family Field,Roof Closed,57,Final
2026-05-23,10:38,Los Angeles Angels,Texas Rangers,9,6,Angel Stadium,Partly Cloudy,69,Final
2026-05-23,10:40,Arizona Diamondbacks,Colorado Rockies,2,3,Chase Field,Clear,95,Final
2026-05-23,10:40,San Diego Padres,Athletics,7,3,Petco Park,Clear,66,Final
2026-05-23,11:15,San Francisco Giants,Chicago White Sox,4,9,Oracle Park,Partly Cloudy,59,Final
2026-05-23,07:40,Cincinnati Reds,St. Louis Cardinals,0,0,Great American Ball Park,Cloudy,71,Final
2026-05-24,02:10,Cincinnati Reds,St. Louis Cardinals,1,8,Great American Ball Park,Cloudy,71,Final
2026-05-24,08:15,Cincinnati Reds,St. Louis Cardinals,7,6,Great American Ball Park,Partly Cloudy,74,Final
2026-05-24,03:20,Chicago Cubs,Houston Astros,0,3,Wrigley Field,Partly Cloudy,60,Final
2026-05-24,04:07,Toronto Blue Jays,Pittsburgh Pirates,5,2,Rogers Centre,Roof Closed,68,Final
2026-05-24,05:05,Philadelphia Phillies,Cleveland Guardians,3,0,Citizens Bank Park,Cloudy,53,Final
2026-05-24,05:05,San Francisco Giants,Chicago White Sox,10,3,Oracle Park,Sunny,61,Final
2026-05-24,05:10,Kansas City Royals,Seattle Mariners,5,0,Kauffman Stadium,Partly Cloudy,77,Final
2026-05-24,05:10,Boston Red Sox,Minnesota Twins,2,4,Fenway Park,Cloudy,61,Final
2026-05-24,05:10,Atlanta Braves,Washington Nationals,0,2,Truist Park,Cloudy,78,Final
2026-05-24,05:10,Miami Marlins,New York Mets,4,1,loanDepot park,Roof Closed,72,Final
2026-05-24,08:15,Milwaukee Brewers,Los Angeles Dodgers,3,11,American Family Field,Roof Closed,65,Final
2026-05-24,10:40,San Diego Padres,Athletics,2,0,Petco Park,Partly Cloudy,66,Final
2026-05-24,11:05,Los Angeles Angels,Texas Rangers,5,2,Angel Stadium,Clear,68,Final
2026-05-24,11:10,Arizona Diamondbacks,Colorado Rockies,5,4,Chase Field,Clear,94,Final
2026-05-24,02:35,New York Yankees,Tampa Bay Rays,0,0,Yankee Stadium,N/A,N/A,Final
2026-05-24,05:05,Baltimore Orioles,Detroit Tigers,0,0,Oriole Park at Camden Yards,Partly Cloudy,62,Final
2026-05-25,01:15,Toronto Blue Jays,Pittsburgh Pirates,1,4,Rogers Centre,Roof Closed,68,Final
2026-05-25,01:35,Baltimore Orioles,Detroit Tigers,5,3,Oriole Park at Camden Yards,Overcast,58,Final
2026-05-25,07:05,Baltimore Orioles,Detroit Tigers,1,4,Oriole Park at Camden Yards,Partly Cloudy,62,Final
2026-05-25,02:35,Boston Red Sox,Minnesota Twins,5,6,Fenway Park,Overcast,57,Final
2026-05-25,02:35,Philadelphia Phillies,Cleveland Guardians,1,3,Citizens Bank Park,Overcast,62,Final
2026-05-25,02:35,New York Yankees,Tampa Bay Rays,2,0,Yankee Stadium,Rain,57,Final
2026-05-25,02:40,Miami Marlins,New York Mets,4,0,loanDepot park,Roof Closed,72,Final
2026-05-25,03:10,Kansas City Royals,Seattle Mariners,8,6,Kauffman Stadium,Sunny,78,Final
2026-05-25,03:10,Milwaukee Brewers,Los Angeles Dodgers,1,5,American Family Field,Sunny,73,Final
2026-05-25,03:20,Chicago Cubs,Houston Astros,5,8,Wrigley Field,Partly Cloudy,64,Final
2026-05-25,05:05,San Francisco Giants,Chicago White Sox,8,5,Oracle Park,Partly Cloudy,60,Final
2026-05-25,05:10,Arizona Diamondbacks,Colorado Rockies,9,1,Chase Field,Roof Closed,73,Final
2026-05-25,05:10,San Diego Padres,Athletics,2,5,Petco Park,Partly Cloudy,66,Final
2026-05-25,05:10,Atlanta Braves,Washington Nationals,1,2,Truist Park,Cloudy,79,Final
2026-05-25,08:20,Los Angeles Angels,Texas Rangers,2,1,Angel Stadium,Sunny,73,Final
2026-05-25,02:40,Cincinnati Reds,St. Louis Cardinals,0,0,Great American Ball Park,N/A,N/A,Final
2026-05-26,02:35,Pittsburgh Pirates,Chicago Cubs,2,1,PNC Park,Cloudy,73,Final
2026-05-26,02:35,Baltimore Orioles,Tampa Bay Rays,9,7,Oriole Park at Camden Yards,Rain,69,Final
2026-05-26,03:10,Chicago White Sox,Minnesota Twins,3,1,Rate Field,Partly Cloudy,80,Final
2026-05-26,03:10,Milwaukee Brewers,St. Louis Cardinals,5,1,American Family Field,Partly Cloudy,80,Final
2026-05-26,04:40,Kansas City Royals,New York Yankees,3,4,Kauffman Stadium,Sunny,83,Final
2026-05-26,05:10,New York Mets,Cincinnati Reds,2,7,Citi Field,Partly Cloudy,71,Final
2026-05-26,06:05,San Francisco Giants,Arizona Diamondbacks,2,6,Oracle Park,Partly Cloudy,60,Final
2026-05-26,07:10,Cleveland Guardians,Washington Nationals,2,10,Progressive Field,Clear,64,Final
2026-05-26,07:40,San Diego Padres,Philadelphia Phillies,0,3,Petco Park,Partly Cloudy,67,Final
2026-05-26,08:05,Texas Rangers,Houston Astros,0,9,Globe Life Field,Roof Closed,74,Final
2026-05-26,08:07,Toronto Blue Jays,Miami Marlins,2,8,Rogers Centre,Clear,62,Final
2026-05-26,10:10,Los Angeles Dodgers,Colorado Rockies,5,3,UNIQLO Field at Dodger Stadium,Clear,69,Final
2026-05-26,10:40,Athletics,Seattle Mariners,2,9,Sutter Health Park,Partly Cloudy,68,Final
2026-05-27,07:10,Cleveland Guardians,Washington Nationals,3,6,Progressive Field,Cloudy,70,Final
2026-05-27,07:35,Baltimore Orioles,Tampa Bay Rays,6,1,Oriole Park at Camden Yards,Partly Cloudy,74,Final
2026-05-27,07:40,Detroit Tigers,Los Angeles Angels,6,10,Comerica Park,Cloudy,79,Final
2026-05-27,07:40,Pittsburgh Pirates,Chicago Cubs,12,1,PNC Park,Cloudy,79,Final
2026-05-27,07:45,Boston Red Sox,Atlanta Braves,6,7,Fenway Park,Partly Cloudy,82,Final
2026-05-27,08:07,Toronto Blue Jays,Miami Marlins,8,1,Rogers Centre,Partly Cloudy,60,Final
2026-05-27,08:10,New York Mets,Cincinnati Reds,2,7,Citi Field,Cloudy,72,Final
2026-05-27,08:40,Chicago White Sox,Minnesota Twins,3,5,Rate Field,Partly Cloudy,77,Final
2026-05-27,08:40,Kansas City Royals,New York Yankees,1,15,Kauffman Stadium,Partly Cloudy,82,Final
2026-05-27,08:40,Milwaukee Brewers,St. Louis Cardinals,6,0,American Family Field,Partly Cloudy,81,Final
2026-05-27,09:05,Texas Rangers,Houston Astros,10,7,Globe Life Field,Roof Closed,74,Final
2026-05-27,10:40,Athletics,Seattle Mariners,1,4,Sutter Health Park,Cloudy,62,Final
2026-05-27,10:40,San Diego Padres,Philadelphia Phillies,3,4,Petco Park,Partly Cloudy,64,Final
2026-05-27,10:45,San Francisco Giants,Arizona Diamondbacks,5,7,Oracle Park,Clear,59,Final
2026-05-27,11:10,Los Angeles Dodgers,Colorado Rockies,15,6,UNIQLO Field at Dodger Stadium,Cloudy,63,Final
2026-05-28,02:07,Toronto Blue Jays,Miami Marlins,2,1,Rogers Centre,Sunny,60,Final
2026-05-28,02:10,Cleveland Guardians,Washington Nationals,3,2,Progressive Field,Partly Cloudy,70,Final
2026-05-28,02:40,Milwaukee Brewers,St. Louis Cardinals,2,1,American Family Field,Partly Cloudy,74,Final
2026-05-28,04:05,Athletics,Seattle Mariners,1,9,Sutter Health Park,Partly Cloudy,67,Final
2026-05-28,04:45,San Francisco Giants,Arizona Diamondbacks,2,3,Oracle Park,Partly Cloudy,63,Final
2026-05-28,05:10,San Diego Padres,Philadelphia Phillies,0,3,Petco Park,Partly Cloudy,67,Final
2026-05-28,07:35,Baltimore Orioles,Tampa Bay Rays,11,2,Oriole Park at Camden Yards,Partly Cloudy,80,Final
2026-05-28,07:40,Detroit Tigers,Los Angeles Angels,4,0,Comerica Park,Clear,76,Final
2026-05-28,07:40,Pittsburgh Pirates,Chicago Cubs,4,10,PNC Park,Partly Cloudy,77,Final
2026-05-28,07:45,Boston Red Sox,Atlanta Braves,8,0,Fenway Park,Clear,87,Final
2026-05-28,08:10,New York Mets,Cincinnati Reds,4,2,Citi Field,Partly Cloudy,81,Final
2026-05-28,08:40,Chicago White Sox,Minnesota Twins,15,2,Rate Field,Clear,72,Final
2026-05-28,08:40,Kansas City Royals,New York Yankees,0,7,Kauffman Stadium,Partly Cloudy,84,Final
2026-05-28,09:05,Texas Rangers,Houston Astros,3,4,Globe Life Field,Roof Closed,74,Final
2026-05-28,11:10,Los Angeles Dodgers,Colorado Rockies,4,1,UNIQLO Field at Dodger Stadium,Partly Cloudy,61,Final
2026-05-29,02:10,Detroit Tigers,Los Angeles Angels,1,7,Comerica Park,Sunny,70,Final
2026-05-29,03:10,Chicago White Sox,Minnesota Twins,6,2,Rate Field,Sunny,66,Final
2026-05-29,05:10,Boston Red Sox,Atlanta Braves,2,10,Fenway Park,Partly Cloudy,68,Final
2026-05-29,07:35,Baltimore Orioles,Toronto Blue Jays,1,2,Oriole Park at Camden Yards,Partly Cloudy,77,Final
2026-05-29,07:40,Pittsburgh Pirates,Chicago Cubs,2,7,PNC Park,Clear,73,Final
2026-05-29,09:05,Texas Rangers,Houston Astros,1,5,Globe Life Field,Roof Closed,74,Final
2026-05-30,07:40,Cincinnati Reds,Atlanta Braves,3,8,Great American Ball Park,Partly Cloudy,79,Final
2026-05-30,07:45,Washington Nationals,San Diego Padres,5,7,Nationals Park,Clear,78,Final
2026-05-30,07:45,Pittsburgh Pirates,Minnesota Twins,6,5,PNC Park,Clear,79,Final
2026-05-30,08:05,Baltimore Orioles,Toronto Blue Jays,5,6,Oriole Park at Camden Yards,Clear,80,Final
2026-05-30,08:10,Cleveland Guardians,Boston Red Sox,4,3,Progressive Field,Clear,70,Final
2026-05-30,08:10,Tampa Bay Rays,Los Angeles Angels,8,5,Tropicana Field,Dome,72,Final
2026-05-30,08:10,New York Mets,Miami Marlins,9,7,Citi Field,Partly Cloudy,74,Final
2026-05-30,08:15,St. Louis Cardinals,Chicago Cubs,6,5,Busch Stadium,Cloudy,79,Final
2026-05-30,08:40,Chicago White Sox,Detroit Tigers,4,3,Rate Field,Partly Cloudy,75,Final
2026-05-30,09:05,Texas Rangers,Kansas City Royals,9,1,Globe Life Field,Roof Closed,74,Final
2026-05-30,09:10,Houston Astros,Milwaukee Brewers,4,5,Daikin Park,Roof Closed,73,Final
2026-05-30,09:40,Colorado Rockies,San Francisco Giants,8,6,Coors Field,Partly Cloudy,72,Final
2026-05-30,10:40,Athletics,New York Yankees,2,8,Sutter Health Park,Partly Cloudy,72,Final
2026-05-30,11:10,Seattle Mariners,Arizona Diamondbacks,7,6,T-Mobile Park,Roof Closed,58,Final
2026-05-30,11:15,Los Angeles Dodgers,Philadelphia Phillies,4,2,UNIQLO Field at Dodger Stadium,Clear,66,Final
2026-05-31,03:10,Chicago White Sox,Detroit Tigers,7,1,Rate Field,Partly Cloudy,68,Final
2026-05-31,05:05,Washington Nationals,San Diego Padres,9,4,Nationals Park,Sunny,71,Final
2026-05-31,05:05,Texas Rangers,Kansas City Royals,7,6,Globe Life Field,Roof Closed,74,Final
2026-05-31,05:05,Baltimore Orioles,Toronto Blue Jays,6,5,Oriole Park at Camden Yards,Sunny,67,Final
2026-05-31,05:05,Pittsburgh Pirates,Minnesota Twins,10,9,PNC Park,Sunny,72,Final
2026-05-31,05:10,Cleveland Guardians,Boston Red Sox,1,9,Progressive Field,Sunny,61,Final
2026-05-31,05:10,Tampa Bay Rays,Los Angeles Angels,3,14,Tropicana Field,Dome,72,Final
2026-05-31,05:10,New York Mets,Miami Marlins,6,1,Citi Field,Cloudy,57,Final
2026-05-31,05:10,Houston Astros,Milwaukee Brewers,9,2,Daikin Park,Roof Closed,73,Final
2026-05-31,08:15,St. Louis Cardinals,Chicago Cubs,1,6,Busch Stadium,Cloudy,78,Final
2026-05-31,08:15,Cincinnati Reds,Atlanta Braves,2,5,Great American Ball Park,Partly Cloudy,77,Final
2026-05-31,10:10,Colorado Rockies,San Francisco Giants,8,3,Coors Field,Partly Cloudy,76,Final
2026-05-31,11:05,Athletics,New York Yankees,6,4,Sutter Health Park,Clear,80,Final
2026-05-31,11:10,Seattle Mariners,Arizona Diamondbacks,5,1,T-Mobile Park,Clear,62,Final
2026-05-31,11:10,Los Angeles Dodgers,Philadelphia Phillies,3,4,UNIQLO Field at Dodger Stadium,Clear,68,Final
2026-06-01,01:15,Baltimore Orioles,Toronto Blue Jays,9,5,Oriole Park at Camden Yards,Sunny,69,Final
2026-06-01,02:35,Washington Nationals,San Diego Padres,4,2,Nationals Park,Sunny,71,Final
2026-06-01,02:35,Pittsburgh Pirates,Minnesota Twins,9,3,PNC Park,Sunny,68,Final
2026-06-01,02:40,Cleveland Guardians,Boston Red Sox,4,9,Progressive Field,Sunny,70,Final
2026-06-01,02:40,Tampa Bay Rays,Los Angeles Angels,5,2,Tropicana Field,Dome,72,Final
2026-06-01,02:40,Cincinnati Reds,Atlanta Braves,6,4,Great American Ball Park,Partly Cloudy,73,Final
2026-06-01,02:40,New York Mets,Miami Marlins,10,1,Citi Field,Partly Cloudy,75,Final
2026-06-01,03:10,Chicago White Sox,Detroit Tigers,2,1,Rate Field,Partly Cloudy,66,Final
2026-06-01,03:10,Houston Astros,Milwaukee Brewers,0,2,Daikin Park,Roof Closed,73,Final
2026-06-01,03:35,Texas Rangers,Kansas City Royals,6,3,Globe Life Field,Roof Closed,74,Final
2026-06-01,04:10,Colorado Rockies,San Francisco Giants,6,19,Coors Field,Partly Cloudy,76,Final
2026-06-01,05:05,Athletics,New York Yankees,8,13,Sutter Health Park,Sunny,83,Final
2026-06-01,05:10,Seattle Mariners,Arizona Diamondbacks,3,2,T-Mobile Park,Sunny,63,Final
2026-06-01,05:10,Los Angeles Dodgers,Philadelphia Phillies,9,1,UNIQLO Field at Dodger Stadium,Sunny,82,Final
2026-06-01,08:20,St. Louis Cardinals,Chicago Cubs,5,1,Busch Stadium,Cloudy,79,Final
2026-06-02,07:40,Tampa Bay Rays,Detroit Tigers,9,10,Tropicana Field,Dome,72,Final
2026-06-02,07:45,Washington Nationals,Miami Marlins,3,7,Nationals Park,Partly Cloudy,77,Final
2026-06-02,08:10,Cincinnati Reds,Kansas City Royals,2,9,Great American Ball Park,Partly Cloudy,74,Final
2026-06-02,08:40,Minnesota Twins,Chicago White Sox,9,6,Target Field,Clear,78,Final
2026-06-02,08:40,Milwaukee Brewers,San Francisco Giants,16,2,American Family Field,Clear,70,Final
2026-06-02,08:45,St. Louis Cardinals,Texas Rangers,1,2,Busch Stadium,Partly Cloudy,81,Final
2026-06-02,10:38,Los Angeles Angels,Colorado Rockies,8,9,Angel Stadium,Clear,70,Final
2026-06-02,10:40,Arizona Diamondbacks,Los Angeles Dodgers,4,1,Chase Field,Roof Closed,75,Final
2026-06-02,10:40,Seattle Mariners,New York Mets,3,2,T-Mobile Park,Partly Cloudy,74,Final
2026-06-03,07:40,Tampa Bay Rays,Detroit Tigers,0,8,Tropicana Field,Dome,72,Final
2026-06-03,07:40,Philadelphia Phillies,San Diego Padres,3,2,Citizens Bank Park,Partly Cloudy,75,Final
2026-06-03,07:45,Boston Red Sox,Baltimore Orioles,2,4,Fenway Park,Partly Cloudy,73,Final
2026-06-03,07:45,Washington Nationals,Miami Marlins,3,7,Nationals Park,Partly Cloudy,75,Final
2026-06-03,08:05,New York Yankees,Cleveland Guardians,4,9,Yankee Stadium,Partly Cloudy,75,Final
2026-06-03,08:10,Cincinnati Reds,Kansas City Royals,4,3,Great American Ball Park,Partly Cloudy,74,Final
2026-06-03,08:15,Atlanta Braves,Toronto Blue Jays,4,3,Truist Park,Partly Cloudy,72,Final
2026-06-03,08:40,Minnesota Twins,Chicago White Sox,6,4,Target Field,Partly Cloudy,81,Final
2026-06-03,08:40,Milwaukee Brewers,San Francisco Giants,8,3,American Family Field,Clear,68,Final
2026-06-03,08:45,St. Louis Cardinals,Texas Rangers,4,7,Busch Stadium,Clear,77,Final
2026-06-03,09:05,Chicago Cubs,Athletics,1,2,Wrigley Field,Clear,65,Final
2026-06-03,09:10,Houston Astros,Pittsburgh Pirates,6,10,Daikin Park,Roof Closed,73,Final
2026-06-03,10:38,Los Angeles Angels,Colorado Rockies,2,8,Angel Stadium,Partly Cloudy,76,Final
2026-06-03,10:40,Arizona Diamondbacks,Los Angeles Dodgers,5,6,Chase Field,Roof Closed,74,Final
2026-06-03,10:40,Seattle Mariners,New York Mets,8,3,T-Mobile Park,Clear,81,Final
2026-06-04,02:05,Washington Nationals,Miami Marlins,1,4,Nationals Park,Sunny,79,Final
2026-06-04,02:10,Tampa Bay Rays,Detroit Tigers,2,7,Tropicana Field,Dome,72,Final
2026-06-04,02:40,Minnesota Twins,Chicago White Sox,0,8,Target Field,Partly Cloudy,81,Final
2026-06-04,04:40,Seattle Mariners,New York Mets,1,7,T-Mobile Park,Partly Cloudy,69,Final
2026-06-04,07:40,Philadelphia Phillies,San Diego Padres,3,2,Citizens Bank Park,Clear,83,Final
2026-06-04,07:45,Boston Red Sox,Baltimore Orioles,8,1,Fenway Park,Clear,80,Final
2026-06-04,08:05,New York Yankees,Cleveland Guardians,4,5,Yankee Stadium,Clear,76,Final
2026-06-04,08:10,Cincinnati Reds,Kansas City Royals,2,5,Great American Ball Park,Clear,79,Final
2026-06-04,08:15,Atlanta Braves,Toronto Blue Jays,7,3,Truist Park,Clear,77,Final
2026-06-04,08:40,Milwaukee Brewers,San Francisco Giants,0,1,American Family Field,Partly Cloudy,77,Final
2026-06-04,08:45,St. Louis Cardinals,Texas Rangers,5,3,Busch Stadium,Clear,79,Final
2026-06-04,09:05,Chicago Cubs,Athletics,4,5,Wrigley Field,Partly Cloudy,71,Final
2026-06-04,09:10,Houston Astros,Pittsburgh Pirates,11,9,Daikin Park,Roof Closed,73,Final
2026-06-04,10:38,Los Angeles Angels,Colorado Rockies,11,4,Angel Stadium,Clear,72,Final
2026-06-04,10:40,Arizona Diamondbacks,Los Angeles Dodgers,0,7,Chase Field,Roof Closed,74,Final
2026-06-05,02:05,Philadelphia Phillies,San Diego Padres,6,4,Citizens Bank Park,Sunny,87,Final
2026-06-05,02:35,Boston Red Sox,Baltimore Orioles,2,8,Fenway Park,Sunny,87,Final
2026-06-05,02:35,New York Yankees,Cleveland Guardians,2,1,Yankee Stadium,Sunny,87,Final
2026-06-05,03:10,Milwaukee Brewers,San Francisco Giants,9,12,American Family Field,Partly Cloudy,83,Final
2026-06-05,08:15,Atlanta Braves,Toronto Blue Jays,2,7,Truist Park,Clear,80,Final
2026-06-05,08:40,Minnesota Twins,Kansas City Royals,6,8,Target Field,Cloudy,83,Final
2026-06-05,09:05,Chicago Cubs,Athletics,7,6,Wrigley Field,Partly Cloudy,83,Final
2026-06-05,09:10,Houston Astros,Pittsburgh Pirates,1,5,Daikin Park,Roof Closed,73,Final
2026-06-05,10:40,Arizona Diamondbacks,Los Angeles Dodgers,3,2,Chase Field,Roof Closed,74,Final
2026-06-06,03:20,Chicago Cubs,San Francisco Giants,3,18,Wrigley Field,Overcast,78,Final
2026-06-06,07:40,Detroit Tigers,Seattle Mariners,7,3,Comerica Park,Partly Cloudy,79,Final
2026-06-06,07:40,Philadelphia Phillies,Chicago White Sox,8,6,Citizens Bank Park,Clear,90,Final
2026-06-06,08:05,New York Yankees,Boston Red Sox,3,5,Yankee Stadium,Partly Cloudy,85,Final
2026-06-06,08:07,Toronto Blue Jays,Baltimore Orioles,3,13,Rogers Centre,Cloudy,72,Final
2026-06-06,08:10,Miami Marlins,Tampa Bay Rays,0,6,loanDepot park,Roof Closed,72,Final
2026-06-06,08:15,Atlanta Braves,Pittsburgh Pirates,6,3,Truist Park,Partly Cloudy,82,Final
2026-06-06,09:10,Houston Astros,Athletics,5,1,Daikin Park,Roof Closed,73,Final
2026-06-06,09:15,St. Louis Cardinals,Cincinnati Reds,10,3,Busch Stadium,Partly Cloudy,83,Final
2026-06-06,09:15,Texas Rangers,Cleveland Guardians,3,2,Globe Life Field,Roof Closed,74,Final
2026-06-06,09:15,Minnesota Twins,Kansas City Royals,5,3,Target Field,Partly Cloudy,75,Final
2026-06-06,09:40,Colorado Rockies,Milwaukee Brewers,7,9,Coors Field,Partly Cloudy,87,Final
2026-06-06,10:40,Arizona Diamondbacks,Washington Nationals,1,14,Chase Field,Roof Closed,75,Final
2026-06-06,10:40,San Diego Padres,New York Mets,0,5,Petco Park,Cloudy,67,Final
2026-06-06,11:10,Los Angeles Dodgers,Los Angeles Angels,1,0,UNIQLO Field at Dodger Stadium,Clear,70,Final
2026-06-07,02:10,Detroit Tigers,Seattle Mariners,0,4,Comerica Park,Partly Cloudy,81,Final
2026-06-07,03:10,Minnesota Twins,Kansas City Royals,2,3,Target Field,Sunny,82,Final
2026-06-07,03:15,St. Louis Cardinals,Cincinnati Reds,6,5,Busch Stadium,Partly Cloudy,85,Final
2026-06-07,03:20,Chicago Cubs,San Francisco Giants,3,2,Wrigley Field,Partly Cloudy,76,Final
2026-06-07,04:07,Toronto Blue Jays,Baltimore Orioles,6,4,Rogers Centre,Sunny,77,Final
2026-06-07,05:05,Philadelphia Phillies,Chicago White Sox,3,6,Citizens Bank Park,Partly Cloudy,91,Final
2026-06-07,05:10,Arizona Diamondbacks,Washington Nationals,1,6,Chase Field,Roof Closed,75,Final
2026-06-07,05:10,Houston Astros,Athletics,13,2,Daikin Park,Roof Closed,73,Final
2026-06-07,05:10,Atlanta Braves,Pittsburgh Pirates,6,3,Truist Park,Cloudy,84,Final
2026-06-07,05:10,Miami Marlins,Tampa Bay Rays,4,3,loanDepot park,Roof Closed,72,Final
2026-06-07,08:35,Texas Rangers,Cleveland Guardians,0,6,Globe Life Field,Roof Closed,74,Final
2026-06-07,10:10,Colorado Rockies,Milwaukee Brewers,1,7,Coors Field,Partly Cloudy,87,Final
2026-06-07,11:10,Los Angeles Dodgers,Los Angeles Angels,9,2,UNIQLO Field at Dodger Stadium,Clear,70,Final
2026-06-07,11:10,San Diego Padres,New York Mets,3,2,Petco Park,Cloudy,68,Final
2026-06-07,08:35,New York Yankees,Boston Red Sox,0,0,Yankee Stadium,N/A,N/A,Final
2026-06-08,02:35,Atlanta Braves,Pittsburgh Pirates,3,2,Truist Park,Cloudy,78,Final
2026-06-08,02:35,Philadelphia Phillies,Chicago White Sox,9,5,Citizens Bank Park,Partly Cloudy,85,Final
2026-06-08,02:35,New York Yankees,Boston Red Sox,6,1,Yankee Stadium,Partly Cloudy,81,Final
2026-06-08,02:37,Toronto Blue Jays,Baltimore Orioles,6,4,Rogers Centre,Cloudy,72,Final
2026-06-08,02:40,Detroit Tigers,Seattle Mariners,5,4,Comerica Park,Sunny,80,Final
2026-06-08,02:40,Miami Marlins,Tampa Bay Rays,4,1,loanDepot park,Roof Closed,72,Final
2026-06-08,03:10,Houston Astros,Athletics,0,5,Daikin Park,Roof Closed,73,Final
2026-06-08,03:10,Minnesota Twins,Kansas City Royals,5,6,Target Field,Cloudy,85,Final
2026-06-08,03:15,St. Louis Cardinals,Cincinnati Reds,5,3,Busch Stadium,Partly Cloudy,85,Final
2026-06-08,03:35,Texas Rangers,Cleveland Guardians,10,0,Globe Life Field,Roof Closed,74,Final
2026-06-08,04:10,Colorado Rockies,Milwaukee Brewers,4,12,Coors Field,Sunny,91,Final
2026-06-08,04:15,Arizona Diamondbacks,Washington Nationals,5,1,Chase Field,Roof Closed,74,Final
2026-06-08,05:10,Los Angeles Dodgers,Los Angeles Angels,5,13,UNIQLO Field at Dodger Stadium,Sunny,75,Final
2026-06-08,05:10,San Diego Padres,New York Mets,3,7,Petco Park,Partly Cloudy,70,Final
2026-06-08,09:30,Chicago Cubs,San Francisco Giants,1,2,Wrigley Field,Partly Cloudy,70,Final
2026-06-09,07:35,Baltimore Orioles,Seattle Mariners,3,6,Oriole Park at Camden Yards,Partly Cloudy,74,Final
2026-06-09,07:40,Tampa Bay Rays,Boston Red Sox,3,1,Tropicana Field,Dome,72,Final
2026-06-09,07:40,Cleveland Guardians,New York Yankees,5,7,Progressive Field,Partly Cloudy,81,Final
2026-06-09,08:07,Toronto Blue Jays,Philadelphia Phillies,2,5,Rogers Centre,Clear,68,Final
2026-06-09,10:38,Los Angeles Angels,Houston Astros,4,5,Angel Stadium,Partly Cloudy,72,Final
2026-06-09,10:40,San Diego Padres,Cincinnati Reds,6,2,Petco Park,Partly Cloudy,68,Final
2026-06-09,10:45,San Francisco Giants,Washington Nationals,3,4,Oracle Park,Partly Cloudy,59,Final
2026-06-09,11:05,Athletics,Milwaukee Brewers,14,15,Las Vegas Ballpark,Partly Cloudy,87,Final
2026-06-10,07:35,Baltimore Orioles,Seattle Mariners,5,6,Oriole Park at Camden Yards,Partly Cloudy,78,Final
2026-06-10,07:40,Pittsburgh Pirates,Los Angeles Dodgers,3,12,PNC Park,Partly Cloudy,81,Final
2026-06-10,07:40,Tampa Bay Rays,Boston Red Sox,4,3,Tropicana Field,Dome,72,Final
2026-06-10,07:40,Detroit Tigers,Minnesota Twins,10,4,Comerica Park,Partly Cloudy,78,Final
2026-06-10,07:40,Miami Marlins,Arizona Diamondbacks,10,6,loanDepot park,Roof Closed,72,Final
2026-06-10,07:40,Cleveland Guardians,New York Yankees,2,3,Progressive Field,Cloudy,86,Final
2026-06-10,08:07,Toronto Blue Jays,Philadelphia Phillies,3,2,Rogers Centre,Roof Closed,68,Final
2026-06-10,08:10,New York Mets,St. Louis Cardinals,0,7,Citi Field,Clear,72,Final
2026-06-10,08:40,Kansas City Royals,Texas Rangers,5,3,Kauffman Stadium,Partly Cloudy,91,Final
2026-06-10,08:40,Chicago White Sox,Atlanta Braves,6,5,Rate Field,Partly Cloudy,88,Final
2026-06-10,09:40,Colorado Rockies,Chicago Cubs,7,3,Coors Field,Partly Cloudy,84,Final
2026-06-10,10:38,Los Angeles Angels,Houston Astros,10,1,Angel Stadium,Clear,74,Final
2026-06-10,10:40,San Diego Padres,Cincinnati Reds,3,5,Petco Park,Clear,70,Final
2026-06-10,10:45,San Francisco Giants,Washington Nationals,3,6,Oracle Park,Clear,64,Final
2026-06-10,11:05,Athletics,Milwaukee Brewers,7,5,Las Vegas Ballpark,Clear,94,Final
2026-06-11,02:10,Tampa Bay Rays,Boston Red Sox,7,5,Tropicana Field,Dome,72,Final
2026-06-11,02:10,Cleveland Guardians,New York Yankees,4,8,Progressive Field,Partly Cloudy,81,Final
2026-06-11,04:45,San Francisco Giants,Washington Nationals,11,10,Oracle Park,Sunny,72,Final
2026-06-11,05:10,San Diego Padres,Cincinnati Reds,5,4,Petco Park,Sunny,74,Final
2026-06-11,07:35,Baltimore Orioles,Seattle Mariners,7,2,Oriole Park at Camden Yards,Cloudy,76,Final
2026-06-11,07:40,Pittsburgh Pirates,Los Angeles Dodgers,9,8,PNC Park,Partly Cloudy,87,Final
2026-06-11,07:40,Detroit Tigers,Minnesota Twins,4,6,Comerica Park,Partly Cloudy,87,Final
2026-06-11,07:40,Miami Marlins,Arizona Diamondbacks,8,0,loanDepot park,Roof Closed,72,Final
2026-06-11,08:07,Toronto Blue Jays,Philadelphia Phillies,4,7,Rogers Centre,Partly Cloudy,81,Final
2026-06-11,08:10,New York Mets,St. Louis Cardinals,2,9,Citi Field,Cloudy,79,Final
2026-06-11,08:40,Kansas City Royals,Texas Rangers,4,6,Kauffman Stadium,Partly Cloudy,88,Final
2026-06-11,08:40,Chicago White Sox,Atlanta Braves,2,1,Rate Field,Cloudy,71,Final
2026-06-11,09:40,Colorado Rockies,Chicago Cubs,3,2,Coors Field,Partly Cloudy,88,Final
2026-06-11,10:05,Athletics,Milwaukee Brewers,4,3,Las Vegas Ballpark,Clear,102,Final
2026-06-11,10:38,Los Angeles Angels,Houston Astros,3,2,Angel Stadium,Clear,75,Final
2026-06-12,02:10,New York Mets,St. Louis Cardinals,5,4,Citi Field,Partly Cloudy,91,Final
2026-06-12,02:10,Detroit Tigers,Minnesota Twins,11,0,Comerica Park,Partly Cloudy,82,Final
2026-06-12,02:10,Miami Marlins,Arizona Diamondbacks,2,0,loanDepot park,Roof Closed,72,Final
2026-06-12,03:10,Kansas City Royals,Texas Rangers,2,4,Kauffman Stadium,Partly Cloudy,84,Final
2026-06-12,04:10,Colorado Rockies,Chicago Cubs,3,9,Coors Field,Sunny,73,Final
2026-06-12,07:40,Pittsburgh Pirates,Los Angeles Dodgers,6,8,PNC Park,Overcast,72,Final
2026-06-12,08:05,Baltimore Orioles,Seattle Mariners,7,5,Oriole Park at Camden Yards,Cloudy,94,Final
2026-06-12,08:40,Chicago White Sox,Atlanta Braves,0,0,Rate Field,N/A,N/A,Final
2026-06-13,07:40,Pittsburgh Pirates,Miami Marlins,3,8,PNC Park,Partly Cloudy,81,Final
2026-06-13,07:45,Washington Nationals,Seattle Mariners,2,10,Nationals Park,Cloudy,81,Final
2026-06-13,08:05,Baltimore Orioles,San Diego Padres,7,3,Oriole Park at Camden Yards,Partly Cloudy,89,Final
2026-06-13,08:10,Cleveland Guardians,Detroit Tigers,3,2,Progressive Field,Clear,76,Final
2026-06-13,08:10,Boston Red Sox,Texas Rangers,10,1,Fenway Park,Partly Cloudy,82,Final
2026-06-13,08:15,Cincinnati Reds,Arizona Diamondbacks,2,5,Great American Ball Park,Clear,80,Final
2026-06-13,08:15,New York Mets,Atlanta Braves,7,5,Citi Field,Partly Cloudy,76,Final
2026-06-13,08:37,Toronto Blue Jays,New York Yankees,8,5,Rogers Centre,Clear,77,Final
2026-06-13,08:40,Chicago White Sox,Los Angeles Dodgers,8,2,Rate Field,Partly Cloudy,79,Final
2026-06-13,08:40,Milwaukee Brewers,Philadelphia Phillies,6,0,American Family Field,Partly Cloudy,79,Final
2026-06-13,09:10,Kansas City Royals,Houston Astros,8,10,Kauffman Stadium,Partly Cloudy,83,Final
2026-06-13,09:10,Minnesota Twins,St. Louis Cardinals,9,8,Target Field,Partly Cloudy,79,Final
2026-06-13,10:38,Los Angeles Angels,Tampa Bay Rays,4,3,Angel Stadium,Clear,80,Final
2026-06-13,11:05,Athletics,Colorado Rockies,6,4,Las Vegas Ballpark,Clear,103,Final
2026-06-13,11:15,San Francisco Giants,Chicago Cubs,1,5,Oracle Park,Clear,62,Final
2026-06-14,03:10,Minnesota Twins,St. Louis Cardinals,6,9,Target Field,Sunny,71,Final
2026-06-14,04:07,Toronto Blue Jays,New York Yankees,1,3,Rogers Centre,Sunny,71,Final
2026-06-14,05:05,Baltimore Orioles,San Diego Padres,3,9,Oriole Park at Camden Yards,Cloudy,86,Final
2026-06-14,05:05,Washington Nationals,Seattle Mariners,8,3,Nationals Park,Partly Cloudy,88,Final
2026-06-14,05:05,Pittsburgh Pirates,Miami Marlins,3,2,PNC Park,Sunny,86,Final
2026-06-14,05:10,Cincinnati Reds,Arizona Diamondbacks,2,1,Great American Ball Park,Partly Cloudy,85,Final
2026-06-14,05:10,Cleveland Guardians,Detroit Tigers,3,1,Progressive Field,Partly Cloudy,82,Final
2026-06-14,05:10,Boston Red Sox,Texas Rangers,6,3,Fenway Park,Partly Cloudy,87,Final
2026-06-14,05:10,New York Mets,Atlanta Braves,1,3,Citi Field,Sunny,88,Final
2026-06-14,05:10,Chicago White Sox,Los Angeles Dodgers,1,7,Rate Field,Partly Cloudy,86,Final
2026-06-14,08:10,Kansas City Royals,Houston Astros,7,8,Kauffman Stadium,Partly Cloudy,84,Final
2026-06-14,08:10,Milwaukee Brewers,Philadelphia Phillies,8,9,American Family Field,Partly Cloudy,82,Final
2026-06-14,11:05,Athletics,Colorado Rockies,7,5,Las Vegas Ballpark,Clear,102,Final
2026-06-14,11:05,San Francisco Giants,Chicago Cubs,1,6,Oracle Park,Clear,62,Final
2026-06-14,11:07,Los Angeles Angels,Tampa Bay Rays,8,0,Angel Stadium,Clear,76,Final
2026-06-15,01:15,Pittsburgh Pirates,Miami Marlins,2,4,PNC Park,Overcast,75,Final
2026-06-15,02:35,Baltimore Orioles,San Diego Padres,2,5,Oriole Park at Camden Yards,Partly Cloudy,87,Final
2026-06-15,02:35,Washington Nationals,Seattle Mariners,10,1,Nationals Park,Partly Cloudy,90,Final
2026-06-15,02:37,Toronto Blue Jays,New York Yankees,3,8,Rogers Centre,Roof Closed,68,Final
2026-06-15,02:40,Cincinnati Reds,Arizona Diamondbacks,3,5,Great American Ball Park,Cloudy,79,Final
2026-06-15,02:40,New York Mets,Atlanta Braves,8,1,Citi Field,Partly Cloudy,87,Final
2026-06-15,03:10,Kansas City Royals,Houston Astros,4,0,Kauffman Stadium,Sunny,74,Final
2026-06-15,03:10,Minnesota Twins,St. Louis Cardinals,5,4,Target Field,Partly Cloudy,67,Final
2026-06-15,03:10,Chicago White Sox,Los Angeles Dodgers,6,4,Rate Field,Cloudy,69,Final
2026-06-15,03:10,Milwaukee Brewers,Philadelphia Phillies,4,0,American Family Field,Overcast,64,Final
2026-06-15,04:05,Athletics,Colorado Rockies,9,23,Las Vegas Ballpark,Sunny,101,Final
2026-06-15,04:10,San Francisco Giants,Chicago Cubs,5,1,Oracle Park,Sunny,67,Final
2026-06-15,05:07,Los Angeles Angels,Tampa Bay Rays,3,8,Angel Stadium,Sunny,81,Final
2026-06-15,08:20,Boston Red Sox,Texas Rangers,4,6,Fenway Park,Overcast,81,Final
2026-06-15,02:40,Cleveland Guardians,Detroit Tigers,0,0,Progressive Field,N/A,N/A,Final
2026-06-16,07:40,Philadelphia Phillies,Miami Marlins,7,0,Citizens Bank Park,Partly Cloudy,75,Final
2026-06-16,07:45,Washington Nationals,Kansas City Royals,7,3,Nationals Park,Partly Cloudy,76,Final
2026-06-16,08:10,Cincinnati Reds,New York Mets,12,0,Great American Ball Park,Partly Cloudy,74,Final
2026-06-16,08:45,St. Louis Cardinals,San Diego Padres,3,0,Busch Stadium,Clear,76,Final
2026-06-16,09:05,Chicago Cubs,Colorado Rockies,5,4,Wrigley Field,Partly Cloudy,76,Final
2026-06-16,09:05,Texas Rangers,Minnesota Twins,2,4,Globe Life Field,Roof Closed,74,Final
2026-06-16,09:10,Houston Astros,Detroit Tigers,3,9,Daikin Park,Roof Closed,73,Final
2026-06-16,10:40,Arizona Diamondbacks,Los Angeles Angels,4,3,Chase Field,Roof Closed,78,Final
2026-06-16,10:40,Athletics,Pittsburgh Pirates,11,2,Sutter Health Park,Clear,86,Final
2026-06-16,11:10,Los Angeles Dodgers,Tampa Bay Rays,4,3,UNIQLO Field at Dodger Stadium,Partly Cloudy,71,Final
2026-06-17,07:40,Philadelphia Phillies,Miami Marlins,8,2,Citizens Bank Park,Clear,78,Final
2026-06-17,07:45,Washington Nationals,Kansas City Royals,6,4,Nationals Park,Clear,78,Final
2026-06-17,07:45,Boston Red Sox,Toronto Blue Jays,1,6,Fenway Park,Partly Cloudy,77,Final
2026-06-17,08:05,New York Yankees,Chicago White Sox,12,2,Yankee Stadium,Clear,72,Final
2026-06-17,08:10,Cincinnati Reds,New York Mets,5,3,Great American Ball Park,Cloudy,74,Final
2026-06-17,08:15,Atlanta Braves,San Francisco Giants,2,7,Truist Park,Rain,69,Final
2026-06-17,08:40,Milwaukee Brewers,Cleveland Guardians,2,1,American Family Field,Roof Closed,74,Final
2026-06-17,08:45,St. Louis Cardinals,San Diego Padres,3,2,Busch Stadium,Partly Cloudy,77,Final
2026-06-17,09:05,Chicago Cubs,Colorado Rockies,2,5,Wrigley Field,Partly Cloudy,71,Final
2026-06-17,09:05,Texas Rangers,Minnesota Twins,2,12,Globe Life Field,Roof Closed,74,Final
2026-06-17,09:10,Houston Astros,Detroit Tigers,4,2,Daikin Park,Roof Closed,73,Final
2026-06-17,10:40,Arizona Diamondbacks,Los Angeles Angels,0,7,Chase Field,Roof Closed,77,Final
2026-06-17,10:40,Athletics,Pittsburgh Pirates,5,6,Sutter Health Park,Clear,85,Final
2026-06-17,10:40,Seattle Mariners,Baltimore Orioles,3,1,T-Mobile Park,Partly Cloudy,71,Final
2026-06-17,11:10,Los Angeles Dodgers,Tampa Bay Rays,1,0,UNIQLO Field at Dodger Stadium,Partly Cloudy,70,Final
2026-06-18,01:40,Cincinnati Reds,New York Mets,1,9,Great American Ball Park,Partly Cloudy,78,Final
2026-06-18,02:05,Washington Nationals,Kansas City Royals,2,6,Nationals Park,Partly Cloudy,84,Final
2026-06-18,02:05,Philadelphia Phillies,Miami Marlins,4,12,Citizens Bank Park,Partly Cloudy,81,Final
2026-06-18,03:00,Atlanta Braves,San Francisco Giants,2,7,Truist Park,Rain,69,Final
2026-06-18,03:10,Houston Astros,Detroit Tigers,4,2,Daikin Park,Roof Closed,73,Final
2026-06-18,03:15,St. Louis Cardinals,San Diego Padres,1,6,Busch Stadium,Cloudy,85,Final
2026-06-18,04:10,Los Angeles Dodgers,Tampa Bay Rays,5,4,UNIQLO Field at Dodger Stadium,Sunny,78,Final
2026-06-18,04:40,Arizona Diamondbacks,Los Angeles Angels,8,1,Chase Field,Roof Closed,77,Final
2026-06-18,07:45,Boston Red Sox,Toronto Blue Jays,0,3,Fenway Park,Clear,76,Final
2026-06-18,08:05,New York Yankees,Chicago White Sox,10,5,Yankee Stadium,Partly Cloudy,72,Final
2026-06-18,08:15,Atlanta Braves,San Francisco Giants,5,7,Truist Park,Partly Cloudy,82,Final
2026-06-18,08:40,Milwaukee Brewers,Cleveland Guardians,9,4,American Family Field,Roof Closed,69,Final
2026-06-18,09:05,Chicago Cubs,Colorado Rockies,8,6,Wrigley Field,Overcast,70,Final
2026-06-18,10:40,Athletics,Pittsburgh Pirates,4,12,Sutter Health Park,Partly Cloudy,82,Final
2026-06-18,10:40,Seattle Mariners,Baltimore Orioles,3,5,T-Mobile Park,Clear,73,Final
2026-06-19,02:35,Boston Red Sox,Toronto Blue Jays,3,4,Fenway Park,Overcast,77,Final
2026-06-19,03:10,Milwaukee Brewers,Cleveland Guardians,2,4,American Family Field,Partly Cloudy,70,Final
2026-06-19,03:35,Texas Rangers,Minnesota Twins,3,9,Globe Life Field,Roof Closed,74,Final
2026-06-19,05:10,Seattle Mariners,Baltimore Orioles,3,0,T-Mobile Park,Sunny,72,Final
2026-06-19,07:40,Philadelphia Phillies,New York Mets,4,6,Citizens Bank Park,Partly Cloudy,89,Final
2026-06-19,08:05,New York Yankees,Chicago White Sox,1,5,Yankee Stadium,Partly Cloudy,86,Final
2026-06-19,08:40,Kansas City Royals,St. Louis Cardinals,14,6,Kauffman Stadium,Partly Cloudy,76,Final
2026-06-19,10:40,Athletics,Los Angeles Angels,5,0,Sutter Health Park,Clear,75,Final
2026-06-19,08:15,Atlanta Braves,San Francisco Giants,0,0,Truist Park,N/A,N/A,Final
2026-06-20,03:20,Chicago Cubs,Toronto Blue Jays,16,2,Wrigley Field,Sunny,71,Final
2026-06-20,07:40,Detroit Tigers,Chicago White Sox,4,3,Comerica Park,Clear,75,Final
2026-06-20,08:05,New York Yankees,Cincinnati Reds,5,0,Yankee Stadium,Partly Cloudy,77,Final
2026-06-20,08:10,Tampa Bay Rays,Washington Nationals,5,2,Tropicana Field,Dome,72,Final
2026-06-20,08:10,Miami Marlins,San Francisco Giants,4,3,loanDepot park,Roof Closed,72,Final
2026-06-20,08:15,Atlanta Braves,Milwaukee Brewers,3,2,Truist Park,Partly Cloudy,83,Final
2026-06-20,09:05,Texas Rangers,San Diego Padres,9,7,Globe Life Field,Roof Closed,74,Final
2026-06-20,09:10,Houston Astros,Cleveland Guardians,9,3,Daikin Park,Roof Closed,73,Final
2026-06-20,09:15,Kansas City Royals,St. Louis Cardinals,6,5,Kauffman Stadium,Cloudy,80,Final
2026-06-20,09:40,Colorado Rockies,Pittsburgh Pirates,4,3,Coors Field,Partly Cloudy,81,Final
2026-06-20,10:40,Athletics,Los Angeles Angels,12,11,Sutter Health Park,Clear,77,Final
2026-06-20,10:45,Arizona Diamondbacks,Minnesota Twins,9,5,Chase Field,Roof Closed,77,Final
2026-06-20,11:10,Los Angeles Dodgers,Baltimore Orioles,6,5,UNIQLO Field at Dodger Stadium,Clear,69,Final
2026-06-20,11:10,Seattle Mariners,Boston Red Sox,2,6,T-Mobile Park,Clear,80,Final
2026-06-21,02:10,Detroit Tigers,Chicago White Sox,4,1,Comerica Park,Partly Cloudy,74,Final
2026-06-21,02:35,New York Yankees,Cincinnati Reds,2,10,Yankee Stadium,Partly Cloudy,79,Final
2026-06-21,03:20,Chicago Cubs,Toronto Blue Jays,6,8,Wrigley Field,Partly Cloudy,71,Final
2026-06-21,05:05,Texas Rangers,San Diego Padres,4,6,Globe Life Field,Roof Closed,74,Final
2026-06-21,05:10,Tampa Bay Rays,Washington Nationals,3,4,Tropicana Field,Dome,72,Final
2026-06-21,05:10,Miami Marlins,San Francisco Giants,6,3,loanDepot park,Roof Closed,72,Final
2026-06-21,05:10,Atlanta Braves,Milwaukee Brewers,4,3,Truist Park,Cloudy,82,Final
2026-06-21,08:15,Houston Astros,Cleveland Guardians,1,8,Daikin Park,Roof Closed,73,Final
2026-06-21,08:15,Philadelphia Phillies,New York Mets,15,3,Citizens Bank Park,Partly Cloudy,80,Final
2026-06-21,10:10,Colorado Rockies,Pittsburgh Pirates,2,1,Coors Field,Clear,85,Final
2026-06-21,11:05,Athletics,Los Angeles Angels,0,7,Sutter Health Park,Clear,79,Final
2026-06-21,11:10,Los Angeles Dodgers,Baltimore Orioles,2,3,UNIQLO Field at Dodger Stadium,Clear,67,Final
2026-06-21,11:10,Seattle Mariners,Boston Red Sox,1,5,T-Mobile Park,Clear,70,Final
2026-06-21,11:10,Arizona Diamondbacks,Minnesota Twins,8,16,Chase Field,Roof Closed,75,Final
2026-06-22,02:35,New York Yankees,Cincinnati Reds,1,4,Yankee Stadium,Partly Cloudy,79,Final
2026-06-22,02:35,Atlanta Braves,Milwaukee Brewers,4,9,Truist Park,Partly Cloudy,77,Final
2026-06-22,02:40,Tampa Bay Rays,Washington Nationals,4,3,Tropicana Field,Dome,72,Final
2026-06-22,02:40,Detroit Tigers,Chicago White Sox,5,4,Comerica Park,Cloudy,74,Final
2026-06-22,02:40,Miami Marlins,San Francisco Giants,2,1,loanDepot park,Roof Closed,72,Final
2026-06-22,03:10,Houston Astros,Cleveland Guardians,2,1,Daikin Park,Roof Closed,73,Final
2026-06-22,03:10,Kansas City Royals,St. Louis Cardinals,10,12,Kauffman Stadium,Partly Cloudy,77,Final
2026-06-22,03:35,Texas Rangers,San Diego Padres,4,3,Globe Life Field,Roof Closed,74,Final
2026-06-22,04:10,Colorado Rockies,Pittsburgh Pirates,6,8,Coors Field,Partly Cloudy,88,Final
2026-06-22,04:15,Arizona Diamondbacks,Minnesota Twins,2,4,Chase Field,Roof Closed,74,Final
2026-06-22,05:05,Athletics,Los Angeles Angels,7,9,Sutter Health Park,Sunny,83,Final
2026-06-22,05:10,Los Angeles Dodgers,Baltimore Orioles,1,12,UNIQLO Field at Dodger Stadium,Sunny,74,Final
2026-06-22,05:10,Seattle Mariners,Boston Red Sox,3,1,T-Mobile Park,Sunny,70,Final
2026-06-22,08:20,Philadelphia Phillies,New York Mets,6,2,Citizens Bank Park,Partly Cloudy,83,Final
2026-06-22,03:20,Chicago Cubs,Toronto Blue Jays,0,0,Wrigley Field,N/A,N/A,Final
2026-06-23,07:10,Detroit Tigers,New York Yankees,5,3,Comerica Park,Partly Cloudy,75,Final
2026-06-23,07:40,Tampa Bay Rays,Kansas City Royals,1,2,Tropicana Field,Dome,72,Final
2026-06-23,07:40,Miami Marlins,Texas Rangers,3,4,loanDepot park,Roof Closed,72,Final
2026-06-23,07:45,Washington Nationals,Philadelphia Phillies,4,1,Nationals Park,Cloudy,73,Final
2026-06-23,08:07,Toronto Blue Jays,Houston Astros,4,2,Rogers Centre,Partly Cloudy,61,Final
2026-06-23,08:10,Cincinnati Reds,Milwaukee Brewers,1,2,Great American Ball Park,Partly Cloudy,70,Final
2026-06-23,08:40,Minnesota Twins,Los Angeles Dodgers,1,2,Target Field,Partly Cloudy,77,Final
2026-06-23,08:40,Chicago White Sox,Cleveland Guardians,6,5,Rate Field,Clear,68,Final
2026-06-23,08:45,St. Louis Cardinals,Arizona Diamondbacks,3,2,Busch Stadium,Cloudy,71,Final
2026-06-23,09:40,Colorado Rockies,Boston Red Sox,3,2,Coors Field,Partly Cloudy,89,Final
2026-06-23,10:38,Los Angeles Angels,Baltimore Orioles,1,6,Angel Stadium,Clear,74,Final
2026-06-23,11:10,San Diego Padres,Atlanta Braves,1,0,Petco Park,Clear,69,Final
2026-06-23,08:10,New York Mets,Chicago Cubs,0,0,Citi Field,Sunny,81,Final
2026-06-24,05:07,Toronto Blue Jays,Houston Astros,7,9,Rogers Centre,Partly Cloudy,76,Final
2026-06-24,07:40,Pittsburgh Pirates,Seattle Mariners,2,3,PNC Park,Clear,73,Final
2026-06-24,07:40,Tampa Bay Rays,Kansas City Royals,5,12,Tropicana Field,Dome,72,Final
2026-06-24,07:40,Miami Marlins,Texas Rangers,6,4,loanDepot park,Roof Closed,72,Final
2026-06-24,07:40,Detroit Tigers,New York Yankees,3,4,Comerica Park,Partly Cloudy,74,Final
2026-06-24,07:45,Washington Nationals,Philadelphia Phillies,9,14,Nationals Park,Partly Cloudy,74,Final
2026-06-24,08:10,New York Mets,Chicago Cubs,6,9,Citi Field,Cloudy,68,Final
2026-06-24,08:10,Cincinnati Reds,Milwaukee Brewers,0,2,Great American Ball Park,Partly Cloudy,77,Final
2026-06-24,08:40,Minnesota Twins,Los Angeles Dodgers,3,12,Target Field,Overcast,68,Final
2026-06-24,08:40,Chicago White Sox,Cleveland Guardians,2,1,Rate Field,Clear,72,Final
2026-06-24,08:45,St. Louis Cardinals,Arizona Diamondbacks,3,4,Busch Stadium,Partly Cloudy,79,Final
2026-06-24,09:40,Colorado Rockies,Boston Red Sox,2,5,Coors Field,Partly Cloudy,81,Final
2026-06-24,10:38,Los Angeles Angels,Baltimore Orioles,5,1,Angel Stadium,Partly Cloudy,73,Final
2026-06-24,10:40,San Diego Padres,Atlanta Braves,7,6,Petco Park,Partly Cloudy,70,Final
2026-06-24,10:45,San Francisco Giants,Athletics,3,1,Oracle Park,Clear,60,Final
2026-06-25,01:10,Miami Marlins,Texas Rangers,4,2,loanDepot park,Roof Closed,72,Final
2026-06-25,02:10,New York Mets,Chicago Cubs,3,10,Citi Field,Sunny,81,Final
2026-06-25,08:10,New York Mets,Chicago Cubs,5,10,Citi Field,Clear,81,Final
2026-06-25,03:10,Chicago White Sox,Cleveland Guardians,3,4,Rate Field,Overcast,65,Final
2026-06-25,04:10,Colorado Rockies,Boston Red Sox,8,6,Coors Field,Sunny,76,Final
2026-06-25,05:07,Los Angeles Angels,Baltimore Orioles,7,6,Angel Stadium,Sunny,81,Final
2026-06-25,07:40,Pittsburgh Pirates,Seattle Mariners,11,1,PNC Park,Clear,78,Final
2026-06-25,07:40,Tampa Bay Rays,Kansas City Royals,5,3,Tropicana Field,Dome,72,Final
2026-06-25,07:40,Detroit Tigers,New York Yankees,2,4,Comerica Park,Partly Cloudy,74,Final
2026-06-25,07:45,Washington Nationals,Philadelphia Phillies,4,5,Nationals Park,Clear,83,Final
2026-06-25,08:07,Toronto Blue Jays,Houston Astros,1,3,Rogers Centre,Cloudy,60,Final
2026-06-25,08:10,Cincinnati Reds,Milwaukee Brewers,5,6,Great American Ball Park,Partly Cloudy,79,Final
2026-06-25,08:40,Minnesota Twins,Los Angeles Dodgers,3,4,Target Field,Partly Cloudy,74,Final
2026-06-25,08:45,St. Louis Cardinals,Arizona Diamondbacks,4,9,Busch Stadium,Cloudy,80,Final
2026-06-25,09:40,San Diego Padres,Atlanta Braves,5,2,Petco Park,Partly Cloudy,71,Final
2026-06-25,10:45,San Francisco Giants,Athletics,2,1,Oracle Park,Cloudy,59,Final
2026-06-26,01:10,Tampa Bay Rays,Kansas City Royals,13,2,Tropicana Field,Dome,72,Final
2026-06-26,01:35,Pittsburgh Pirates,Seattle Mariners,5,1,PNC Park,Overcast,75,Final
2026-06-26,04:45,San Francisco Giants,Athletics,6,9,Oracle Park,Partly Cloudy,64,Final
2026-06-26,07:40,Detroit Tigers,Houston Astros,1,2,Comerica Park,Partly Cloudy,77,Final
2026-06-26,07:45,Washington Nationals,Philadelphia Phillies,5,10,Nationals Park,Partly Cloudy,86,Final
2026-06-26,08:07,Toronto Blue Jays,Texas Rangers,5,6,Rogers Centre,Cloudy,62,Final
2026-06-26,08:10,New York Mets,Chicago Cubs,3,4,Citi Field,Partly Cloudy,76,Final
2026-06-26,08:10,Boston Red Sox,New York Yankees,6,3,Fenway Park,Partly Cloudy,85,Final
2026-06-26,08:45,St. Louis Cardinals,Arizona Diamondbacks,0,0,Busch Stadium,N/A,N/A,Final
2026-06-27,07:40,Detroit Tigers,Houston Astros,8,0,Comerica Park,Partly Cloudy,73,Final
2026-06-27,07:40,Pittsburgh Pirates,Cincinnati Reds,4,6,PNC Park,Partly Cloudy,73,Final
2026-06-27,08:05,Baltimore Orioles,Washington Nationals,3,1,Oriole Park at Camden Yards,Cloudy,83,Final
2026-06-27,08:07,Toronto Blue Jays,Texas Rangers,4,5,Rogers Centre,Partly Cloudy,68,Final
2026-06-27,08:10,Cleveland Guardians,Seattle Mariners,1,3,Progressive Field,Partly Cloudy,70,Final
2026-06-27,08:10,Tampa Bay Rays,Arizona Diamondbacks,6,1,Tropicana Field,Dome,72,Final
2026-06-27,08:10,New York Mets,Philadelphia Phillies,1,2,Citi Field,Partly Cloudy,81,Final
2026-06-27,08:10,Boston Red Sox,New York Yankees,6,1,Fenway Park,Partly Cloudy,78,Final
2026-06-27,08:40,Chicago White Sox,Kansas City Royals,22,1,Rate Field,Cloudy,66,Final
2026-06-27,08:45,Milwaukee Brewers,Chicago Cubs,6,2,American Family Field,Roof Closed,71,Final
2026-06-27,09:10,Minnesota Twins,Colorado Rockies,9,8,Target Field,Partly Cloudy,78,Final
2026-06-27,09:15,St. Louis Cardinals,Miami Marlins,0,4,Busch Stadium,Overcast,77,Final
2026-06-27,10:38,Los Angeles Angels,Athletics,3,9,Angel Stadium,Clear,72,Final
2026-06-27,10:45,San Diego Padres,Los Angeles Dodgers,7,1,Petco Park,Partly Cloudy,70,Final
2026-06-27,11:15,San Francisco Giants,Atlanta Braves,1,3,Oracle Park,Overcast,62,Final
2026-06-28,02:10,Detroit Tigers,Houston Astros,6,8,Comerica Park,Partly Cloudy,77,Final
2026-06-28,02:10,Boston Red Sox,New York Yankees,4,1,Fenway Park,Sunny,75,Final
2026-06-28,04:07,Toronto Blue Jays,Texas Rangers,4,7,Rogers Centre,Sunny,73,Final
2026-06-28,05:05,Pittsburgh Pirates,Cincinnati Reds,7,9,PNC Park,Overcast,73,Final
2026-06-28,05:10,New York Mets,Philadelphia Phillies,6,2,Citi Field,Drizzle,73,Final
2026-06-28,05:10,Chicago White Sox,Kansas City Royals,2,1,Rate Field,Sunny,74,Final
2026-06-28,07:10,Tampa Bay Rays,Arizona Diamondbacks,4,2,Tropicana Field,Dome,72,Final
2026-06-28,08:05,Baltimore Orioles,Washington Nationals,3,4,Oriole Park at Camden Yards,Overcast,75,Final
2026-06-28,08:10,Cleveland Guardians,Seattle Mariners,4,3,Progressive Field,Cloudy,75,Final
2026-06-28,08:10,Minnesota Twins,Colorado Rockies,5,8,Target Field,Partly Cloudy,83,Final
2026-06-28,08:10,Milwaukee Brewers,Chicago Cubs,2,8,American Family Field,Clear,72,Final
2026-06-28,08:15,St. Louis Cardinals,Miami Marlins,1,5,Busch Stadium,Cloudy,83,Final
2026-06-28,09:40,San Diego Padres,Los Angeles Dodgers,3,15,Petco Park,Partly Cloudy,69,Final
2026-06-28,10:05,San Francisco Giants,Atlanta Braves,5,0,Oracle Park,Clear,63,Final
2026-06-28,10:38,Los Angeles Angels,Athletics,5,2,Angel Stadium,Clear,73,Final
2026-06-29,02:35,Baltimore Orioles,Washington Nationals,4,6,Oriole Park at Camden Yards,Partly Cloudy,76,Final
2026-06-29,02:35,Pittsburgh Pirates,Cincinnati Reds,9,4,PNC Park,Partly Cloudy,77,Final
2026-06-29,02:37,Toronto Blue Jays,Texas Rangers,2,3,Rogers Centre,Sunny,74,Final
2026-06-29,02:40,Detroit Tigers,Houston Astros,5,7,Comerica Park,Sunny,82,Final
2026-06-29,02:40,Cleveland Guardians,Seattle Mariners,6,5,Progressive Field,Partly Cloudy,79,Final
2026-06-29,02:40,Tampa Bay Rays,Arizona Diamondbacks,5,1,Tropicana Field,Dome,72,Final
2026-06-29,02:40,New York Mets,Philadelphia Phillies,4,5,Citi Field,Partly Cloudy,82,Final
2026-06-29,03:10,Minnesota Twins,Colorado Rockies,3,2,Target Field,Overcast,74,Final
2026-06-29,03:10,Chicago White Sox,Kansas City Royals,4,5,Rate Field,Partly Cloudy,79,Final
2026-06-29,03:10,Milwaukee Brewers,Chicago Cubs,3,4,American Family Field,Overcast,76,Final
2026-06-29,03:15,St. Louis Cardinals,Miami Marlins,2,1,Busch Stadium,Sunny,92,Final
2026-06-29,04:15,Los Angeles Angels,Athletics,4,1,Angel Stadium,Partly Cloudy,72,Final
2026-06-29,05:05,San Francisco Giants,Atlanta Braves,3,2,Oracle Park,Sunny,69,Final
2026-06-29,05:10,San Diego Padres,Los Angeles Dodgers,2,4,Petco Park,Partly Cloudy,70,Live
2026-06-29,08:20,Boston Red Sox,New York Yankees,0,0,Fenway Park,Partly Cloudy,76,Preview
2026-06-30,07:35,Baltimore Orioles,Chicago White Sox,0,0,Oriole Park at Camden Yards,N/A,N/A,Preview
2026-06-30,07:40,Philadelphia Phillies,Pittsburgh Pirates,0,0,Citizens Bank Park,N/A,N/A,Preview
2026-06-30,08:05,New York Yankees,Detroit Tigers,0,0,Yankee Stadium,N/A,N/A,Preview
2026-06-30,08:07,Toronto Blue Jays,New York Mets,0,0,Rogers Centre,N/A,N/A,Preview
2026-06-30,08:10,Boston Red Sox,Washington Nationals,0,0,Fenway Park,N/A,N/A,Preview
2026-06-30,08:10,Cleveland Guardians,Texas Rangers,0,0,Progressive Field,N/A,N/A,Preview
2026-06-30,08:40,Milwaukee Brewers,Cincinnati Reds,0,0,American Family Field,N/A,N/A,Preview
2026-06-30,09:05,Chicago Cubs,San Diego Padres,0,0,Wrigley Field,N/A,N/A,Preview
2026-06-30,09:10,Houston Astros,Minnesota Twins,0,0,Daikin Park,N/A,N/A,Preview
2026-06-30,09:40,Colorado Rockies,Miami Marlins,0,0,Coors Field,N/A,N/A,Preview
2026-06-30,10:40,Athletics,Los Angeles Dodgers,0,0,Sutter Health Park,N/A,N/A,Preview
2026-06-30,10:40,Seattle Mariners,Los Angeles Angels,0,0,T-Mobile Park,N/A,N/A,Preview
2026-06-30,10:40,Arizona Diamondbacks,San Francisco Giants,0,0,Chase Field,N/A,N/A,Preview
